step,t,true_n,true_e,true_d,est_n,est_e,est_d,vx,vy,vz,attw,attx,atty,attz,omg_p,omg_q,omg_r,cmd0,cmd1,cmd2,cmd3,accelx,accely,accelz,gyrox,gyroy,gyroz
1,0.0040,0.0000,-0.0000,-4.9999,0.0000,0.0000,-3.3334,0.0000,-0.0000,0.0357,0.7071,0.7071,0.0000,0.0000,0.0000,0.0000,-0.0000,0.5669,0.5669,0.5669,0.5669,0.0000,0.0000,-9.8100,0.0000,0.0000,0.0000
2,0.0080,0.0000,-0.0000,-4.9996,0.0000,0.0000,-4.0000,0.0000,-0.0000,0.0682,0.7071,0.7071,0.0000,0.0000,0.0000,0.0000,-0.0000,0.5421,0.5421,0.5421,0.5421,0.0000,-0.0000,-0.8898,0.0000,0.0000,0.0000
3,0.0120,0.0000,-0.0000,-4.9992,0.0000,0.0000,-4.2856,0.0000,-0.0000,0.0980,0.7071,0.7071,0.0000,0.0000,0.0000,0.0000,-0.0000,0.5328,0.5328,0.5328,0.5328,0.0000,-0.0000,-1.6695,0.0000,0.0000,0.0000
4,0.0160,0.0000,-0.0000,-4.9987,0.0000,0.0000,-4.4441,0.0000,-0.0000,0.1252,0.7071,0.7071,0.0000,0.0000,0.0000,0.0000,-0.0000,0.5285,0.5285,0.5285,0.5285,0.0000,-0.0000,-2.3724,0.0000,0.0000,0.0000
5,0.0200,0.0000,-0.0000,-4.9981,0.0000,0.0000,-4.5447,0.0000,-0.0000,0.1500,0.7071,0.7071,0.0000,0.0000,0.0000,0.0000,-0.0000,0.5264,0.5264,0.5264,0.5264,0.0000,-0.0000,-3.0124,0.0000,0.0000,0.0000
6,0.0240,0.0000,-0.0000,-4.9974,0.0000,0.0000,-4.6142,0.0000,-0.0000,0.1727,0.7071,0.7071,0.0000,0.0000,0.0000,0.0000,-0.0000,0.5255,0.5255,0.5255,0.5255,0.0000,-0.0000,-3.5981,0.0000,0.0000,0.0000
7,0.0280,0.0000,-0.0000,-4.9966,0.0000,0.0000,-4.6649,0.0000,-0.0000,0.1935,0.7071,0.7071,0.0000,0.0000,0.0000,0.0000,-0.0000,0.5251,0.5251,0.5251,0.5251,0.0000,0.0000,-4.1354,0.0000,0.0000,0.0000
8,0.0320,0.0000,-0.0000,-4.9958,0.0000,0.0000,-4.7035,0.0000,-0.0000,0.2124,0.7071,0.7071,0.0000,0.0000,0.0000,0.0000,-0.0000,0.5252,0.5252,0.5252,0.5252,0.0000,0.0000,-4.6293,0.0000,0.0000,0.0000
9,0.0360,0.0000,-0.0000,-4.9949,0.0000,0.0000,-4.7337,0.0000,-0.0000,0.2296,0.7071,0.7071,0.0000,0.0000,0.0000,0.0000,-0.0000,0.5254,0.5254,0.5254,0.5254,0.0000,-0.0000,-5.0838,0.0000,0.0000,0.0000
10,0.0400,0.0000,-0.0000,-4.9939,0.0000,0.0000,-4.7580,0.0000,-0.0000,0.2453,0.7071,0.7071,0.0000,0.0000,0.0000,0.0000,-0.0000,0.5257,0.5257,0.5257,0.5257,0.0000,0.0000,-5.5022,0.0000,0.0000,0.0000
11,0.0440,0.0000,-0.0000,-4.9928,0.0000,0.0000,-4.7778,0.0000,-0.0000,0.2595,0.7071,0.7071,0.0000,0.0000,0.0000,0.0000,-0.0000,0.5261,0.5261,0.5261,0.5261,0.0000,0.0000,-5.8878,0.0000,0.0000,0.0000
12,0.0480,0.0000,-0.0000,-4.9917,0.0000,0.0000,-4.7943,0.0000,-0.0000,0.2725,0.7071,0.7071,0.0000,0.0000,0.0000,0.0000,-0.0000,0.5265,0.5265,0.5265,0.5265,0.0000,-0.0000,-6.2431,0.0000,0.0000,0.0000
13,0.0520,0.0000,-0.0000,-4.9906,0.0000,0.0000,-4.8082,0.0000,-0.0000,0.2843,0.7071,0.7071,0.0000,0.0000,0.0000,0.0000,-0.0000,0.5269,0.5269,0.5269,0.5269,0.0000,-0.0000,-6.5707,0.0000,0.0000,0.0000
14,0.0560,0.0000,-0.0000,-4.9894,0.0000,-0.0000,-4.8199,0.0000,-0.0000,0.2949,0.7071,0.7071,0.0000,0.0000,0.0000,0.0000,-0.0000,0.5274,0.5274,0.5274,0.5274,0.0000,0.0000,-6.8727,0.0000,0.0000,0.0000
15,0.0600,0.0000,-0.0000,-4.9882,0.0000,-0.0000,-4.8300,0.0000,-0.0000,0.3045,0.7071,0.7071,0.0000,0.0000,0.0000,0.0000,-0.0000,0.5278,0.5278,0.5278,0.5278,0.0000,0.0000,-7.1513,0.0000,0.0000,0.0000
16,0.0640,0.0000,-0.0000,-4.9870,0.0000,-0.0000,-4.8387,0.0000,-0.0000,0.3132,0.7071,0.7071,0.0000,0.0000,0.0000,0.0000,-0.0000,0.5281,0.5281,0.5281,0.5281,0.0000,0.0000,-7.4082,0.0000,0.0000,0.0000
17,0.0680,0.0000,-0.0000,-4.9857,0.0000,-0.0000,-4.8462,0.0000,-0.0000,0.3209,0.7071,0.7071,0.0000,0.0000,0.0000,0.0000,-0.0000,0.5285,0.5285,0.5285,0.5285,0.0000,0.0000,-7.6451,0.0000,0.0000,0.0000
18,0.0720,0.0000,-0.0000,-4.9844,0.0000,-0.0000,-4.8527,0.0000,-0.0000,0.3279,0.7071,0.7071,0.0000,0.0000,0.0000,0.0000,-0.0000,0.5288,0.5288,0.5288,0.5288,0.0000,0.0000,-7.8637,0.0000,0.0000,0.0000
19,0.0760,0.0000,-0.0000,-4.9830,0.0000,-0.0000,-4.8585,0.0000,-0.0000,0.3342,0.7071,0.7071,0.0000,0.0000,0.0000,0.0000,-0.0000,0.5291,0.5291,0.5291,0.5291,0.0000,0.0000,-8.0652,0.0000,0.0000,0.0000
20,0.0800,0.0000,-0.0000,-4.9817,0.0000,-0.0000,-4.8635,0.0000,-0.0000,0.3397,0.7071,0.7071,0.0000,0.0000,0.0000,0.0000,-0.0000,0.5294,0.5294,0.5294,0.5294,0.0000,0.0000,-8.2511,0.0000,0.0000,0.0000
21,0.0840,0.0000,-0.0000,-4.9803,0.0000,-0.0000,-4.8679,0.0000,-0.0000,0.3446,0.7071,0.7071,0.0000,0.0000,0.0000,0.0000,-0.0000,0.5296,0.5296,0.5296,0.5296,0.0000,0.0000,-8.4226,0.0000,0.0000,0.0000
22,0.0880,0.0000,-0.0000,-4.9789,0.0000,-0.0000,-4.8718,0.0000,-0.0000,0.3490,0.7071,0.7071,0.0000,0.0000,0.0000,0.0000,-0.0000,0.5298,0.5298,0.5298,0.5298,0.0000,0.0000,-8.5807,0.0000,0.0000,0.0000
23,0.0920,0.0000,-0.0000,-4.9775,0.0000,-0.0000,-4.8753,0.0000,-0.0000,0.3528,0.7071,0.7071,0.0000,0.0000,0.0000,0.0000,-0.0000,0.5300,0.5300,0.5300,0.5300,0.0000,0.0000,-8.7264,0.0000,0.0000,0.0000
24,0.0960,0.0000,-0.0000,-4.9761,0.0000,-0.0000,-4.8783,0.0000,-0.0000,0.3561,0.7071,0.7071,0.0000,0.0000,0.0000,0.0000,-0.0000,0.5301,0.5301,0.5301,0.5301,0.0000,-0.0000,-8.8608,0.0000,0.0000,0.0000
25,0.1000,0.0000,-0.0000,-4.9746,0.0000,-0.0000,-4.8810,0.0000,-0.0000,0.3589,0.7071,0.7071,0.0000,0.0000,0.0000,0.0000,-0.0000,0.5303,0.5303,0.5303,0.5303,0.0000,0.0000,-8.9846,0.0000,0.0000,0.0000
26,0.1040,0.0000,-0.0000,-4.9732,0.0000,-0.0000,-4.8834,0.0000,-0.0000,0.3613,0.7071,0.7071,0.0000,0.0000,0.0000,0.0000,-0.0000,0.5304,0.5304,0.5304,0.5304,0.0000,-0.0000,-9.0988,0.0000,0.0000,0.0000
27,0.1080,0.0000,-0.0000,-4.9717,0.0000,-0.0000,-4.8855,0.0000,-0.0000,0.3634,0.7071,0.7071,0.0000,0.0000,0.0000,0.0000,-0.0000,0.5304,0.5304,0.5304,0.5304,0.0000,0.0000,-9.2039,0.0000,0.0000,0.0000
28,0.1120,0.0000,-0.0000,-4.9703,0.0000,-0.0000,-4.8873,0.0000,-0.0000,0.3650,0.7071,0.7071,0.0000,0.0000,0.0000,0.0000,-0.0000,0.5305,0.5305,0.5305,0.5305,0.0000,0.0000,-9.3008,0.0000,0.0000,0.0000
29,0.1160,0.0000,-0.0000,-4.9688,0.0000,-0.0000,-4.8889,0.0000,-0.0000,0.3664,0.7071,0.7071,0.0000,0.0000,0.0000,0.0000,-0.0000,0.5305,0.5305,0.5305,0.5305,0.0000,-0.0000,-9.3900,0.0000,0.0000,0.0000
30,0.1200,0.0000,-0.0000,-4.9673,0.0000,-0.0000,-4.8903,0.0000,-0.0000,0.3674,0.7071,0.7071,0.0000,0.0000,0.0000,0.0000,-0.0000,0.5306,0.5306,0.5306,0.5306,0.0000,0.0000,-9.4722,0.0000,0.0000,0.0000
31,0.1240,0.0000,-0.0000,-4.9659,0.0000,-0.0000,-4.8916,0.0000,-0.0000,0.3682,0.7071,0.7071,0.0000,0.0000,0.0000,0.0000,-0.0000,0.5306,0.5306,0.5306,0.5306,0.0000,0.0000,-9.5478,0.0000,0.0000,0.0000
32,0.1280,0.0000,-0.0000,-4.9644,0.0000,-0.0000,-4.8926,0.0000,-0.0000,0.3687,0.7071,0.7071,0.0000,0.0000,0.0000,0.0000,-0.0000,0.5306,0.5306,0.5306,0.5306,0.0000,0.0000,-9.6173,0.0000,0.0000,0.0000
33,0.1320,0.0000,-0.0000,-4.9629,0.0000,-0.0000,-4.8936,0.0000,-0.0000,0.3690,0.7071,0.7071,0.0000,0.0000,0.0000,0.0000,-0.0000,0.5306,0.5306,0.5306,0.5306,0.0000,0.0000,-9.6813,0.0000,0.0000,0.0000
34,0.1360,0.0000,-0.0000,-4.9614,0.0000,-0.0000,-4.8944,0.0000,-0.0000,0.3691,0.7071,0.7071,0.0000,0.0000,0.0000,0.0000,-0.0000,0.5305,0.5305,0.5305,0.5305,0.0000,0.0000,-9.7401,0.0000,0.0000,0.0000
35,0.1400,0.0000,-0.0000,-4.9600,0.0000,-0.0000,-4.8950,0.0000,-0.0000,0.3689,0.7071,0.7071,0.0000,0.0000,0.0000,0.0000,-0.0000,0.5305,0.5305,0.5305,0.5305,0.0000,0.0000,-9.7942,0.0000,0.0000,0.0000
36,0.1440,0.0000,-0.0000,-4.9585,0.0000,-0.0000,-4.8956,0.0000,-0.0000,0.3686,0.7071,0.7071,0.0000,0.0000,0.0000,0.0000,-0.0000,0.5304,0.5304,0.5304,0.5304,0.0000,0.0000,-9.8438,0.0000,0.0000,0.0000
37,0.1480,0.0000,-0.0000,-4.9570,0.0000,-0.0000,-4.8960,0.0000,-0.0000,0.3681,0.7071,0.7071,0.0000,0.0000,0.0000,0.0000,-0.0000,0.5304,0.5304,0.5304,0.5304,0.0000,0.0000,-9.8894,0.0000,0.0000,0.0000
38,0.1520,0.0000,-0.0000,-4.9555,0.0000,-0.0000,-4.8964,0.0000,-0.0000,0.3675,0.7071,0.7071,0.0000,0.0000,0.0000,0.0000,-0.0000,0.5303,0.5303,0.5303,0.5303,0.0000,0.0000,-9.9312,0.0000,0.0000,0.0000
39,0.1560,0.0000,-0.0000,-4.9541,0.0000,-0.0000,-4.8967,0.0000,-0.0000,0.3667,0.7071,0.7071,0.0000,0.0000,0.0000,0.0000,-0.0000,0.5302,0.5302,0.5302,0.5302,0.0000,0.0000,-9.9696,0.0000,0.0000,0.0000
40,0.1600,0.0000,-0.0000,-4.9526,0.0000,-0.0000,-4.8969,0.0000,-0.0000,0.3658,0.7071,0.7071,0.0000,0.0000,0.0000,0.0000,-0.0000,0.5301,0.5301,0.5301,0.5301,0.0000,0.0000,-10.0048,0.0000,0.0000,0.0000
41,0.1640,0.0000,-0.0000,-4.9512,0.0000,-0.0000,-4.8970,0.0000,-0.0000,0.3648,0.7071,0.7071,0.0000,0.0000,0.0000,0.0000,-0.0000,0.5300,0.5300,0.5300,0.5300,0.0000,-0.0000,-10.0369,0.0000,0.0000,0.0000
42,0.1680,0.0000,-0.0000,-4.9497,0.0000,-0.0000,-4.8971,0.0000,-0.0000,0.3636,0.7071,0.7071,0.0000,0.0000,0.0000,0.0000,-0.0000,0.5299,0.5299,0.5299,0.5299,0.0000,-0.0000,-10.0664,0.0000,0.0000,0.0000
43,0.1720,0.0000,-0.0000,-4.9482,0.0000,-0.0000,-4.8971,0.0000,-0.0000,0.3624,0.7071,0.7071,0.0000,0.0000,0.0000,0.0000,-0.0000,0.5298,0.5298,0.5298,0.5298,0.0000,0.0000,-10.0933,0.0000,0.0000,0.0000
44,0.1760,0.0000,-0.0000,-4.9468,0.0000,-0.0000,-4.8970,0.0000,-0.0000,0.3611,0.7071,0.7071,0.0000,0.0000,0.0000,0.0000,-0.0000,0.5297,0.5297,0.5297,0.5297,0.0000,-0.0000,-10.1179,0.0000,0.0000,0.0000
45,0.1800,0.0000,-0.0000,-4.9454,0.0000,-0.0000,-4.8969,0.0000,-0.0000,0.3597,0.7071,0.7071,0.0000,0.0000,0.0000,0.0000,-0.0000,0.5296,0.5296,0.5296,0.5296,0.0000,0.0000,-10.1403,0.0000,0.0000,0.0000
46,0.1840,0.0000,-0.0000,-4.9439,0.0000,-0.0000,-4.8968,0.0000,-0.0000,0.3582,0.7071,0.7071,0.0000,0.0000,0.0000,0.0000,-0.0000,0.5294,0.5294,0.5294,0.5294,0.0000,0.0000,-10.1608,0.0000,0.0000,0.0000
47,0.1880,0.0000,-0.0000,-4.9425,0.0000,-0.0000,-4.8966,0.0000,-0.0000,0.3567,0.7071,0.7071,0.0000,0.0000,0.0000,0.0000,-0.0000,0.5293,0.5293,0.5293,0.5293,0.0000,0.0000,-10.1794,0.0000,0.0000,0.0000
48,0.1920,0.0000,-0.0000,-4.9411,0.0000,-0.0000,-4.8963,0.0000,-0.0000,0.3551,0.7071,0.7071,0.0000,0.0000,0.0000,0.0000,-0.0000,0.5292,0.5292,0.5292,0.5292,0.0000,-0.0000,-10.1963,0.0000,0.0000,0.0000
49,0.1960,0.0000,-0.0000,-4.9397,0.0000,-0.0000,-4.8961,0.0000,-0.0000,0.3534,0.7071,0.7071,0.0000,0.0000,0.0000,0.0000,-0.0000,0.5290,0.5290,0.5290,0.5290,0.0000,-0.0000,-10.2116,0.0000,0.0000,0.0000
50,0.2000,0.0000,-0.0000,-4.9383,0.0000,-0.0000,-4.8958,0.0000,-0.0000,0.3517,0.7071,0.7071,0.0000,0.0000,0.0000,0.0000,-0.0000,0.5289,0.5289,0.5289,0.5289,0.0000,0.0000,-10.2255,0.0000,0.0000,0.0000
51,0.2040,0.0000,-0.0000,-4.9369,0.0000,-0.0000,-4.8954,0.0000,-0.0000,0.3499,0.7071,0.7071,0.0000,0.0000,0.0000,0.0000,-0.0000,0.5288,0.5288,0.5288,0.5288,0.0000,0.0000,-10.2381,0.0000,0.0000,0.0000
52,0.2080,0.0000,-0.0000,-4.9355,0.0000,-0.0000,-4.8950,0.0000,-0.0000,0.3481,0.7071,0.7071,0.0000,0.0000,0.0000,0.0000,-0.0000,0.5286,0.5286,0.5286,0.5286,0.0000,0.0000,-10.2494,0.0000,0.0000,0.0000
53,0.2120,0.0000,-0.0000,-4.9341,0.0000,-0.0000,-4.8946,0.0000,-0.0000,0.3463,0.7071,0.7071,0.0000,0.0000,0.0000,0.0000,-0.0000,0.5285,0.5285,0.5285,0.5285,0.0000,-0.0000,-10.2596,0.0000,0.0000,0.0000
54,0.2160,0.0000,-0.0000,-4.9327,0.0000,-0.0000,-4.8942,0.0000,-0.0000,0.3444,0.7071,0.7071,0.0000,0.0000,0.0000,0.0000,-0.0000,0.5283,0.5283,0.5283,0.5283,0.0000,0.0000,-10.2688,0.0000,0.0000,0.0000
55,0.2200,0.0000,-0.0000,-4.9313,0.0000,-0.0000,-4.8938,0.0000,-0.0000,0.3425,0.7071,0.7071,0.0000,0.0000,0.0000,0.0000,-0.0000,0.5282,0.5282,0.5282,0.5282,0.0000,0.0000,-10.2769,0.0000,0.0000,0.0000
56,0.2240,0.0000,-0.0000,-4.9300,0.0000,-0.0000,-4.8933,0.0000,-0.0000,0.3406,0.7071,0.7071,0.0000,0.0000,0.0000,0.0000,-0.0000,0.5280,0.5280,0.5280,0.5280,0.0000,0.0000,-10.2842,0.0000,0.0000,0.0000
57,0.2280,0.0000,-0.0000,-4.9286,0.0000,-0.0000,-4.8928,0.0000,-0.0000,0.3387,0.7071,0.7071,0.0000,0.0000,0.0000,0.0000,-0.0000,0.5279,0.5279,0.5279,0.5279,0.0000,0.0000,-10.2907,0.0000,0.0000,0.0000
58,0.2320,0.0000,-0.0000,-4.9273,0.0000,-0.0000,-4.8923,0.0000,-0.0000,0.3367,0.7071,0.7071,0.0000,0.0000,0.0000,0.0000,-0.0000,0.5277,0.5277,0.5277,0.5277,0.0000,-0.0000,-10.2964,0.0000,0.0000,0.0000
59,0.2360,0.0000,-0.0000,-4.9259,0.0000,-0.0000,-4.8918,0.0000,-0.0000,0.3347,0.7071,0.7071,0.0000,0.0000,0.0000,0.0000,-0.0000,0.5276,0.5276,0.5276,0.5276,0.0000,-0.0000,-10.3014,0.0000,0.0000,0.0000
60,0.2400,0.0000,-0.0000,-4.9246,0.0000,-0.0000,-4.8913,0.0000,-0.0000,0.3327,0.7071,0.7071,0.0000,0.0000,0.0000,0.0000,-0.0000,0.5274,0.5274,0.5274,0.5274,0.0000,0.0000,-10.3058,0.0000,0.0000,0.0000
61,0.2440,0.0000,-0.0000,-4.9233,0.0000,-0.0000,-4.8907,0.0000,-0.0000,0.3307,0.7071,0.7071,0.0000,0.0000,0.0000,0.0000,-0.0000,0.5273,0.5273,0.5273,0.5273,0.0000,0.0000,-10.3095,0.0000,0.0000,0.0000
62,0.2480,0.0000,-0.0000,-4.9220,0.0000,-0.0000,-4.8901,0.0000,-0.0000,0.3287,0.7071,0.7071,0.0000,0.0000,0.0000,0.0000,-0.0000,0.5271,0.5271,0.5271,0.5271,0.0000,-0.0000,-10.3127,0.0000,0.0000,0.0000
63,0.2520,0.0000,-0.0000,-4.9207,0.0000,-0.0000,-4.8896,0.0000,-0.0000,0.3267,0.7071,0.7071,0.0000,0.0000,0.0000,0.0000,-0.0000,0.5270,0.5270,0.5270,0.5270,0.0000,0.0000,-10.3155,0.0000,0.0000,0.0000
64,0.2560,0.0000,-0.0000,-4.9194,0.0000,-0.0000,-4.8890,0.0000,-0.0000,0.3246,0.7071,0.7071,0.0000,0.0000,0.0000,0.0000,-0.0000,0.5268,0.5268,0.5268,0.5268,0.0000,0.0000,-10.3177,0.0000,0.0000,0.0000
65,0.2600,0.0000,-0.0000,-4.9181,0.0000,-0.0000,-4.8884,0.0000,-0.0000,0.3226,0.7071,0.7071,0.0000,0.0000,0.0000,0.0000,-0.0000,0.5267,0.5267,0.5267,0.5267,0.0000,0.0000,-10.3196,0.0000,0.0000,0.0000
66,0.2640,0.0000,-0.0000,-4.9168,0.0000,-0.0000,-4.8878,0.0000,-0.0000,0.3205,0.7071,0.7071,0.0000,0.0000,0.0000,0.0000,-0.0000,0.5265,0.5265,0.5265,0.5265,0.0000,0.0000,-10.3210,0.0000,0.0000,0.0000
67,0.2680,0.0000,-0.0000,-4.9155,0.0000,-0.0000,-4.8871,0.0000,-0.0000,0.3185,0.7071,0.7071,0.0000,0.0000,0.0000,0.0000,-0.0000,0.5264,0.5264,0.5264,0.5264,0.0000,0.0000,-10.3221,0.0000,0.0000,0.0000
68,0.2720,0.0000,-0.0000,-4.9142,0.0000,-0.0000,-4.8865,0.0000,-0.0000,0.3164,0.7071,0.7071,0.0000,0.0000,0.0000,0.0000,-0.0000,0.5262,0.5262,0.5262,0.5262,0.0000,-0.0000,-10.3228,0.0000,0.0000,0.0000
69,0.2760,0.0000,-0.0000,-4.9130,0.0000,-0.0000,-4.8859,0.0000,-0.0000,0.3144,0.7071,0.7071,0.0000,0.0000,0.0000,0.0000,-0.0000,0.5260,0.5260,0.5260,0.5260,0.0000,-0.0000,-10.3233,0.0000,0.0000,0.0000
70,0.2800,0.0000,-0.0000,-4.9117,0.0000,-0.0000,-4.8852,0.0000,-0.0000,0.3123,0.7071,0.7071,0.0000,0.0000,0.0000,0.0000,-0.0000,0.5259,0.5259,0.5259,0.5259,0.0000,0.0000,-10.3235,0.0000,0.0000,0.0000
71,0.2840,0.0000,-0.0000,-4.9105,0.0000,-0.0000,-4.8846,0.0000,-0.0000,0.3103,0.7071,0.7071,0.0000,0.0000,0.0000,0.0000,-0.0000,0.5257,0.5257,0.5257,0.5257,0.0000,0.0000,-10.3234,0.0000,0.0000,0.0000
72,0.2880,0.0000,-0.0000,-4.9093,0.0000,-0.0000,-4.8840,0.0000,-0.0000,0.3082,0.7071,0.7071,0.0000,0.0000,0.0000,0.0000,-0.0000,0.5256,0.5256,0.5256,0.5256,0.0000,0.0000,-10.3231,0.0000,0.0000,0.0000
73,0.2920,0.0000,-0.0000,-4.9080,0.0000,-0.0000,-4.8833,0.0000,-0.0000,0.3062,0.7071,0.7071,0.0000,0.0000,0.0000,0.0000,-0.0000,0.5254,0.5254,0.5254,0.5254,0.0000,-0.0000,-10.3225,0.0000,0.0000,0.0000
74,0.2960,0.0000,-0.0000,-4.9068,0.0000,-0.0000,-4.8826,0.0000,-0.0000,0.3041,0.7071,0.7071,0.0000,0.0000,0.0000,0.0000,-0.0000,0.5253,0.5253,0.5253,0.5253,0.0000,-0.0000,-10.3218,0.0000,0.0000,0.0000
75,0.3000,0.0000,-0.0000,-4.9056,0.0000,-0.0000,-4.8820,0.0000,-0.0000,0.3021,0.7071,0.7071,0.0000,0.0000,0.0000,0.0000,-0.0000,0.5252,0.5252,0.5252,0.5252,0.0000,0.0000,-10.3209,0.0000,0.0000,0.0000
76,0.3040,0.0000,-0.0000,-4.9044,0.0000,-0.0000,-4.8813,0.0000,-0.0000,0.3000,0.7071,0.7071,0.0000,0.0000,0.0000,0.0000,-0.0000,0.5250,0.5250,0.5250,0.5250,0.0000,0.0000,-10.3198,0.0000,0.0000,0.0000
77,0.3080,0.0000,-0.0000,-4.9032,0.0000,-0.0000,-4.8806,0.0000,-0.0000,0.2980,0.7071,0.7071,0.0000,0.0000,0.0000,0.0000,-0.0000,0.5249,0.5249,0.5249,0.5249,0.0000,-0.0000,-10.3186,0.0000,0.0000,0.0000
78,0.3120,0.0000,-0.0000,-4.9020,0.0000,-0.0000,-4.8800,0.0000,-0.0000,0.2960,0.7071,0.7071,0.0000,0.0000,0.0000,0.0000,-0.0000,0.5247,0.5247,0.5247,0.5247,0.0000,0.0000,-10.3172,0.0000,0.0000,0.0000
79,0.3160,0.0000,-0.0000,-4.9009,0.0000,-0.0000,-4.8793,0.0000,-0.0000,0.2940,0.7071,0.7071,0.0000,0.0000,0.0000,0.0000,-0.0000,0.5246,0.5246,0.5246,0.5246,0.0000,-0.0000,-10.3157,0.0000,0.0000,0.0000
80,0.3200,0.0000,-0.0000,-4.8997,0.0000,-0.0000,-4.8786,0.0000,-0.0000,0.2920,0.7071,0.7071,0.0000,0.0000,0.0000,0.0000,-0.0000,0.5244,0.5244,0.5244,0.5244,0.0000,0.0000,-10.3141,0.0000,0.0000,0.0000
81,0.3240,0.0000,-0.0000,-4.8985,0.0000,-0.0000,-4.8780,0.0000,-0.0000,0.2900,0.7071,0.7071,0.0000,0.0000,0.0000,0.0000,-0.0000,0.5243,0.5243,0.5243,0.5243,0.0000,-0.0000,-10.3124,0.0000,0.0000,0.0000
82,0.3280,0.0000,-0.0000,-4.8974,0.0000,-0.0000,-4.8773,0.0000,-0.0000,0.2880,0.7071,0.7071,0.0000,0.0000,0.0000,0.0000,-0.0000,0.5241,0.5241,0.5241,0.5241,0.0000,0.0000,-10.3106,0.0000,0.0000,0.0000
83,0.3320,0.0000,-0.0000,-4.8962,0.0000,-0.0000,-4.8766,0.0000,-0.0000,0.2860,0.7071,0.7071,0.0000,0.0000,0.0000,0.0000,-0.0000,0.5240,0.5240,0.5240,0.5240,0.0000,-0.0000,-10.3087,0.0000,0.0000,0.0000
84,0.3360,0.0000,-0.0000,-4.8951,0.0000,-0.0000,-4.8759,0.0000,-0.0000,0.2840,0.7071,0.7071,0.0000,0.0000,0.0000,0.0000,-0.0000,0.5238,0.5238,0.5238,0.5238,0.0000,0.0000,-10.3068,0.0000,0.0000,0.0000
85,0.3400,0.0000,-0.0000,-4.8940,0.0000,-0.0000,-4.8752,0.0000,-0.0000,0.2820,0.7071,0.7071,0.0000,0.0000,0.0000,0.0000,-0.0000,0.5237,0.5237,0.5237,0.5237,0.0000,0.0000,-10.3048,0.0000,0.0000,0.0000
86,0.3440,0.0000,-0.0000,-4.8929,0.0000,-0.0000,-4.8746,0.0000,-0.0000,0.2801,0.7071,0.7071,0.0000,0.0000,0.0000,0.0000,-0.0000,0.5236,0.5236,0.5236,0.5236,0.0000,-0.0000,-10.3027,0.0000,0.0000,0.0000
87,0.3480,0.0000,-0.0000,-4.8917,0.0000,-0.0000,-4.8739,0.0000,-0.0000,0.2781,0.7071,0.7071,0.0000,0.0000,0.0000,0.0000,-0.0000,0.5234,0.5234,0.5234,0.5234,0.0000,0.0000,-10.3005,0.0000,0.0000,0.0000
88,0.3520,0.0000,-0.0000,-4.8906,0.0000,-0.0000,-4.8732,0.0000,-0.0000,0.2762,0.7071,0.7071,0.0000,0.0000,0.0000,0.0000,-0.0000,0.5233,0.5233,0.5233,0.5233,0.0000,-0.0000,-10.2983,0.0000,0.0000,0.0000
89,0.3560,0.0000,-0.0000,-4.8895,0.0000,-0.0000,-4.8725,0.0000,-0.0000,0.2742,0.7071,0.7071,0.0000,0.0000,0.0000,0.0000,-0.0000,0.5232,0.5232,0.5232,0.5232,0.0000,-0.0000,-10.2961,0.0000,0.0000,0.0000
90,0.3600,0.0000,-0.0000,-4.8885,0.0000,-0.0000,-4.8718,0.0000,-0.0000,0.2723,0.7071,0.7071,0.0000,0.0000,0.0000,0.0000,-0.0000,0.5230,0.5230,0.5230,0.5230,0.0000,0.0000,-10.2938,0.0000,0.0000,0.0000
91,0.3640,0.0000,-0.0000,-4.8874,0.0000,-0.0000,-4.8712,0.0000,-0.0000,0.2704,0.7071,0.7071,0.0000,0.0000,0.0000,0.0000,-0.0000,0.5229,0.5229,0.5229,0.5229,0.0000,0.0000,-10.2915,0.0000,0.0000,0.0000
92,0.3680,0.0000,-0.0000,-4.8863,0.0000,-0.0000,-4.8705,0.0000,-0.0000,0.2685,0.7071,0.7071,0.0000,0.0000,0.0000,0.0000,-0.0000,0.5227,0.5227,0.5227,0.5227,0.0000,0.0000,-10.2891,0.0000,0.0000,0.0000
93,0.3720,0.0000,-0.0000,-4.8852,0.0000,-0.0000,-4.8698,0.0000,-0.0000,0.2666,0.7071,0.7071,0.0000,0.0000,0.0000,0.0000,-0.0000,0.5226,0.5226,0.5226,0.5226,0.0000,0.0000,-10.2867,0.0000,0.0000,0.0000
94,0.3760,0.0000,-0.0000,-4.8842,0.0000,-0.0000,-4.8692,0.0000,-0.0000,0.2647,0.7071,0.7071,0.0000,0.0000,0.0000,0.0000,-0.0000,0.5225,0.5225,0.5225,0.5225,0.0000,0.0000,-10.2843,0.0000,0.0000,0.0000
95,0.3800,0.0000,-0.0000,-4.8831,0.0000,-0.0000,-4.8685,0.0000,-0.0000,0.2628,0.7071,0.7071,0.0000,0.0000,0.0000,0.0000,-0.0000,0.5223,0.5223,0.5223,0.5223,0.0000,0.0000,-10.2819,0.0000,0.0000,0.0000
96,0.3840,0.0000,-0.0000,-4.8821,0.0000,-0.0000,-4.8678,0.0000,-0.0000,0.2610,0.7071,0.7071,0.0000,0.0000,0.0000,0.0000,-0.0000,0.5222,0.5222,0.5222,0.5222,0.0000,-0.0000,-10.2795,0.0000,0.0000,0.0000
97,0.3880,0.0000,-0.0000,-4.8810,0.0000,-0.0000,-4.8672,0.0000,-0.0000,0.2591,0.7071,0.7071,0.0000,0.0000,0.0000,0.0000,-0.0000,0.5221,0.5221,0.5221,0.5221,0.0000,0.0000,-10.2770,0.0000,0.0000,0.0000
98,0.3920,0.0000,-0.0000,-4.8800,0.0000,-0.0000,-4.8665,0.0000,-0.0000,0.2572,0.7071,0.7071,0.0000,0.0000,0.0000,0.0000,-0.0000,0.5220,0.5220,0.5220,0.5220,0.0000,0.0000,-10.2746,0.0000,0.0000,0.0000
99,0.3960,0.0000,-0.0000,-4.8790,0.0000,-0.0000,-4.8658,0.0000,-0.0000,0.2554,0.7071,0.7071,0.0000,0.0000,0.0000,0.0000,-0.0000,0.5218,0.5218,0.5218,0.5218,0.0000,-0.0000,-10.2721,0.0000,0.0000,0.0000
100,0.4000,0.0000,-0.0000,-4.8780,0.0000,-0.0000,-4.8652,0.0000,-0.0000,0.2536,0.7071,0.7071,0.0000,0.0000,0.0000,0.0000,-0.0000,0.5217,0.5217,0.5217,0.5217,0.0000,-0.0000,-10.2696,0.0000,0.0000,0.0000
101,0.4040,0.0000,-0.0000,-4.8770,0.0000,-0.0000,-4.8645,0.0000,-0.0000,0.2518,0.7071,0.7071,0.0000,0.0000,0.0000,0.0000,-0.0000,0.5216,0.5216,0.5216,0.5216,0.0000,-0.0000,-10.2671,0.0000,0.0000,0.0000
102,0.4080,0.0000,-0.0000,-4.8760,0.0000,-0.0000,-4.8639,0.0000,-0.0000,0.2500,0.7071,0.7071,0.0000,0.0000,0.0000,0.0000,-0.0000,0.5214,0.5214,0.5214,0.5214,0.0000,0.0000,-10.2646,0.0000,0.0000,0.0000
103,0.4120,0.0000,-0.0000,-4.8750,0.0000,-0.0000,-4.8632,0.0000,-0.0000,0.2482,0.7071,0.7071,0.0000,0.0000,0.0000,0.0000,-0.0000,0.5213,0.5213,0.5213,0.5213,0.0000,0.0000,-10.2621,0.0000,0.0000,0.0000
104,0.4160,0.0000,-0.0000,-4.8740,0.0000,-0.0000,-4.8626,0.0000,-0.0000,0.2464,0.7071,0.7071,0.0000,0.0000,0.0000,0.0000,-0.0000,0.5212,0.5212,0.5212,0.5212,0.0000,0.0000,-10.2597,0.0000,0.0000,0.0000
105,0.4200,0.0000,-0.0000,-4.8730,0.0000,-0.0000,-4.8619,0.0000,-0.0000,0.2446,0.7071,0.7071,0.0000,0.0000,0.0000,0.0000,-0.0000,0.5211,0.5211,0.5211,0.5211,0.0000,0.0000,-10.2572,0.0000,0.0000,0.0000
106,0.4240,0.0000,-0.0000,-4.8720,0.0000,-0.0000,-4.8613,0.0000,-0.0000,0.2428,0.7071,0.7071,0.0000,0.0000,0.0000,0.0000,-0.0000,0.5209,0.5209,0.5209,0.5209,0.0000,-0.0000,-10.2547,0.0000,0.0000,0.0000
107,0.4280,0.0000,-0.0000,-4.8711,0.0000,-0.0000,-4.8607,0.0000,-0.0000,0.2411,0.7071,0.7071,0.0000,0.0000,0.0000,0.0000,-0.0000,0.5208,0.5208,0.5208,0.5208,0.0000,-0.0000,-10.2522,0.0000,0.0000,0.0000
108,0.4320,0.0000,-0.0000,-4.8701,0.0000,-0.0000,-4.8600,0.0000,-0.0000,0.2393,0.7071,0.7071,0.0000,0.0000,0.0000,0.0000,-0.0000,0.5207,0.5207,0.5207,0.5207,0.0000,-0.0000,-10.2497,0.0000,0.0000,0.0000
109,0.4360,0.0000,-0.0000,-4.8692,0.0000,-0.0000,-4.8594,0.0000,-0.0000,0.2376,0.7071,0.7071,0.0000,0.0000,0.0000,0.0000,-0.0000,0.5206,0.5206,0.5206,0.5206,0.0000,0.0000,-10.2472,0.0000,0.0000,0.0000
110,0.4400,0.0000,-0.0000,-4.8682,0.0000,-0.0000,-4.8588,0.0000,-0.0000,0.2358,0.7071,0.7071,0.0000,0.0000,0.0000,0.0000,-0.0000,0.5205,0.5205,0.5205,0.5205,0.0000,-0.0000,-10.2447,0.0000,0.0000,0.0000
111,0.4440,0.0000,-0.0000,-4.8673,0.0000,-0.0000,-4.8581,0.0000,-0.0000,0.2341,0.7071,0.7071,0.0000,0.0000,0.0000,0.0000,-0.0000,0.5203,0.5203,0.5203,0.5203,0.0000,-0.0000,-10.2423,0.0000,0.0000,0.0000
112,0.4480,0.0000,-0.0000,-4.8664,0.0000,-0.0000,-4.8575,0.0000,-0.0000,0.2324,0.7071,0.7071,0.0000,0.0000,0.0000,0.0000,-0.0000,0.5202,0.5202,0.5202,0.5202,0.0000,0.0000,-10.2398,0.0000,0.0000,0.0000
113,0.4520,0.0000,-0.0000,-4.8654,0.0000,-0.0000,-4.8569,0.0000,-0.0000,0.2307,0.7071,0.7071,0.0000,0.0000,0.0000,0.0000,-0.0000,0.5201,0.5201,0.5201,0.5201,0.0000,0.0000,-10.2374,0.0000,0.0000,0.0000
114,0.4560,0.0000,-0.0000,-4.8645,0.0000,-0.0000,-4.8563,0.0000,-0.0000,0.2290,0.7071,0.7071,0.0000,0.0000,0.0000,0.0000,-0.0000,0.5200,0.5200,0.5200,0.5200,0.0000,-0.0000,-10.2349,0.0000,0.0000,0.0000
115,0.4600,0.0000,-0.0000,-4.8636,0.0000,-0.0000,-4.8557,0.0000,-0.0000,0.2273,0.7071,0.7071,0.0000,0.0000,0.0000,0.0000,-0.0000,0.5199,0.5199,0.5199,0.5199,0.0000,-0.0000,-10.2325,0.0000,0.0000,0.0000
116,0.4640,0.0000,-0.0000,-4.8627,0.0000,-0.0000,-4.8551,0.0000,-0.0000,0.2257,0.7071,0.7071,0.0000,0.0000,0.0000,0.0000,-0.0000,0.5198,0.5198,0.5198,0.5198,0.0000,-0.0000,-10.2301,0.0000,0.0000,0.0000
117,0.4680,0.0000,-0.0000,-4.8618,0.0000,-0.0000,-4.8545,0.0000,-0.0000,0.2240,0.7071,0.7071,0.0000,0.0000,0.0000,0.0000,-0.0000,0.5196,0.5196,0.5196,0.5196,0.0000,-0.0000,-10.2277,0.0000,0.0000,0.0000
118,0.4720,0.0000,-0.0000,-4.8609,0.0000,-0.0000,-4.8539,0.0000,-0.0000,0.2224,0.7071,0.7071,0.0000,0.0000,0.0000,0.0000,-0.0000,0.5195,0.5195,0.5195,0.5195,0.0000,0.0000,-10.2252,0.0000,0.0000,0.0000
119,0.4760,0.0000,-0.0000,-4.8600,0.0000,-0.0000,-4.8533,0.0000,-0.0000,0.2207,0.7071,0.7071,0.0000,0.0000,0.0000,0.0000,-0.0000,0.5194,0.5194,0.5194,0.5194,0.0000,0.0000,-10.2229,0.0000,0.0000,0.0000
120,0.4800,0.0000,-0.0000,-4.8592,0.0000,-0.0000,-4.8527,0.0000,-0.0000,0.2191,0.7071,0.7071,0.0000,0.0000,0.0000,0.0000,-0.0000,0.5193,0.5193,0.5193,0.5193,0.0000,-0.0000,-10.2205,0.0000,0.0000,0.0000
121,0.4840,0.0000,-0.0000,-4.8583,0.0000,-0.0000,-4.8521,0.0000,-0.0000,0.2175,0.7071,0.7071,0.0000,0.0000,0.0000,0.0000,-0.0000,0.5192,0.5192,0.5192,0.5192,0.0000,-0.0000,-10.2181,0.0000,0.0000,0.0000
122,0.4880,0.0000,-0.0000,-4.8574,0.0000,-0.0000,-4.8515,0.0000,-0.0000,0.2159,0.7071,0.7071,0.0000,0.0000,0.0000,0.0000,-0.0000,0.5191,0.5191,0.5191,0.5191,0.0000,0.0000,-10.2157,0.0000,0.0000,0.0000
123,0.4920,0.0000,-0.0000,-4.8566,0.0000,-0.0000,-4.8509,0.0000,-0.0000,0.2142,0.7071,0.7071,0.0000,0.0000,0.0000,0.0000,-0.0000,0.5190,0.5190,0.5190,0.5190,0.0000,0.0000,-10.2134,0.0000,0.0000,0.0000
124,0.4960,0.0000,-0.0000,-4.8557,0.0000,-0.0000,-4.8503,0.0000,-0.0000,0.2127,0.7071,0.7071,0.0000,0.0000,0.0000,0.0000,-0.0000,0.5189,0.5189,0.5189,0.5189,0.0000,-0.0000,-10.2111,0.0000,0.0000,0.0000
125,0.5000,0.0000,-0.0000,-4.8549,0.0000,-0.0000,-4.8498,0.0000,-0.0000,0.2111,0.7071,0.7071,0.0000,0.0000,0.0000,0.0000,-0.0000,0.5188,0.5188,0.5188,0.5188,0.0000,0.0000,-10.2087,0.0000,0.0000,0.0000
126,0.5040,0.0000,-0.0000,-4.8540,0.0000,-0.0000,-4.8492,0.0000,-0.0000,0.2095,0.7071,0.7071,0.0000,0.0000,0.0000,0.0000,-0.0000,0.5186,0.5186,0.5186,0.5186,0.0000,0.0000,-10.2064,0.0000,0.0000,0.0000
127,0.5080,0.0000,-0.0000,-4.8532,0.0000,-0.0000,-4.8486,0.0000,-0.0000,0.2079,0.7071,0.7071,0.0000,0.0000,0.0000,0.0000,-0.0000,0.5185,0.5185,0.5185,0.5185,0.0000,-0.0000,-10.2041,0.0000,0.0000,0.0000
128,0.5120,0.0000,-0.0000,-4.8524,0.0000,-0.0000,-4.8481,0.0000,-0.0000,0.2064,0.7071,0.7071,0.0000,0.0000,0.0000,0.0000,-0.0000,0.5184,0.5184,0.5184,0.5184,0.0000,-0.0000,-10.2019,0.0000,0.0000,0.0000
129,0.5160,0.0000,-0.0000,-4.8516,0.0000,-0.0000,-4.8475,0.0000,-0.0000,0.2048,0.7071,0.7071,0.0000,0.0000,0.0000,0.0000,-0.0000,0.5183,0.5183,0.5183,0.5183,0.0000,0.0000,-10.1996,0.0000,0.0000,0.0000
130,0.5200,0.0000,-0.0000,-4.8508,0.0000,-0.0000,-4.8470,0.0000,-0.0000,0.2033,0.7071,0.7071,0.0000,0.0000,0.0000,0.0000,-0.0000,0.5182,0.5182,0.5182,0.5182,0.0000,0.0000,-10.1973,0.0000,0.0000,0.0000
131,0.5240,0.0000,-0.0000,-4.8499,0.0000,-0.0000,-4.8464,0.0000,-0.0000,0.2017,0.7071,0.7071,0.0000,0.0000,0.0000,0.0000,-0.0000,0.5181,0.5181,0.5181,0.5181,0.0000,0.0000,-10.1951,0.0000,0.0000,0.0000
132,0.5280,0.0000,-0.0000,-4.8491,0.0000,-0.0000,-4.8459,0.0000,-0.0000,0.2002,0.7071,0.7071,0.0000,0.0000,0.0000,0.0000,-0.0000,0.5180,0.5180,0.5180,0.5180,0.0000,0.0000,-10.1928,0.0000,0.0000,0.0000
133,0.5320,0.0000,-0.0000,-4.8484,0.0000,-0.0000,-4.8453,0.0000,-0.0000,0.1987,0.7071,0.7071,0.0000,0.0000,0.0000,0.0000,-0.0000,0.5179,0.5179,0.5179,0.5179,0.0000,0.0000,-10.1906,0.0000,0.0000,0.0000
134,0.5360,0.0000,-0.0000,-4.8476,0.0000,-0.0000,-4.8448,0.0000,-0.0000,0.1972,0.7071,0.7071,0.0000,0.0000,0.0000,0.0000,-0.0000,0.5178,0.5178,0.5178,0.5178,0.0000,-0.0000,-10.1884,0.0000,0.0000,0.0000
135,0.5400,0.0000,-0.0000,-4.8468,0.0000,-0.0000,-4.8443,0.0000,-0.0000,0.1957,0.7071,0.7071,0.0000,0.0000,0.0000,0.0000,-0.0000,0.5177,0.5177,0.5177,0.5177,0.0000,-0.0000,-10.1862,0.0000,0.0000,0.0000
136,0.5440,0.0000,-0.0000,-4.8460,0.0000,-0.0000,-4.8437,0.0000,-0.0000,0.1942,0.7071,0.7071,0.0000,0.0000,0.0000,0.0000,-0.0000,0.5176,0.5176,0.5176,0.5176,0.0000,0.0000,-10.1840,0.0000,0.0000,0.0000
137,0.5480,0.0000,-0.0000,-4.8452,0.0000,-0.0000,-4.8432,0.0000,-0.0000,0.1927,0.7071,0.7071,0.0000,0.0000,0.0000,0.0000,-0.0000,0.5175,0.5175,0.5175,0.5175,0.0000,-0.0000,-10.1819,0.0000,0.0000,0.0000
138,0.5520,0.0000,-0.0000,-4.8445,0.0000,-0.0000,-4.8427,0.0000,-0.0000,0.1913,0.7071,0.7071,0.0000,0.0000,0.0000,0.0000,-0.0000,0.5174,0.5174,0.5174,0.5174,0.0000,-0.0000,-10.1797,0.0000,0.0000,0.0000
139,0.5560,0.0000,-0.0000,-4.8437,0.0000,-0.0000,-4.8422,0.0000,-0.0000,0.1898,0.7071,0.7071,0.0000,0.0000,0.0000,0.0000,-0.0000,0.5173,0.5173,0.5173,0.5173,0.0000,-0.0000,-10.1776,0.0000,0.0000,0.0000
140,0.5600,0.0000,-0.0000,-4.8430,0.0000,-0.0000,-4.8417,0.0000,-0.0000,0.1884,0.7071,0.7071,0.0000,0.0000,0.0000,0.0000,-0.0000,0.5172,0.5172,0.5172,0.5172,0.0000,0.0000,-10.1754,0.0000,0.0000,0.0000
141,0.5640,0.0000,-0.0000,-4.8422,0.0000,-0.0000,-4.8412,0.0000,-0.0000,0.1869,0.7071,0.7071,0.0000,0.0000,0.0000,0.0000,-0.0000,0.5171,0.5171,0.5171,0.5171,0.0000,0.0000,-10.1733,0.0000,0.0000,0.0000
142,0.5680,0.0000,-0.0000,-4.8415,0.0000,-0.0000,-4.8406,0.0000,-0.0000,0.1855,0.7071,0.7071,0.0000,0.0000,0.0000,0.0000,-0.0000,0.5170,0.5170,0.5170,0.5170,0.0000,-0.0000,-10.1712,0.0000,0.0000,0.0000
143,0.5720,0.0000,-0.0000,-4.8407,0.0000,-0.0000,-4.8401,0.0000,-0.0000,0.1840,0.7071,0.7071,0.0000,0.0000,0.0000,0.0000,-0.0000,0.5169,0.5169,0.5169,0.5169,0.0000,0.0000,-10.1691,0.0000,0.0000,0.0000
144,0.5760,0.0000,-0.0000,-4.8400,0.0000,-0.0000,-4.8397,0.0000,-0.0000,0.1826,0.7071,0.7071,0.0000,0.0000,0.0000,0.0000,-0.0000,0.5168,0.5168,0.5168,0.5168,0.0000,0.0000,-10.1670,0.0000,0.0000,0.0000
145,0.5800,0.0000,-0.0000,-4.8393,0.0000,-0.0000,-4.8392,0.0000,-0.0000,0.1812,0.7071,0.7071,0.0000,0.0000,0.0000,0.0000,-0.0000,0.5167,0.5167,0.5167,0.5167,0.0000,0.0000,-10.1650,0.0000,0.0000,0.0000
146,0.5840,0.0000,-0.0000,-4.8386,0.0000,-0.0000,-4.8387,0.0000,-0.0000,0.1798,0.7071,0.7071,0.0000,0.0000,0.0000,0.0000,-0.0000,0.5166,0.5166,0.5166,0.5166,0.0000,-0.0000,-10.1629,0.0000,0.0000,0.0000
147,0.5880,0.0000,-0.0000,-4.8378,0.0000,-0.0000,-4.8382,0.0000,-0.0000,0.1784,0.7071,0.7071,0.0000,0.0000,0.0000,0.0000,-0.0000,0.5165,0.5165,0.5165,0.5165,0.0000,-0.0000,-10.1609,0.0000,0.0000,0.0000
148,0.5920,0.0000,-0.0000,-4.8371,0.0000,-0.0000,-4.8377,0.0000,-0.0000,0.1770,0.7071,0.7071,0.0000,0.0000,0.0000,0.0000,-0.0000,0.5164,0.5164,0.5164,0.5164,0.0000,0.0000,-10.1589,0.0000,0.0000,0.0000
149,0.5960,0.0000,-0.0000,-4.8364,0.0000,-0.0000,-4.8372,0.0000,-0.0000,0.1756,0.7071,0.7071,0.0000,0.0000,0.0000,0.0000,-0.0000,0.5163,0.5163,0.5163,0.5163,0.0000,-0.0000,-10.1568,0.0000,0.0000,0.0000
150,0.6000,0.0000,-0.0000,-4.8357,0.0000,-0.0000,-4.8368,0.0000,-0.0000,0.1743,0.7071,0.7071,0.0000,0.0000,0.0000,0.0000,-0.0000,0.5162,0.5162,0.5162,0.5162,0.0000,-0.0000,-10.1548,0.0000,0.0000,0.0000
151,0.6040,0.0000,-0.0000,-4.8350,0.0000,-0.0000,-4.8363,0.0000,-0.0000,0.1729,0.7071,0.7071,0.0000,0.0000,0.0000,0.0000,-0.0000,0.5161,0.5161,0.5161,0.5161,0.0000,-0.0000,-10.1528,0.0000,0.0000,0.0000
152,0.6080,0.0000,-0.0000,-4.8344,0.0000,-0.0000,-4.8358,0.0000,-0.0000,0.1716,0.7071,0.7071,0.0000,0.0000,0.0000,0.0000,-0.0000,0.5161,0.5161,0.5161,0.5161,0.0000,0.0000,-10.1509,0.0000,0.0000,0.0000
153,0.6120,0.0000,-0.0000,-4.8337,0.0000,-0.0000,-4.8354,0.0000,-0.0000,0.1702,0.7071,0.7071,0.0000,0.0000,0.0000,0.0000,-0.0000,0.5160,0.5160,0.5160,0.5160,0.0000,0.0000,-10.1489,0.0000,0.0000,0.0000
154,0.6160,0.0000,-0.0000,-4.8330,0.0000,-0.0000,-4.8349,0.0000,-0.0000,0.1689,0.7071,0.7071,0.0000,0.0000,0.0000,0.0000,-0.0000,0.5159,0.5159,0.5159,0.5159,0.0000,-0.0000,-10.1469,0.0000,0.0000,0.0000
155,0.6200,0.0000,-0.0000,-4.8323,0.0000,-0.0000,-4.8345,0.0000,-0.0000,0.1675,0.7071,0.7071,0.0000,0.0000,0.0000,0.0000,-0.0000,0.5158,0.5158,0.5158,0.5158,0.0000,-0.0000,-10.1450,0.0000,0.0000,0.0000
156,0.6240,0.0000,-0.0000,-4.8317,0.0000,-0.0000,-4.8340,0.0000,-0.0000,0.1662,0.7071,0.7071,0.0000,0.0000,0.0000,0.0000,-0.0000,0.5157,0.5157,0.5157,0.5157,0.0000,-0.0000,-10.1431,0.0000,0.0000,0.0000
157,0.6280,0.0000,-0.0000,-4.8310,0.0000,-0.0000,-4.8336,0.0000,-0.0000,0.1649,0.7071,0.7071,0.0000,0.0000,0.0000,0.0000,-0.0000,0.5156,0.5156,0.5156,0.5156,0.0000,-0.0000,-10.1411,0.0000,0.0000,0.0000
158,0.6320,0.0000,-0.0000,-4.8304,0.0000,-0.0000,-4.8332,0.0000,-0.0000,0.1636,0.7071,0.7071,0.0000,0.0000,0.0000,0.0000,-0.0000,0.5155,0.5155,0.5155,0.5155,0.0000,0.0000,-10.1392,0.0000,0.0000,0.0000
159,0.6360,0.0000,-0.0000,-4.8297,0.0000,-0.0000,-4.8327,0.0000,-0.0000,0.1623,0.7071,0.7071,0.0000,0.0000,0.0000,0.0000,-0.0000,0.5154,0.5154,0.5154,0.5154,0.0000,-0.0000,-10.1373,0.0000,0.0000,0.0000
160,0.6400,0.0000,-0.0000,-4.8291,0.0000,-0.0000,-4.8323,0.0000,-0.0000,0.1610,0.7071,0.7071,0.0000,0.0000,0.0000,0.0000,-0.0000,0.5153,0.5153,0.5153,0.5153,0.0000,0.0000,-10.1354,0.0000,0.0000,0.0000
161,0.6440,0.0000,-0.0000,-4.8284,0.0000,-0.0000,-4.8319,0.0000,-0.0000,0.1597,0.7071,0.7071,0.0000,0.0000,0.0000,0.0000,-0.0000,0.5152,0.5152,0.5152,0.5152,0.0000,-0.0000,-10.1336,0.0000,0.0000,0.0000
162,0.6480,0.0000,-0.0000,-4.8278,0.0000,-0.0000,-4.8314,0.0000,-0.0000,0.1584,0.7071,0.7071,0.0000,0.0000,0.0000,0.0000,-0.0000,0.5152,0.5152,0.5152,0.5152,0.0000,-0.0000,-10.1317,0.0000,0.0000,0.0000
163,0.6520,0.0000,-0.0000,-4.8272,0.0000,-0.0000,-4.8310,0.0000,-0.0000,0.1572,0.7071,0.7071,0.0000,0.0000,0.0000,0.0000,-0.0000,0.5151,0.5151,0.5151,0.5151,0.0000,-0.0000,-10.1298,0.0000,0.0000,0.0000
164,0.6560,0.0000,-0.0000,-4.8265,0.0000,-0.0000,-4.8306,0.0000,-0.0000,0.1559,0.7071,0.7071,0.0000,0.0000,0.0000,0.0000,-0.0000,0.5150,0.5150,0.5150,0.5150,0.0000,-0.0000,-10.1280,0.0000,0.0000,0.0000
165,0.6600,0.0000,-0.0000,-4.8259,0.0000,-0.0000,-4.8302,0.0000,-0.0000,0.1546,0.7071,0.7071,0.0000,0.0000,0.0000,0.0000,-0.0000,0.5149,0.5149,0.5149,0.5149,0.0000,-0.0000,-10.1262,0.0000,0.0000,0.0000
166,0.6640,0.0000,-0.0000,-4.8253,0.0000,-0.0000,-4.8298,0.0000,-0.0000,0.1534,0.7071,0.7071,0.0000,0.0000,0.0000,0.0000,-0.0000,0.5148,0.5148,0.5148,0.5148,0.0000,-0.0000,-10.1243,0.0000,0.0000,0.0000
167,0.6680,0.0000,-0.0000,-4.8247,0.0000,-0.0000,-4.8294,0.0000,-0.0000,0.1521,0.7071,0.7071,0.0000,0.0000,0.0000,0.0000,-0.0000,0.5147,0.5147,0.5147,0.5147,0.0000,-0.0000,-10.1225,0.0000,0.0000,0.0000
168,0.6720,0.0000,-0.0000,-4.8241,0.0000,-0.0000,-4.8290,0.0000,-0.0000,0.1509,0.7071,0.7071,0.0000,0.0000,0.0000,0.0000,-0.0000,0.5147,0.5147,0.5147,0.5147,0.0000,0.0000,-10.1207,0.0000,0.0000,0.0000
169,0.6760,0.0000,-0.0000,-4.8235,0.0000,-0.0000,-4.8286,0.0000,-0.0000,0.1497,0.7071,0.7071,0.0000,0.0000,0.0000,0.0000,-0.0000,0.5146,0.5146,0.5146,0.5146,0.0000,0.0000,-10.1190,0.0000,0.0000,0.0000
170,0.6800,0.0000,-0.0000,-4.8229,0.0000,-0.0000,-4.8282,0.0000,-0.0000,0.1485,0.7071,0.7071,0.0000,0.0000,0.0000,0.0000,-0.0000,0.5145,0.5145,0.5145,0.5145,0.0000,-0.0000,-10.1172,0.0000,0.0000,0.0000
171,0.6840,0.0000,-0.0000,-4.8223,0.0000,-0.0000,-4.8278,0.0000,-0.0000,0.1472,0.7071,0.7071,0.0000,0.0000,0.0000,0.0000,-0.0000,0.5144,0.5144,0.5144,0.5144,0.0000,0.0000,-10.1154,0.0000,0.0000,0.0000
172,0.6880,0.0000,-0.0000,-4.8217,0.0000,-0.0000,-4.8274,0.0000,-0.0000,0.1460,0.7071,0.7071,0.0000,0.0000,0.0000,0.0000,-0.0000,0.5143,0.5143,0.5143,0.5143,0.0000,0.0000,-10.1137,0.0000,0.0000,0.0000
173,0.6920,0.0000,-0.0000,-4.8211,0.0000,-0.0000,-4.8271,0.0000,-0.0000,0.1448,0.7071,0.7071,0.0000,0.0000,0.0000,0.0000,-0.0000,0.5142,0.5142,0.5142,0.5142,0.0000,-0.0000,-10.1119,0.0000,0.0000,0.0000
174,0.6960,0.0000,-0.0000,-4.8206,0.0000,-0.0000,-4.8267,0.0000,-0.0000,0.1436,0.7071,0.7071,0.0000,0.0000,0.0000,0.0000,-0.0000,0.5142,0.5142,0.5142,0.5142,0.0000,0.0000,-10.1102,0.0000,0.0000,0.0000
175,0.7000,0.0000,-0.0000,-4.8200,0.0000,-0.0000,-4.8263,0.0000,-0.0000,0.1424,0.7071,0.7071,0.0000,0.0000,0.0000,0.0000,-0.0000,0.5141,0.5141,0.5141,0.5141,0.0000,-0.0000,-10.1084,0.0000,0.0000,0.0000
176,0.7040,0.0000,-0.0000,-4.8194,0.0000,-0.0000,-4.8260,0.0000,-0.0000,0.1413,0.7071,0.7071,0.0000,0.0000,0.0000,0.0000,-0.0000,0.5140,0.5140,0.5140,0.5140,0.0000,0.0000,-10.1067,0.0000,0.0000,0.0000
177,0.7080,0.0000,-0.0000,-4.8189,0.0000,-0.0000,-4.8256,0.0000,-0.0000,0.1401,0.7071,0.7071,0.0000,0.0000,0.0000,0.0000,-0.0000,0.5139,0.5139,0.5139,0.5139,0.0000,0.0000,-10.1050,0.0000,0.0000,0.0000
178,0.7120,0.0000,-0.0000,-4.8183,0.0000,-0.0000,-4.8252,0.0000,-0.0000,0.1389,0.7071,0.7071,0.0000,0.0000,0.0000,0.0000,-0.0000,0.5138,0.5138,0.5138,0.5138,0.0000,0.0000,-10.1033,0.0000,0.0000,0.0000
179,0.7160,0.0000,-0.0000,-4.8178,0.0000,-0.0000,-4.8249,0.0000,-0.0000,0.1378,0.7071,0.7071,0.0000,0.0000,0.0000,0.0000,-0.0000,0.5138,0.5138,0.5138,0.5138,0.0000,0.0000,-10.1017,0.0000,0.0000,0.0000
180,0.7200,0.0000,-0.0000,-4.8172,0.0000,-0.0000,-4.8245,0.0000,-0.0000,0.1366,0.7071,0.7071,0.0000,0.0000,0.0000,0.0000,-0.0000,0.5137,0.5137,0.5137,0.5137,0.0000,-0.0000,-10.1000,0.0000,0.0000,0.0000
181,0.7240,0.0000,-0.0000,-4.8167,0.0000,-0.0000,-4.8242,0.0000,-0.0000,0.1355,0.7071,0.7071,0.0000,0.0000,0.0000,0.0000,-0.0000,0.5136,0.5136,0.5136,0.5136,0.0000,-0.0000,-10.0983,0.0000,0.0000,0.0000
182,0.7280,0.0000,-0.0000,-4.8161,0.0000,-0.0000,-4.8238,0.0000,-0.0000,0.1343,0.7071,0.7071,0.0000,0.0000,0.0000,0.0000,-0.0000,0.5135,0.5135,0.5135,0.5135,0.0000,0.0000,-10.0967,0.0000,0.0000,0.0000
183,0.7320,0.0000,-0.0000,-4.8156,0.0000,-0.0000,-4.8235,0.0000,-0.0000,0.1332,0.7071,0.7071,0.0000,0.0000,0.0000,0.0000,-0.0000,0.5134,0.5134,0.5134,0.5134,0.0000,0.0000,-10.0950,0.0000,0.0000,0.0000
184,0.7360,0.0000,-0.0000,-4.8151,0.0000,-0.0000,-4.8232,0.0000,-0.0000,0.1321,0.7071,0.7071,0.0000,0.0000,0.0000,0.0000,-0.0000,0.5134,0.5134,0.5134,0.5134,0.0000,0.0000,-10.0934,0.0000,0.0000,0.0000
185,0.7400,0.0000,-0.0000,-4.8146,0.0000,-0.0000,-4.8228,0.0000,-0.0000,0.1309,0.7071,0.7071,0.0000,0.0000,0.0000,0.0000,-0.0000,0.5133,0.5133,0.5133,0.5133,0.0000,-0.0000,-10.0918,0.0000,0.0000,0.0000
186,0.7440,0.0000,-0.0000,-4.8140,0.0000,-0.0000,-4.8225,0.0000,-0.0000,0.1298,0.7071,0.7071,0.0000,0.0000,0.0000,0.0000,-0.0000,0.5132,0.5132,0.5132,0.5132,0.0000,-0.0000,-10.0901,0.0000,0.0000,0.0000
187,0.7480,0.0000,-0.0000,-4.8135,0.0000,-0.0000,-4.8222,0.0000,-0.0000,0.1287,0.7071,0.7071,0.0000,0.0000,0.0000,0.0000,-0.0000,0.5131,0.5131,0.5131,0.5131,0.0000,-0.0000,-10.0885,0.0000,0.0000,0.0000
188,0.7520,0.0000,-0.0000,-4.8130,0.0000,-0.0000,-4.8219,0.0000,-0.0000,0.1276,0.7071,0.7071,0.0000,0.0000,0.0000,0.0000,-0.0000,0.5131,0.5131,0.5131,0.5131,0.0000,0.0000,-10.0869,0.0000,0.0000,0.0000
189,0.7560,0.0000,-0.0000,-4.8125,0.0000,-0.0000,-4.8215,0.0000,-0.0000,0.1265,0.7071,0.7071,0.0000,0.0000,0.0000,0.0000,-0.0000,0.5130,0.5130,0.5130,0.5130,0.0000,0.0000,-10.0854,0.0000,0.0000,0.0000
190,0.7600,0.0000,-0.0000,-4.8120,0.0000,-0.0000,-4.8212,0.0000,-0.0000,0.1254,0.7071,0.7071,0.0000,0.0000,0.0000,0.0000,-0.0000,0.5129,0.5129,0.5129,0.5129,0.0000,0.0000,-10.0838,0.0000,0.0000,0.0000
191,0.7640,0.0000,-0.0000,-4.8115,0.0000,-0.0000,-4.8209,0.0000,-0.0000,0.1244,0.7071,0.7071,0.0000,0.0000,0.0000,0.0000,-0.0000,0.5128,0.5128,0.5128,0.5128,0.0000,-0.0000,-10.0822,0.0000,0.0000,0.0000
192,0.7680,0.0000,-0.0000,-4.8110,0.0000,-0.0000,-4.8206,0.0000,-0.0000,0.1233,0.7071,0.7071,0.0000,0.0000,0.0000,0.0000,-0.0000,0.5128,0.5128,0.5128,0.5128,0.0000,0.0000,-10.0807,0.0000,0.0000,0.0000
193,0.7720,0.0000,-0.0000,-4.8105,0.0000,-0.0000,-4.8203,0.0000,-0.0000,0.1222,0.7071,0.7071,0.0000,0.0000,0.0000,0.0000,-0.0000,0.5127,0.5127,0.5127,0.5127,0.0000,0.0000,-10.0791,0.0000,0.0000,0.0000
194,0.7760,0.0000,-0.0000,-4.8100,0.0000,-0.0000,-4.8200,0.0000,-0.0000,0.1211,0.7071,0.7071,0.0000,0.0000,0.0000,0.0000,-0.0000,0.5126,0.5126,0.5126,0.5126,0.0000,0.0000,-10.0776,0.0000,0.0000,0.0000
195,0.7800,0.0000,-0.0000,-4.8096,0.0000,-0.0000,-4.8197,0.0000,-0.0000,0.1201,0.7071,0.7071,0.0000,0.0000,0.0000,0.0000,-0.0000,0.5126,0.5126,0.5126,0.5126,0.0000,-0.0000,-10.0760,0.0000,0.0000,0.0000
196,0.7840,0.0000,-0.0000,-4.8091,0.0000,-0.0000,-4.8194,0.0000,-0.0000,0.1190,0.7071,0.7071,0.0000,0.0000,0.0000,0.0000,-0.0000,0.5125,0.5125,0.5125,0.5125,0.0000,-0.0000,-10.0745,0.0000,0.0000,0.0000
197,0.7880,0.0000,-0.0000,-4.8086,0.0000,-0.0000,-4.8191,0.0000,-0.0000,0.1180,0.7071,0.7071,0.0000,0.0000,0.0000,0.0000,-0.0000,0.5124,0.5124,0.5124,0.5124,0.0000,0.0000,-10.0730,0.0000,0.0000,0.0000
198,0.7920,0.0000,-0.0000,-4.8081,0.0000,-0.0000,-4.8189,0.0000,-0.0000,0.1169,0.7071,0.7071,0.0000,0.0000,0.0000,0.0000,-0.0000,0.5123,0.5123,0.5123,0.5123,0.0000,0.0000,-10.0715,0.0000,0.0000,0.0000
199,0.7960,0.0000,-0.0000,-4.8077,0.0000,-0.0000,-4.8186,0.0000,-0.0000,0.1159,0.7071,0.7071,0.0000,0.0000,0.0000,0.0000,-0.0000,0.5123,0.5123,0.5123,0.5123,0.0000,0.0000,-10.0700,0.0000,0.0000,0.0000
200,0.8000,0.0000,-0.0000,-4.8072,0.0000,-0.0000,-4.8183,0.0000,-0.0000,0.1149,0.7071,0.7071,0.0000,0.0000,0.0000,0.0000,-0.0000,0.5122,0.5122,0.5122,0.5122,0.0000,0.0000,-10.0685,0.0000,0.0000,0.0000
201,0.8040,0.0000,-0.0000,-4.8068,0.0000,-0.0000,-4.8180,0.0000,-0.0000,0.1139,0.7071,0.7071,0.0000,0.0000,0.0000,0.0000,-0.0000,0.5121,0.5121,0.5121,0.5121,0.0000,0.0000,-10.0670,0.0000,0.0000,0.0000
202,0.8080,0.0000,-0.0000,-4.8063,0.0000,-0.0000,-4.8178,0.0000,-0.0000,0.1128,0.7071,0.7071,0.0000,0.0000,0.0000,0.0000,-0.0000,0.5121,0.5121,0.5121,0.5121,0.0000,0.0000,-10.0656,0.0000,0.0000,0.0000
203,0.8120,0.0000,-0.0000,-4.8059,0.0000,-0.0000,-4.8175,0.0000,-0.0000,0.1118,0.7071,0.7071,0.0000,0.0000,0.0000,0.0000,-0.0000,0.5120,0.5120,0.5120,0.5120,0.0000,0.0000,-10.0641,0.0000,0.0000,0.0000
204,0.8160,0.0000,-0.0000,-4.8054,0.0000,-0.0000,-4.8172,0.0000,-0.0000,0.1108,0.7071,0.7071,0.0000,0.0000,0.0000,0.0000,-0.0000,0.5119,0.5119,0.5119,0.5119,0.0000,-0.0000,-10.0627,0.0000,0.0000,0.0000
205,0.8200,0.0000,-0.0000,-4.8050,0.0000,-0.0000,-4.8170,0.0000,-0.0000,0.1098,0.7071,0.7071,0.0000,0.0000,0.0000,0.0000,-0.0000,0.5119,0.5119,0.5119,0.5119,0.0000,-0.0000,-10.0612,0.0000,0.0000,0.0000
206,0.8240,0.0000,-0.0000,-4.8045,0.0000,-0.0000,-4.8167,0.0000,-0.0000,0.1088,0.7071,0.7071,0.0000,0.0000,0.0000,0.0000,-0.0000,0.5118,0.5118,0.5118,0.5118,0.0000,-0.0000,-10.0598,0.0000,0.0000,0.0000
207,0.8280,0.0000,-0.0000,-4.8041,0.0000,-0.0000,-4.8165,0.0000,-0.0000,0.1079,0.7071,0.7071,0.0000,0.0000,0.0000,0.0000,-0.0000,0.5117,0.5117,0.5117,0.5117,0.0000,0.0000,-10.0583,0.0000,0.0000,0.0000
208,0.8320,0.0000,-0.0000,-4.8037,0.0000,-0.0000,-4.8162,0.0000,-0.0000,0.1069,0.7071,0.7071,0.0000,0.0000,0.0000,0.0000,-0.0000,0.5117,0.5117,0.5117,0.5117,0.0000,0.0000,-10.0569,0.0000,0.0000,0.0000
209,0.8360,0.0000,-0.0000,-4.8033,0.0000,-0.0000,-4.8160,0.0000,-0.0000,0.1059,0.7071,0.7071,0.0000,0.0000,0.0000,0.0000,-0.0000,0.5116,0.5116,0.5116,0.5116,0.0000,-0.0000,-10.0555,0.0000,0.0000,0.0000
210,0.8400,0.0000,-0.0000,-4.8028,0.0000,-0.0000,-4.8157,0.0000,-0.0000,0.1049,0.7071,0.7071,0.0000,0.0000,0.0000,0.0000,-0.0000,0.5115,0.5115,0.5115,0.5115,0.0000,-0.0000,-10.0541,0.0000,0.0000,0.0000
211,0.8440,0.0000,-0.0000,-4.8024,0.0000,-0.0000,-4.8155,0.0000,-0.0000,0.1040,0.7071,0.7071,0.0000,0.0000,0.0000,0.0000,-0.0000,0.5115,0.5115,0.5115,0.5115,0.0000,0.0000,-10.0527,0.0000,0.0000,0.0000
212,0.8480,0.0000,-0.0000,-4.8020,0.0000,-0.0000,-4.8153,0.0000,-0.0000,0.1030,0.7071,0.7071,0.0000,0.0000,0.0000,0.0000,-0.0000,0.5114,0.5114,0.5114,0.5114,0.0000,-0.0000,-10.0513,0.0000,0.0000,0.0000
213,0.8520,0.0000,-0.0000,-4.8016,0.0000,-0.0000,-4.8150,0.0000,-0.0000,0.1020,0.7071,0.7071,0.0000,0.0000,0.0000,0.0000,-0.0000,0.5113,0.5113,0.5113,0.5113,0.0000,0.0000,-10.0500,0.0000,0.0000,0.0000
214,0.8560,0.0000,-0.0000,-4.8012,0.0000,-0.0000,-4.8148,0.0000,-0.0000,0.1011,0.7071,0.7071,0.0000,0.0000,0.0000,0.0000,-0.0000,0.5113,0.5113,0.5113,0.5113,0.0000,-0.0000,-10.0486,0.0000,0.0000,0.0000
215,0.8600,0.0000,-0.0000,-4.8008,0.0000,-0.0000,-4.8146,0.0000,-0.0000,0.1002,0.7071,0.7071,0.0000,0.0000,0.0000,0.0000,-0.0000,0.5112,0.5112,0.5112,0.5112,0.0000,-0.0000,-10.0472,0.0000,0.0000,0.0000
216,0.8640,0.0000,-0.0000,-4.8004,0.0000,-0.0000,-4.8144,0.0000,-0.0000,0.0992,0.7071,0.7071,0.0000,0.0000,0.0000,0.0000,-0.0000,0.5111,0.5111,0.5111,0.5111,0.0000,-0.0000,-10.0459,0.0000,0.0000,0.0000
217,0.8680,0.0000,-0.0000,-4.8000,0.0000,-0.0000,-4.8141,0.0000,-0.0000,0.0983,0.7071,0.7071,0.0000,0.0000,0.0000,0.0000,-0.0000,0.5111,0.5111,0.5111,0.5111,0.0000,0.0000,-10.0445,0.0000,0.0000,0.0000
218,0.8720,0.0000,-0.0000,-4.7996,0.0000,-0.0000,-4.8139,0.0000,-0.0000,0.0974,0.7071,0.7071,0.0000,0.0000,0.0000,0.0000,-0.0000,0.5110,0.5110,0.5110,0.5110,0.0000,-0.0000,-10.0432,0.0000,0.0000,0.0000
219,0.8760,0.0000,-0.0000,-4.7992,0.0000,-0.0000,-4.8137,0.0000,-0.0000,0.0964,0.7071,0.7071,0.0000,0.0000,0.0000,0.0000,-0.0000,0.5110,0.5110,0.5110,0.5110,0.0000,0.0000,-10.0419,0.0000,0.0000,0.0000
220,0.8800,0.0000,-0.0000,-4.7989,0.0000,-0.0000,-4.8135,0.0000,-0.0000,0.0955,0.7071,0.7071,0.0000,0.0000,0.0000,0.0000,-0.0000,0.5109,0.5109,0.5109,0.5109,0.0000,0.0000,-10.0405,0.0000,0.0000,0.0000
221,0.8840,0.0000,-0.0000,-4.7985,0.0000,-0.0000,-4.8133,0.0000,-0.0000,0.0946,0.7071,0.7071,0.0000,0.0000,0.0000,0.0000,-0.0000,0.5108,0.5108,0.5108,0.5108,0.0000,-0.0000,-10.0392,0.0000,0.0000,0.0000
222,0.8880,0.0000,-0.0000,-4.7981,0.0000,-0.0000,-4.8131,0.0000,-0.0000,0.0937,0.7071,0.7071,0.0000,0.0000,0.0000,0.0000,-0.0000,0.5108,0.5108,0.5108,0.5108,0.0000,0.0000,-10.0379,0.0000,0.0000,0.0000
223,0.8920,0.0000,-0.0000,-4.7977,0.0000,-0.0000,-4.8129,0.0000,-0.0000,0.0928,0.7071,0.7071,0.0000,0.0000,0.0000,0.0000,-0.0000,0.5107,0.5107,0.5107,0.5107,0.0000,-0.0000,-10.0366,0.0000,0.0000,0.0000
224,0.8960,0.0000,-0.0000,-4.7974,0.0000,-0.0000,-4.8127,0.0000,-0.0000,0.0919,0.7071,0.7071,0.0000,0.0000,0.0000,0.0000,-0.0000,0.5106,0.5106,0.5106,0.5106,0.0000,0.0000,-10.0353,0.0000,0.0000,0.0000
225,0.9000,0.0000,-0.0000,-4.7970,0.0000,-0.0000,-4.8125,0.0000,-0.0000,0.0910,0.7071,0.7071,0.0000,0.0000,0.0000,0.0000,-0.0000,0.5106,0.5106,0.5106,0.5106,0.0000,-0.0000,-10.0340,0.0000,0.0000,0.0000
226,0.9040,0.0000,-0.0000,-4.7966,0.0000,-0.0000,-4.8123,0.0000,-0.0000,0.0901,0.7071,0.7071,0.0000,0.0000,0.0000,0.0000,-0.0000,0.5105,0.5105,0.5105,0.5105,0.0000,-0.0000,-10.0328,0.0000,0.0000,0.0000
227,0.9080,0.0000,-0.0000,-4.7963,0.0000,-0.0000,-4.8121,0.0000,-0.0000,0.0892,0.7071,0.7071,0.0000,0.0000,0.0000,0.0000,-0.0000,0.5105,0.5105,0.5105,0.5105,0.0000,-0.0000,-10.0315,0.0000,0.0000,0.0000
228,0.9120,0.0000,-0.0000,-4.7959,0.0000,-0.0000,-4.8119,0.0000,-0.0000,0.0884,0.7071,0.7071,0.0000,0.0000,0.0000,0.0000,-0.0000,0.5104,0.5104,0.5104,0.5104,0.0000,0.0000,-10.0302,0.0000,0.0000,0.0000
229,0.9160,0.0000,-0.0000,-4.7956,0.0000,-0.0000,-4.8118,0.0000,-0.0000,0.0875,0.7071,0.7071,0.0000,0.0000,0.0000,0.0000,-0.0000,0.5103,0.5103,0.5103,0.5103,0.0000,-0.0000,-10.0290,0.0000,0.0000,0.0000
230,0.9200,0.0000,-0.0000,-4.7952,0.0000,-0.0000,-4.8116,0.0000,-0.0000,0.0866,0.7071,0.7071,0.0000,0.0000,0.0000,0.0000,-0.0000,0.5103,0.5103,0.5103,0.5103,0.0000,0.0000,-10.0277,0.0000,0.0000,0.0000
231,0.9240,0.0000,-0.0000,-4.7949,0.0000,-0.0000,-4.8114,0.0000,-0.0000,0.0858,0.7071,0.7071,0.0000,0.0000,0.0000,0.0000,-0.0000,0.5102,0.5102,0.5102,0.5102,0.0000,0.0000,-10.0265,0.0000,0.0000,0.0000
232,0.9280,0.0000,-0.0000,-4.7946,0.0000,-0.0000,-4.8112,0.0000,-0.0000,0.0849,0.7071,0.7071,0.0000,0.0000,0.0000,0.0000,-0.0000,0.5102,0.5102,0.5102,0.5102,0.0000,0.0000,-10.0252,0.0000,0.0000,0.0000
233,0.9320,0.0000,-0.0000,-4.7942,0.0000,-0.0000,-4.8111,0.0000,-0.0000,0.0841,0.7071,0.7071,0.0000,0.0000,0.0000,0.0000,-0.0000,0.5101,0.5101,0.5101,0.5101,0.0000,-0.0000,-10.0240,0.0000,0.0000,0.0000
234,0.9360,0.0000,-0.0000,-4.7939,0.0000,-0.0000,-4.8109,0.0000,-0.0000,0.0832,0.7071,0.7071,0.0000,0.0000,0.0000,0.0000,-0.0000,0.5101,0.5101,0.5101,0.5101,0.0000,-0.0000,-10.0228,0.0000,0.0000,0.0000
235,0.9400,0.0000,-0.0000,-4.7936,0.0000,-0.0000,-4.8108,0.0000,-0.0000,0.0824,0.7071,0.7071,0.0000,0.0000,0.0000,0.0000,-0.0000,0.5100,0.5100,0.5100,0.5100,0.0000,0.0000,-10.0216,0.0000,0.0000,0.0000
236,0.9440,0.0000,-0.0000,-4.7932,0.0000,-0.0000,-4.8106,0.0000,-0.0000,0.0815,0.7071,0.7071,0.0000,0.0000,0.0000,0.0000,-0.0000,0.5099,0.5099,0.5099,0.5099,0.0000,0.0000,-10.0204,0.0000,0.0000,0.0000
237,0.9480,0.0000,-0.0000,-4.7929,0.0000,-0.0000,-4.8104,0.0000,-0.0000,0.0807,0.7071,0.7071,0.0000,0.0000,0.0000,0.0000,-0.0000,0.5099,0.5099,0.5099,0.5099,0.0000,-0.0000,-10.0192,0.0000,0.0000,0.0000
238,0.9520,0.0000,-0.0000,-4.7926,0.0000,-0.0000,-4.8103,0.0000,-0.0000,0.0799,0.7071,0.7071,0.0000,0.0000,0.0000,0.0000,-0.0000,0.5098,0.5098,0.5098,0.5098,0.0000,0.0000,-10.0180,0.0000,0.0000,0.0000
239,0.9560,0.0000,-0.0000,-4.7923,0.0000,-0.0000,-4.8101,0.0000,-0.0000,0.0791,0.7071,0.7071,0.0000,0.0000,0.0000,0.0000,-0.0000,0.5098,0.5098,0.5098,0.5098,0.0000,0.0000,-10.0168,0.0000,0.0000,0.0000
240,0.9600,0.0000,-0.0000,-4.7920,0.0000,-0.0000,-4.8100,0.0000,-0.0000,0.0782,0.7071,0.7071,0.0000,0.0000,0.0000,0.0000,-0.0000,0.5097,0.5097,0.5097,0.5097,0.0000,-0.0000,-10.0156,0.0000,0.0000,0.0000
241,0.9640,0.0000,-0.0000,-4.7916,0.0000,-0.0000,-4.8098,0.0000,-0.0000,0.0774,0.7071,0.7071,0.0000,0.0000,0.0000,0.0000,-0.0000,0.5097,0.5097,0.5097,0.5097,0.0000,-0.0000,-10.0145,0.0000,0.0000,0.0000
242,0.9680,0.0000,-0.0000,-4.7913,0.0000,-0.0000,-4.8097,0.0000,-0.0000,0.0766,0.7071,0.7071,0.0000,0.0000,0.0000,0.0000,-0.0000,0.5096,0.5096,0.5096,0.5096,0.0000,-0.0000,-10.0133,0.0000,0.0000,0.0000
243,0.9720,0.0000,-0.0000,-4.7910,0.0000,-0.0000,-4.8096,0.0000,-0.0000,0.0758,0.7071,0.7071,0.0000,0.0000,0.0000,0.0000,-0.0000,0.5096,0.5096,0.5096,0.5096,0.0000,0.0000,-10.0121,0.0000,0.0000,0.0000
244,0.9760,0.0000,-0.0000,-4.7907,0.0000,-0.0000,-4.8094,0.0000,-0.0000,0.0750,0.7071,0.7071,0.0000,0.0000,0.0000,0.0000,-0.0000,0.5095,0.5095,0.5095,0.5095,0.0000,0.0000,-10.0110,0.0000,0.0000,0.0000
245,0.9800,0.0000,-0.0000,-4.7904,0.0000,-0.0000,-4.8093,0.0000,-0.0000,0.0742,0.7071,0.7071,0.0000,0.0000,0.0000,0.0000,-0.0000,0.5094,0.5094,0.5094,0.5094,0.0000,0.0000,-10.0098,0.0000,0.0000,0.0000
246,0.9840,0.0000,-0.0000,-4.7901,0.0000,-0.0000,-4.8092,0.0000,-0.0000,0.0734,0.7071,0.7071,0.0000,0.0000,0.0000,0.0000,-0.0000,0.5094,0.5094,0.5094,0.5094,0.0000,-0.0000,-10.0087,0.0000,0.0000,0.0000
247,0.9880,0.0000,-0.0000,-4.7899,0.0000,-0.0000,-4.8090,0.0000,-0.0000,0.0726,0.7071,0.7071,0.0000,0.0000,0.0000,0.0000,-0.0000,0.5093,0.5093,0.5093,0.5093,0.0000,-0.0000,-10.0076,0.0000,0.0000,0.0000
248,0.9920,0.0000,-0.0000,-4.7896,0.0000,-0.0000,-4.8089,0.0000,-0.0000,0.0719,0.7071,0.7071,0.0000,0.0000,0.0000,0.0000,-0.0000,0.5093,0.5093,0.5093,0.5093,0.0000,-0.0000,-10.0064,0.0000,0.0000,0.0000
249,0.9960,0.0000,-0.0000,-4.7893,0.0000,-0.0000,-4.8088,0.0000,-0.0000,0.0711,0.7071,0.7071,0.0000,0.0000,0.0000,0.0000,-0.0000,0.5092,0.5092,0.5092,0.5092,0.0000,0.0000,-10.0053,0.0000,0.0000,0.0000
250,1.0000,0.0000,-0.0000,-4.7890,0.0000,-0.0000,-4.8087,0.0000,-0.0000,0.0703,0.7071,0.7071,0.0000,0.0000,0.0000,0.0000,-0.0000,0.5092,0.5092,0.5092,0.5092,0.0000,0.0000,-10.0042,0.0000,0.0000,0.0000
251,1.0040,0.0000,-0.0000,-4.7887,0.0000,-0.0000,-4.8086,0.0000,-0.0000,0.0695,0.7071,0.7071,0.0000,0.0000,0.0000,0.0000,-0.0000,0.5091,0.5091,0.5091,0.5091,0.0000,0.0000,-10.0031,0.0000,0.0000,0.0000
252,1.0080,0.0000,-0.0000,-4.7884,0.0000,-0.0000,-4.8085,0.0000,-0.0000,0.0688,0.7071,0.7071,0.0000,0.0000,0.0000,0.0000,-0.0000,0.5091,0.5091,0.5091,0.5091,0.0000,0.0000,-10.0020,0.0000,0.0000,0.0000
253,1.0120,0.0000,-0.0000,-4.7882,0.0000,-0.0000,-4.8084,0.0000,-0.0000,0.0680,0.7071,0.7071,0.0000,0.0000,0.0000,0.0000,-0.0000,0.5090,0.5090,0.5090,0.5090,0.0000,-0.0000,-10.0009,0.0000,0.0000,0.0000
254,1.0160,0.0000,-0.0000,-4.7879,0.0000,-0.0000,-4.8082,0.0000,-0.0000,0.0673,0.7071,0.7071,0.0000,0.0000,0.0000,0.0000,-0.0000,0.5090,0.5090,0.5090,0.5090,0.0000,-0.0000,-9.9998,0.0000,0.0000,0.0000
255,1.0200,0.0000,-0.0000,-4.7876,0.0000,-0.0000,-4.8081,0.0000,-0.0000,0.0665,0.7071,0.7071,0.0000,0.0000,0.0000,0.0000,-0.0000,0.5089,0.5089,0.5089,0.5089,0.0000,0.0000,-9.9988,0.0000,0.0000,0.0000
256,1.0240,0.0000,-0.0000,-4.7874,0.0000,-0.0000,-4.8080,0.0000,-0.0000,0.0658,0.7071,0.7071,0.0000,0.0000,0.0000,0.0000,-0.0000,0.5089,0.5089,0.5089,0.5089,0.0000,-0.0000,-9.9977,0.0000,0.0000,0.0000
257,1.0280,0.0000,-0.0000,-4.7871,0.0000,-0.0000,-4.8079,0.0000,-0.0000,0.0650,0.7071,0.7071,0.0000,0.0000,0.0000,0.0000,-0.0000,0.5088,0.5088,0.5088,0.5088,0.0000,0.0000,-9.9966,0.0000,0.0000,0.0000
258,1.0320,0.0000,-0.0000,-4.7869,0.0000,-0.0000,-4.8078,0.0000,-0.0000,0.0643,0.7071,0.7071,0.0000,0.0000,0.0000,0.0000,-0.0000,0.5088,0.5088,0.5088,0.5088,0.0000,0.0000,-9.9956,0.0000,0.0000,0.0000
259,1.0360,0.0000,-0.0000,-4.7866,0.0000,-0.0000,-4.8078,0.0000,-0.0000,0.0636,0.7071,0.7071,0.0000,0.0000,0.0000,0.0000,-0.0000,0.5087,0.5087,0.5087,0.5087,0.0000,-0.0000,-9.9945,0.0000,0.0000,0.0000
260,1.0400,0.0000,-0.0000,-4.7864,0.0000,-0.0000,-4.8077,0.0000,-0.0000,0.0628,0.7071,0.7071,0.0000,0.0000,0.0000,0.0000,-0.0000,0.5087,0.5087,0.5087,0.5087,0.0000,-0.0000,-9.9934,0.0000,0.0000,0.0000
261,1.0440,0.0000,-0.0000,-4.7861,0.0000,-0.0000,-4.8076,0.0000,-0.0000,0.0621,0.7071,0.7071,0.0000,0.0000,0.0000,0.0000,-0.0000,0.5086,0.5086,0.5086,0.5086,0.0000,-0.0000,-9.9924,0.0000,0.0000,0.0000
262,1.0480,0.0000,-0.0000,-4.7859,0.0000,-0.0000,-4.8075,0.0000,-0.0000,0.0614,0.7071,0.7071,0.0000,0.0000,0.0000,0.0000,-0.0000,0.5086,0.5086,0.5086,0.5086,0.0000,-0.0000,-9.9914,0.0000,0.0000,0.0000
263,1.0520,0.0000,-0.0000,-4.7856,0.0000,-0.0000,-4.8074,0.0000,-0.0000,0.0607,0.7071,0.7071,0.0000,0.0000,0.0000,0.0000,-0.0000,0.5085,0.5085,0.5085,0.5085,0.0000,-0.0000,-9.9903,0.0000,0.0000,0.0000
264,1.0560,0.0000,-0.0000,-4.7854,0.0000,-0.0000,-4.8073,0.0000,-0.0000,0.0599,0.7071,0.7071,0.0000,0.0000,0.0000,0.0000,-0.0000,0.5085,0.5085,0.5085,0.5085,0.0000,-0.0000,-9.9893,0.0000,0.0000,0.0000
265,1.0600,0.0000,-0.0000,-4.7851,0.0000,-0.0000,-4.8073,0.0000,-0.0000,0.0592,0.7071,0.7071,0.0000,0.0000,0.0000,0.0000,-0.0000,0.5084,0.5084,0.5084,0.5084,0.0000,0.0000,-9.9883,0.0000,0.0000,0.0000
266,1.0640,0.0000,-0.0000,-4.7849,0.0000,-0.0000,-4.8072,0.0000,-0.0000,0.0585,0.7071,0.7071,0.0000,0.0000,0.0000,0.0000,-0.0000,0.5084,0.5084,0.5084,0.5084,0.0000,0.0000,-9.9873,0.0000,0.0000,0.0000
267,1.0680,0.0000,-0.0000,-4.7847,0.0000,-0.0000,-4.8071,0.0000,-0.0000,0.0578,0.7071,0.7071,0.0000,0.0000,0.0000,0.0000,-0.0000,0.5083,0.5083,0.5083,0.5083,0.0000,-0.0000,-9.9863,0.0000,0.0000,0.0000
268,1.0720,0.0000,-0.0000,-4.7844,0.0000,-0.0000,-4.8070,0.0000,-0.0000,0.0571,0.7071,0.7071,0.0000,0.0000,0.0000,0.0000,-0.0000,0.5083,0.5083,0.5083,0.5083,0.0000,-0.0000,-9.9853,0.0000,0.0000,0.0000
269,1.0760,0.0000,-0.0000,-4.7842,0.0000,-0.0000,-4.8070,0.0000,-0.0000,0.0564,0.7071,0.7071,0.0000,0.0000,0.0000,0.0000,-0.0000,0.5082,0.5082,0.5082,0.5082,0.0000,-0.0000,-9.9843,0.0000,0.0000,0.0000
270,1.0800,0.0000,-0.0000,-4.7840,0.0000,-0.0000,-4.8069,0.0000,-0.0000,0.0558,0.7071,0.7071,0.0000,0.0000,0.0000,0.0000,-0.0000,0.5082,0.5082,0.5082,0.5082,0.0000,0.0000,-9.9833,0.0000,0.0000,0.0000
271,1.0840,0.0000,-0.0000,-4.7838,0.0000,-0.0000,-4.8068,0.0000,-0.0000,0.0551,0.7071,0.7071,0.0000,0.0000,0.0000,0.0000,-0.0000,0.5082,0.5082,0.5082,0.5082,0.0000,-0.0000,-9.9823,0.0000,0.0000,0.0000
272,1.0880,0.0000,-0.0000,-4.7836,0.0000,-0.0000,-4.8068,0.0000,-0.0000,0.0544,0.7071,0.7071,0.0000,0.0000,0.0000,0.0000,-0.0000,0.5081,0.5081,0.5081,0.5081,0.0000,0.0000,-9.9813,0.0000,0.0000,0.0000
273,1.0920,0.0000,-0.0000,-4.7833,0.0000,-0.0000,-4.8067,0.0000,-0.0000,0.0537,0.7071,0.7071,0.0000,0.0000,0.0000,0.0000,-0.0000,0.5081,0.5081,0.5081,0.5081,0.0000,-0.0000,-9.9804,0.0000,0.0000,0.0000
274,1.0960,0.0000,-0.0000,-4.7831,0.0000,-0.0000,-4.8067,0.0000,-0.0000,0.0530,0.7071,0.7071,0.0000,0.0000,0.0000,0.0000,-0.0000,0.5080,0.5080,0.5080,0.5080,0.0000,-0.0000,-9.9794,0.0000,0.0000,0.0000
275,1.1000,0.0000,-0.0000,-4.7829,0.0000,-0.0000,-4.8066,0.0000,-0.0000,0.0524,0.7071,0.7071,0.0000,0.0000,0.0000,0.0000,-0.0000,0.5080,0.5080,0.5080,0.5080,0.0000,0.0000,-9.9784,0.0000,0.0000,0.0000
276,1.1040,0.0000,-0.0000,-4.7827,0.0000,-0.0000,-4.8066,0.0000,-0.0000,0.0517,0.7071,0.7071,0.0000,0.0000,0.0000,0.0000,-0.0000,0.5079,0.5079,0.5079,0.5079,0.0000,-0.0000,-9.9775,0.0000,0.0000,0.0000
277,1.1080,0.0000,-0.0000,-4.7825,0.0000,-0.0000,-4.8065,0.0000,-0.0000,0.0510,0.7071,0.7071,0.0000,0.0000,0.0000,0.0000,-0.0000,0.5079,0.5079,0.5079,0.5079,0.0000,-0.0000,-9.9765,0.0000,0.0000,0.0000
278,1.1120,0.0000,-0.0000,-4.7823,0.0000,-0.0000,-4.8065,0.0000,-0.0000,0.0504,0.7071,0.7071,0.0000,0.0000,0.0000,0.0000,-0.0000,0.5078,0.5078,0.5078,0.5078,0.0000,-0.0000,-9.9756,0.0000,0.0000,0.0000
279,1.1160,0.0000,-0.0000,-4.7821,0.0000,-0.0000,-4.8064,0.0000,-0.0000,0.0497,0.7071,0.7071,0.0000,0.0000,0.0000,0.0000,-0.0000,0.5078,0.5078,0.5078,0.5078,0.0000,-0.0000,-9.9746,0.0000,0.0000,0.0000
280,1.1200,0.0000,-0.0000,-4.7819,0.0000,-0.0000,-4.8064,0.0000,-0.0000,0.0491,0.7071,0.7071,0.0000,0.0000,0.0000,0.0000,-0.0000,0.5077,0.5077,0.5077,0.5077,0.0000,-0.0000,-9.9737,0.0000,0.0000,0.0000
281,1.1240,0.0000,-0.0000,-4.7817,0.0000,-0.0000,-4.8064,0.0000,-0.0000,0.0484,0.7071,0.7071,0.0000,0.0000,0.0000,0.0000,-0.0000,0.5077,0.5077,0.5077,0.5077,0.0000,-0.0000,-9.9728,0.0000,0.0000,0.0000
282,1.1280,0.0000,-0.0000,-4.7815,0.0000,-0.0000,-4.8063,0.0000,-0.0000,0.0478,0.7071,0.7071,0.0000,0.0000,0.0000,0.0000,-0.0000,0.5077,0.5077,0.5077,0.5077,0.0000,-0.0000,-9.9719,0.0000,0.0000,0.0000
283,1.1320,0.0000,-0.0000,-4.7813,0.0000,-0.0000,-4.8063,0.0000,-0.0000,0.0471,0.7071,0.7071,0.0000,0.0000,0.0000,0.0000,-0.0000,0.5076,0.5076,0.5076,0.5076,0.0000,0.0000,-9.9709,0.0000,0.0000,0.0000
284,1.1360,0.0000,-0.0000,-4.7812,0.0000,-0.0000,-4.8063,0.0000,-0.0000,0.0465,0.7071,0.7071,0.0000,0.0000,0.0000,0.0000,-0.0000,0.5076,0.5076,0.5076,0.5076,0.0000,-0.0000,-9.9700,0.0000,0.0000,0.0000
285,1.1400,0.0000,-0.0000,-4.7810,0.0000,-0.0000,-4.8062,0.0000,-0.0000,0.0459,0.7071,0.7071,0.0000,0.0000,0.0000,0.0000,-0.0000,0.5075,0.5075,0.5075,0.5075,0.0000,0.0000,-9.9691,0.0000,0.0000,0.0000
286,1.1440,0.0000,-0.0000,-4.7808,0.0000,-0.0000,-4.8062,0.0000,-0.0000,0.0452,0.7071,0.7071,0.0000,0.0000,0.0000,0.0000,-0.0000,0.5075,0.5075,0.5075,0.5075,0.0000,0.0000,-9.9682,0.0000,0.0000,0.0000
287,1.1480,0.0000,-0.0000,-4.7806,0.0000,-0.0000,-4.8062,0.0000,-0.0000,0.0446,0.7071,0.7071,0.0000,0.0000,0.0000,0.0000,-0.0000,0.5074,0.5074,0.5074,0.5074,0.0000,-0.0000,-9.9673,0.0000,0.0000,0.0000
288,1.1520,0.0000,-0.0000,-4.7804,0.0000,-0.0000,-4.8062,0.0000,-0.0000,0.0440,0.7071,0.7071,0.0000,0.0000,0.0000,0.0000,-0.0000,0.5074,0.5074,0.5074,0.5074,0.0000,0.0000,-9.9664,0.0000,0.0000,0.0000
289,1.1560,0.0000,-0.0000,-4.7803,0.0000,-0.0000,-4.8062,0.0000,-0.0000,0.0434,0.7071,0.7071,0.0000,0.0000,0.0000,0.0000,-0.0000,0.5074,0.5074,0.5074,0.5074,0.0000,-0.0000,-9.9656,0.0000,0.0000,0.0000
290,1.1600,0.0000,-0.0000,-4.7801,0.0000,-0.0000,-4.8062,0.0000,-0.0000,0.0428,0.7071,0.7071,0.0000,0.0000,0.0000,0.0000,-0.0000,0.5073,0.5073,0.5073,0.5073,0.0000,0.0000,-9.9647,0.0000,0.0000,0.0000
291,1.1640,0.0000,-0.0000,-4.7799,0.0000,-0.0000,-4.8061,0.0000,-0.0000,0.0421,0.7071,0.7071,0.0000,0.0000,0.0000,0.0000,-0.0000,0.5073,0.5073,0.5073,0.5073,0.0000,0.0000,-9.9638,0.0000,0.0000,0.0000
292,1.1680,0.0000,-0.0000,-4.7798,0.0000,-0.0000,-4.8061,0.0000,-0.0000,0.0415,0.7071,0.7071,0.0000,0.0000,0.0000,0.0000,-0.0000,0.5072,0.5072,0.5072,0.5072,0.0000,0.0000,-9.9629,0.0000,0.0000,0.0000
293,1.1720,0.0000,-0.0000,-4.7796,0.0000,-0.0000,-4.8061,0.0000,-0.0000,0.0409,0.7071,0.7071,0.0000,0.0000,0.0000,0.0000,-0.0000,0.5072,0.5072,0.5072,0.5072,0.0000,-0.0000,-9.9621,0.0000,0.0000,0.0000
294,1.1760,0.0000,-0.0000,-4.7794,0.0000,-0.0000,-4.8061,0.0000,-0.0000,0.0403,0.7071,0.7071,0.0000,0.0000,0.0000,0.0000,-0.0000,0.5072,0.5072,0.5072,0.5072,0.0000,-0.0000,-9.9612,0.0000,0.0000,0.0000
295,1.1800,0.0000,-0.0000,-4.7793,0.0000,-0.0000,-4.8061,0.0000,-0.0000,0.0397,0.7071,0.7071,0.0000,0.0000,0.0000,0.0000,-0.0000,0.5071,0.5071,0.5071,0.5071,0.0000,-0.0000,-9.9604,0.0000,0.0000,0.0000
296,1.1840,0.0000,-0.0000,-4.7791,0.0000,-0.0000,-4.8061,0.0000,-0.0000,0.0391,0.7071,0.7071,0.0000,0.0000,0.0000,0.0000,-0.0000,0.5071,0.5071,0.5071,0.5071,0.0000,-0.0000,-9.9595,0.0000,0.0000,0.0000
297,1.1880,0.0000,-0.0000,-4.7790,0.0000,-0.0000,-4.8061,0.0000,-0.0000,0.0385,0.7071,0.7071,0.0000,0.0000,0.0000,0.0000,-0.0000,0.5070,0.5070,0.5070,0.5070,0.0000,0.0000,-9.9587,0.0000,0.0000,0.0000
298,1.1920,0.0000,-0.0000,-4.7788,0.0000,-0.0000,-4.8061,0.0000,-0.0000,0.0380,0.7071,0.7071,0.0000,0.0000,0.0000,0.0000,-0.0000,0.5070,0.5070,0.5070,0.5070,0.0000,0.0000,-9.9578,0.0000,0.0000,0.0000
299,1.1960,0.0000,-0.0000,-4.7787,0.0000,-0.0000,-4.8061,0.0000,-0.0000,0.0374,0.7071,0.7071,0.0000,0.0000,0.0000,0.0000,-0.0000,0.5070,0.5070,0.5070,0.5070,0.0000,-0.0000,-9.9570,0.0000,0.0000,0.0000
300,1.2000,0.0000,-0.0000,-4.7785,0.0000,-0.0000,-4.8061,0.0000,-0.0000,0.0368,0.7071,0.7071,0.0000,0.0000,0.0000,0.0000,-0.0000,0.5069,0.5069,0.5069,0.5069,0.0000,0.0000,-9.9562,0.0000,0.0000,0.0000
301,1.2040,0.0000,-0.0000,-4.7784,0.0000,-0.0000,-4.8061,0.0000,-0.0000,0.0362,0.7071,0.7071,0.0000,0.0000,0.0000,0.0000,-0.0000,0.5069,0.5069,0.5069,0.5069,0.0000,-0.0000,-9.9553,0.0000,0.0000,0.0000
302,1.2080,0.0000,-0.0000,-4.7782,0.0000,-0.0000,-4.8061,0.0000,-0.0000,0.0356,0.7071,0.7071,0.0000,0.0000,0.0000,0.0000,-0.0000,0.5068,0.5068,0.5068,0.5068,0.0000,-0.0000,-9.9545,0.0000,0.0000,0.0000
303,1.2120,0.0000,-0.0000,-4.7781,0.0000,-0.0000,-4.8062,0.0000,-0.0000,0.0351,0.7071,0.7071,0.0000,0.0000,0.0000,0.0000,-0.0000,0.5068,0.5068,0.5068,0.5068,0.0000,-0.0000,-9.9537,0.0000,0.0000,0.0000
304,1.2160,0.0000,-0.0000,-4.7780,0.0000,-0.0000,-4.8062,0.0000,-0.0000,0.0345,0.7071,0.7071,0.0000,0.0000,0.0000,0.0000,-0.0000,0.5068,0.5068,0.5068,0.5068,0.0000,0.0000,-9.9529,0.0000,0.0000,0.0000
305,1.2200,0.0000,-0.0000,-4.7778,0.0000,-0.0000,-4.8062,0.0000,-0.0000,0.0339,0.7071,0.7071,0.0000,0.0000,0.0000,0.0000,-0.0000,0.5067,0.5067,0.5067,0.5067,0.0000,0.0000,-9.9521,0.0000,0.0000,0.0000
306,1.2240,0.0000,-0.0000,-4.7777,0.0000,-0.0000,-4.8062,0.0000,-0.0000,0.0334,0.7071,0.7071,0.0000,0.0000,0.0000,0.0000,-0.0000,0.5067,0.5067,0.5067,0.5067,0.0000,-0.0000,-9.9513,0.0000,0.0000,0.0000
307,1.2280,0.0000,-0.0000,-4.7776,0.0000,-0.0000,-4.8062,0.0000,-0.0000,0.0328,0.7071,0.7071,0.0000,0.0000,0.0000,0.0000,-0.0000,0.5067,0.5067,0.5067,0.5067,0.0000,0.0000,-9.9505,0.0000,0.0000,0.0000
308,1.2320,0.0000,-0.0000,-4.7774,0.0000,-0.0000,-4.8063,0.0000,-0.0000,0.0323,0.7071,0.7071,0.0000,0.0000,0.0000,0.0000,-0.0000,0.5066,0.5066,0.5066,0.5066,0.0000,-0.0000,-9.9497,0.0000,0.0000,0.0000
309,1.2360,0.0000,-0.0000,-4.7773,0.0000,-0.0000,-4.8063,0.0000,-0.0000,0.0317,0.7071,0.7071,0.0000,0.0000,0.0000,0.0000,-0.0000,0.5066,0.5066,0.5066,0.5066,0.0000,0.0000,-9.9489,0.0000,0.0000,0.0000
310,1.2400,0.0000,-0.0000,-4.7772,0.0000,-0.0000,-4.8063,0.0000,-0.0000,0.0312,0.7071,0.7071,0.0000,0.0000,0.0000,0.0000,-0.0000,0.5065,0.5065,0.5065,0.5065,0.0000,-0.0000,-9.9481,0.0000,0.0000,0.0000
311,1.2440,0.0000,-0.0000,-4.7770,0.0000,-0.0000,-4.8063,0.0000,-0.0000,0.0306,0.7071,0.7071,0.0000,0.0000,0.0000,0.0000,-0.0000,0.5065,0.5065,0.5065,0.5065,0.0000,-0.0000,-9.9474,0.0000,0.0000,0.0000
312,1.2480,0.0000,-0.0000,-4.7769,0.0000,-0.0000,-4.8064,0.0000,-0.0000,0.0301,0.7071,0.7071,0.0000,0.0000,0.0000,0.0000,-0.0000,0.5065,0.5065,0.5065,0.5065,0.0000,-0.0000,-9.9466,0.0000,0.0000,0.0000
313,1.2520,0.0000,-0.0000,-4.7768,0.0000,-0.0000,-4.8064,0.0000,-0.0000,0.0295,0.7071,0.7071,0.0000,0.0000,0.0000,0.0000,-0.0000,0.5064,0.5064,0.5064,0.5064,0.0000,-0.0000,-9.9458,0.0000,0.0000,0.0000
314,1.2560,0.0000,-0.0000,-4.7767,0.0000,-0.0000,-4.8064,0.0000,-0.0000,0.0290,0.7071,0.7071,0.0000,0.0000,0.0000,0.0000,-0.0000,0.5064,0.5064,0.5064,0.5064,0.0000,-0.0000,-9.9451,0.0000,0.0000,0.0000
315,1.2600,0.0000,-0.0000,-4.7766,0.0000,-0.0000,-4.8065,0.0000,-0.0000,0.0285,0.7071,0.7071,0.0000,0.0000,0.0000,0.0000,-0.0000,0.5064,0.5064,0.5064,0.5064,0.0000,0.0000,-9.9443,0.0000,0.0000,0.0000
316,1.2640,0.0000,-0.0000,-4.7765,0.0000,-0.0000,-4.8065,0.0000,-0.0000,0.0279,0.7071,0.7071,0.0000,0.0000,0.0000,0.0000,-0.0000,0.5063,0.5063,0.5063,0.5063,0.0000,0.0000,-9.9435,0.0000,0.0000,0.0000
317,1.2680,0.0000,-0.0000,-4.7764,0.0000,-0.0000,-4.8066,0.0000,-0.0000,0.0274,0.7071,0.7071,0.0000,0.0000,0.0000,0.0000,-0.0000,0.5063,0.5063,0.5063,0.5063,0.0000,0.0000,-9.9428,0.0000,0.0000,0.0000
318,1.2720,0.0000,-0.0000,-4.7763,0.0000,-0.0000,-4.8066,0.0000,-0.0000,0.0269,0.7071,0.7071,0.0000,0.0000,0.0000,0.0000,-0.0000,0.5063,0.5063,0.5063,0.5063,0.0000,-0.0000,-9.9421,0.0000,0.0000,0.0000
319,1.2760,0.0000,-0.0000,-4.7761,0.0000,-0.0000,-4.8067,0.0000,-0.0000,0.0263,0.7071,0.7071,0.0000,0.0000,0.0000,0.0000,-0.0000,0.5062,0.5062,0.5062,0.5062,0.0000,0.0000,-9.9413,0.0000,0.0000,0.0000
320,1.2800,0.0000,-0.0000,-4.7760,0.0000,-0.0000,-4.8067,0.0000,-0.0000,0.0258,0.7071,0.7071,0.0000,0.0000,0.0000,0.0000,-0.0000,0.5062,0.5062,0.5062,0.5062,0.0000,-0.0000,-9.9406,0.0000,0.0000,0.0000
321,1.2840,0.0000,-0.0000,-4.7759,0.0000,-0.0000,-4.8068,0.0000,-0.0000,0.0253,0.7071,0.7071,0.0000,0.0000,0.0000,0.0000,-0.0000,0.5062,0.5062,0.5062,0.5062,0.0000,0.0000,-9.9398,0.0000,0.0000,0.0000
322,1.2880,0.0000,-0.0000,-4.7758,0.0000,-0.0000,-4.8068,0.0000,-0.0000,0.0248,0.7071,0.7071,0.0000,0.0000,0.0000,0.0000,-0.0000,0.5061,0.5061,0.5061,0.5061,0.0000,-0.0000,-9.9391,0.0000,0.0000,0.0000
323,1.2920,0.0000,-0.0000,-4.7757,0.0000,-0.0000,-4.8069,0.0000,-0.0000,0.0243,0.7071,0.7071,0.0000,0.0000,0.0000,0.0000,-0.0000,0.5061,0.5061,0.5061,0.5061,0.0000,0.0000,-9.9384,0.0000,0.0000,0.0000
324,1.2960,0.0000,-0.0000,-4.7757,0.0000,-0.0000,-4.8069,0.0000,-0.0000,0.0238,0.7071,0.7071,0.0000,0.0000,0.0000,0.0000,-0.0000,0.5061,0.5061,0.5061,0.5061,0.0000,0.0000,-9.9377,0.0000,0.0000,0.0000
325,1.3000,0.0000,-0.0000,-4.7756,0.0000,-0.0000,-4.8070,0.0000,-0.0000,0.0233,0.7071,0.7071,0.0000,0.0000,0.0000,0.0000,-0.0000,0.5060,0.5060,0.5060,0.5060,0.0000,0.0000,-9.9370,0.0000,0.0000,0.0000
326,1.3040,0.0000,-0.0000,-4.7755,0.0000,-0.0000,-4.8070,0.0000,-0.0000,0.0228,0.7071,0.7071,0.0000,0.0000,0.0000,0.0000,-0.0000,0.5060,0.5060,0.5060,0.5060,0.0000,-0.0000,-9.9363,0.0000,0.0000,0.0000
327,1.3080,0.0000,-0.0000,-4.7754,0.0000,-0.0000,-4.8071,0.0000,-0.0000,0.0223,0.7071,0.7071,0.0000,0.0000,0.0000,0.0000,-0.0000,0.5060,0.5060,0.5060,0.5060,0.0000,-0.0000,-9.9356,0.0000,0.0000,0.0000
328,1.3120,0.0000,-0.0000,-4.7753,0.0000,-0.0000,-4.8072,0.0000,-0.0000,0.0218,0.7071,0.7071,0.0000,0.0000,0.0000,0.0000,-0.0000,0.5059,0.5059,0.5059,0.5059,0.0000,0.0000,-9.9348,0.0000,0.0000,0.0000
329,1.3160,0.0000,-0.0000,-4.7752,0.0000,-0.0000,-4.8072,0.0000,-0.0000,0.0213,0.7071,0.7071,0.0000,0.0000,0.0000,0.0000,-0.0000,0.5059,0.5059,0.5059,0.5059,0.0000,0.0000,-9.9342,0.0000,0.0000,0.0000
330,1.3200,0.0000,-0.0000,-4.7751,0.0000,-0.0000,-4.8073,0.0000,-0.0000,0.0208,0.7071,0.7071,0.0000,0.0000,0.0000,0.0000,-0.0000,0.5059,0.5059,0.5059,0.5059,0.0000,0.0000,-9.9335,0.0000,0.0000,0.0000
331,1.3240,0.0000,-0.0000,-4.7750,0.0000,-0.0000,-4.8074,0.0000,-0.0000,0.0203,0.7071,0.7071,0.0000,0.0000,0.0000,0.0000,-0.0000,0.5058,0.5058,0.5058,0.5058,0.0000,0.0000,-9.9328,0.0000,0.0000,0.0000
332,1.3280,0.0000,-0.0000,-4.7750,0.0000,-0.0000,-4.8074,0.0000,-0.0000,0.0198,0.7071,0.7071,0.0000,0.0000,0.0000,0.0000,-0.0000,0.5058,0.5058,0.5058,0.5058,0.0000,0.0000,-9.9321,0.0000,0.0000,0.0000
333,1.3320,0.0000,-0.0000,-4.7749,0.0000,-0.0000,-4.8075,0.0000,-0.0000,0.0193,0.7071,0.7071,0.0000,0.0000,0.0000,0.0000,-0.0000,0.5058,0.5058,0.5058,0.5058,0.0000,0.0000,-9.9314,0.0000,0.0000,0.0000
334,1.3360,0.0000,-0.0000,-4.7748,0.0000,-0.0000,-4.8076,0.0000,-0.0000,0.0189,0.7071,0.7071,0.0000,0.0000,0.0000,0.0000,-0.0000,0.5057,0.5057,0.5057,0.5057,0.0000,0.0000,-9.9307,0.0000,0.0000,0.0000
335,1.3400,0.0000,-0.0000,-4.7747,0.0000,-0.0000,-4.8077,0.0000,-0.0000,0.0184,0.7071,0.7071,0.0000,0.0000,0.0000,0.0000,-0.0000,0.5057,0.5057,0.5057,0.5057,0.0000,-0.0000,-9.9301,0.0000,0.0000,0.0000
336,1.3440,0.0000,-0.0000,-4.7747,0.0000,-0.0000,-4.8077,0.0000,-0.0000,0.0179,0.7071,0.7071,0.0000,0.0000,0.0000,0.0000,-0.0000,0.5057,0.5057,0.5057,0.5057,0.0000,-0.0000,-9.9294,0.0000,0.0000,0.0000
337,1.3480,0.0000,-0.0000,-4.7746,0.0000,-0.0000,-4.8078,0.0000,-0.0000,0.0174,0.7071,0.7071,0.0000,0.0000,0.0000,0.0000,-0.0000,0.5056,0.5056,0.5056,0.5056,0.0000,-0.0000,-9.9287,0.0000,0.0000,0.0000
338,1.3520,0.0000,-0.0000,-4.7745,0.0000,-0.0000,-4.8079,0.0000,-0.0000,0.0170,0.7071,0.7071,0.0000,0.0000,0.0000,0.0000,-0.0000,0.5056,0.5056,0.5056,0.5056,0.0000,0.0000,-9.9281,0.0000,0.0000,0.0000
339,1.3560,0.0000,-0.0000,-4.7745,0.0000,-0.0000,-4.8080,0.0000,-0.0000,0.0165,0.7071,0.7071,0.0000,0.0000,0.0000,0.0000,-0.0000,0.5056,0.5056,0.5056,0.5056,0.0000,0.0000,-9.9274,0.0000,0.0000,0.0000
340,1.3600,0.0000,-0.0000,-4.7744,0.0000,-0.0000,-4.8081,0.0000,-0.0000,0.0160,0.7071,0.7071,0.0000,0.0000,0.0000,0.0000,-0.0000,0.5055,0.5055,0.5055,0.5055,0.0000,-0.0000,-9.9268,0.0000,0.0000,0.0000
341,1.3640,0.0000,-0.0000,-4.7743,0.0000,-0.0000,-4.8082,0.0000,-0.0000,0.0156,0.7071,0.7071,0.0000,0.0000,0.0000,0.0000,-0.0000,0.5055,0.5055,0.5055,0.5055,0.0000,0.0000,-9.9261,0.0000,0.0000,0.0000
342,1.3680,0.0000,-0.0000,-4.7743,0.0000,-0.0000,-4.8083,0.0000,-0.0000,0.0151,0.7071,0.7071,0.0000,0.0000,0.0000,0.0000,-0.0000,0.5055,0.5055,0.5055,0.5055,0.0000,-0.0000,-9.9255,0.0000,0.0000,0.0000
343,1.3720,0.0000,-0.0000,-4.7742,0.0000,-0.0000,-4.8084,0.0000,-0.0000,0.0147,0.7071,0.7071,0.0000,0.0000,0.0000,0.0000,-0.0000,0.5054,0.5054,0.5054,0.5054,0.0000,-0.0000,-9.9248,0.0000,0.0000,0.0000
344,1.3760,0.0000,-0.0000,-4.7742,0.0000,-0.0000,-4.8084,0.0000,-0.0000,0.0142,0.7071,0.7071,0.0000,0.0000,0.0000,0.0000,-0.0000,0.5054,0.5054,0.5054,0.5054,0.0000,0.0000,-9.9242,0.0000,0.0000,0.0000
345,1.3800,0.0000,-0.0000,-4.7741,0.0000,-0.0000,-4.8085,0.0000,-0.0000,0.0137,0.7071,0.7071,0.0000,0.0000,0.0000,0.0000,-0.0000,0.5054,0.5054,0.5054,0.5054,0.0000,0.0000,-9.9236,0.0000,0.0000,0.0000
346,1.3840,0.0000,-0.0000,-4.7740,0.0000,-0.0000,-4.8086,0.0000,-0.0000,0.0133,0.7071,0.7071,0.0000,0.0000,0.0000,0.0000,-0.0000,0.5054,0.5054,0.5054,0.5054,0.0000,-0.0000,-9.9229,0.0000,0.0000,0.0000
347,1.3880,0.0000,-0.0000,-4.7740,0.0000,-0.0000,-4.8087,0.0000,-0.0000,0.0128,0.7071,0.7071,0.0000,0.0000,0.0000,0.0000,-0.0000,0.5053,0.5053,0.5053,0.5053,0.0000,0.0000,-9.9223,0.0000,0.0000,0.0000
348,1.3920,0.0000,-0.0000,-4.7739,0.0000,-0.0000,-4.8088,0.0000,-0.0000,0.0124,0.7071,0.7071,0.0000,0.0000,0.0000,0.0000,-0.0000,0.5053,0.5053,0.5053,0.5053,0.0000,0.0000,-9.9217,0.0000,0.0000,0.0000
349,1.3960,0.0000,-0.0000,-4.7739,0.0000,-0.0000,-4.8089,0.0000,-0.0000,0.0120,0.7071,0.7071,0.0000,0.0000,0.0000,0.0000,-0.0000,0.5053,0.5053,0.5053,0.5053,0.0000,-0.0000,-9.9211,0.0000,0.0000,0.0000
350,1.4000,0.0000,-0.0000,-4.7739,0.0000,-0.0000,-4.8090,0.0000,-0.0000,0.0115,0.7071,0.7071,0.0000,0.0000,0.0000,0.0000,-0.0000,0.5052,0.5052,0.5052,0.5052,0.0000,0.0000,-9.9205,0.0000,0.0000,0.0000
351,1.4040,0.0000,-0.0000,-4.7738,0.0000,-0.0000,-4.8092,0.0000,-0.0000,0.0111,0.7071,0.7071,0.0000,0.0000,0.0000,0.0000,-0.0000,0.5052,0.5052,0.5052,0.5052,0.0000,0.0000,-9.9198,0.0000,0.0000,0.0000
352,1.4080,0.0000,-0.0000,-4.7738,0.0000,-0.0000,-4.8093,0.0000,-0.0000,0.0107,0.7071,0.7071,0.0000,0.0000,0.0000,0.0000,-0.0000,0.5052,0.5052,0.5052,0.5052,0.0000,0.0000,-9.9192,0.0000,0.0000,0.0000
353,1.4120,0.0000,-0.0000,-4.7737,0.0000,-0.0000,-4.8094,0.0000,-0.0000,0.0102,0.7071,0.7071,0.0000,0.0000,0.0000,0.0000,-0.0000,0.5052,0.5052,0.5052,0.5052,0.0000,-0.0000,-9.9186,0.0000,0.0000,0.0000
354,1.4160,0.0000,-0.0000,-4.7737,0.0000,-0.0000,-4.8095,0.0000,-0.0000,0.0098,0.7071,0.7071,0.0000,0.0000,0.0000,0.0000,-0.0000,0.5051,0.5051,0.5051,0.5051,0.0000,-0.0000,-9.9180,0.0000,0.0000,0.0000
355,1.4200,0.0000,-0.0000,-4.7737,0.0000,-0.0000,-4.8096,0.0000,-0.0000,0.0094,0.7071,0.7071,0.0000,0.0000,0.0000,0.0000,-0.0000,0.5051,0.5051,0.5051,0.5051,0.0000,0.0000,-9.9174,0.0000,0.0000,0.0000
356,1.4240,0.0000,-0.0000,-4.7736,0.0000,-0.0000,-4.8097,0.0000,-0.0000,0.0089,0.7071,0.7071,0.0000,0.0000,0.0000,0.0000,-0.0000,0.5051,0.5051,0.5051,0.5051,0.0000,-0.0000,-9.9169,0.0000,0.0000,0.0000
357,1.4280,0.0000,-0.0000,-4.7736,0.0000,-0.0000,-4.8098,0.0000,-0.0000,0.0085,0.7071,0.7071,0.0000,0.0000,0.0000,0.0000,-0.0000,0.5050,0.5050,0.5050,0.5050,0.0000,0.0000,-9.9163,0.0000,0.0000,0.0000
358,1.4320,0.0000,-0.0000,-4.7735,0.0000,-0.0000,-4.8099,0.0000,-0.0000,0.0081,0.7071,0.7071,0.0000,0.0000,0.0000,0.0000,-0.0000,0.5050,0.5050,0.5050,0.5050,0.0000,-0.0000,-9.9157,0.0000,0.0000,0.0000
359,1.4360,0.0000,-0.0000,-4.7735,0.0000,-0.0000,-4.8101,0.0000,-0.0000,0.0077,0.7071,0.7071,0.0000,0.0000,0.0000,0.0000,-0.0000,0.5050,0.5050,0.5050,0.5050,0.0000,0.0000,-9.9151,0.0000,0.0000,0.0000
360,1.4400,0.0000,-0.0000,-4.7735,0.0000,-0.0000,-4.8102,0.0000,-0.0000,0.0073,0.7071,0.7071,0.0000,0.0000,0.0000,0.0000,-0.0000,0.5050,0.5050,0.5050,0.5050,0.0000,0.0000,-9.9145,0.0000,0.0000,0.0000
361,1.4440,0.0000,-0.0000,-4.7735,0.0000,-0.0000,-4.8103,0.0000,-0.0000,0.0068,0.7071,0.7071,0.0000,0.0000,0.0000,0.0000,-0.0000,0.5049,0.5049,0.5049,0.5049,0.0000,0.0000,-9.9140,0.0000,0.0000,0.0000
362,1.4480,0.0000,-0.0000,-4.7734,0.0000,-0.0000,-4.8104,0.0000,-0.0000,0.0064,0.7071,0.7071,0.0000,0.0000,0.0000,0.0000,-0.0000,0.5049,0.5049,0.5049,0.5049,0.0000,0.0000,-9.9134,0.0000,0.0000,0.0000
363,1.4520,0.0000,-0.0000,-4.7734,0.0000,-0.0000,-4.8106,0.0000,-0.0000,0.0060,0.7071,0.7071,0.0000,0.0000,0.0000,0.0000,-0.0000,0.5049,0.5049,0.5049,0.5049,0.0000,-0.0000,-9.9128,0.0000,0.0000,0.0000
364,1.4560,0.0000,-0.0000,-4.7734,0.0000,-0.0000,-4.8107,0.0000,-0.0000,0.0056,0.7071,0.7071,0.0000,0.0000,0.0000,0.0000,-0.0000,0.5049,0.5049,0.5049,0.5049,0.0000,0.0000,-9.9123,0.0000,0.0000,0.0000
365,1.4600,0.0000,-0.0000,-4.7734,0.0000,-0.0000,-4.8108,0.0000,-0.0000,0.0052,0.7071,0.7071,0.0000,0.0000,0.0000,0.0000,-0.0000,0.5048,0.5048,0.5048,0.5048,0.0000,-0.0000,-9.9117,0.0000,0.0000,0.0000
366,1.4640,0.0000,-0.0000,-4.7733,0.0000,-0.0000,-4.8109,0.0000,-0.0000,0.0048,0.7071,0.7071,0.0000,0.0000,0.0000,0.0000,-0.0000,0.5048,0.5048,0.5048,0.5048,0.0000,0.0000,-9.9111,0.0000,0.0000,0.0000
367,1.4680,0.0000,-0.0000,-4.7733,0.0000,-0.0000,-4.8111,0.0000,-0.0000,0.0044,0.7071,0.7071,0.0000,0.0000,0.0000,0.0000,-0.0000,0.5048,0.5048,0.5048,0.5048,0.0000,-0.0000,-9.9106,0.0000,0.0000,0.0000
368,1.4720,0.0000,-0.0000,-4.7733,0.0000,-0.0000,-4.8112,0.0000,-0.0000,0.0040,0.7071,0.7071,0.0000,0.0000,0.0000,0.0000,-0.0000,0.5048,0.5048,0.5048,0.5048,0.0000,-0.0000,-9.9100,0.0000,0.0000,0.0000
369,1.4760,0.0000,-0.0000,-4.7733,0.0000,-0.0000,-4.8113,0.0000,-0.0000,0.0036,0.7071,0.7071,0.0000,0.0000,0.0000,0.0000,-0.0000,0.5047,0.5047,0.5047,0.5047,0.0000,-0.0000,-9.9095,0.0000,0.0000,0.0000
370,1.4800,0.0000,-0.0000,-4.7733,0.0000,-0.0000,-4.8115,0.0000,-0.0000,0.0032,0.7071,0.7071,0.0000,0.0000,0.0000,0.0000,-0.0000,0.5047,0.5047,0.5047,0.5047,0.0000,-0.0000,-9.9090,0.0000,0.0000,0.0000
371,1.4840,0.0000,-0.0000,-4.7733,0.0000,-0.0000,-4.8116,0.0000,-0.0000,0.0028,0.7071,0.7071,0.0000,0.0000,0.0000,0.0000,-0.0000,0.5047,0.5047,0.5047,0.5047,0.0000,-0.0000,-9.9084,0.0000,0.0000,0.0000
372,1.4880,0.0000,-0.0000,-4.7733,0.0000,-0.0000,-4.8118,0.0000,-0.0000,0.0024,0.7071,0.7071,0.0000,0.0000,0.0000,0.0000,-0.0000,0.5047,0.5047,0.5047,0.5047,0.0000,-0.0000,-9.9079,0.0000,0.0000,0.0000
373,1.4920,0.0000,-0.0000,-4.7733,0.0000,-0.0000,-4.8119,0.0000,-0.0000,0.0021,0.7071,0.7071,0.0000,0.0000,0.0000,0.0000,-0.0000,0.5046,0.5046,0.5046,0.5046,0.0000,0.0000,-9.9074,0.0000,0.0000,0.0000
374,1.4960,0.0000,-0.0000,-4.7733,0.0000,-0.0000,-4.8121,0.0000,-0.0000,0.0017,0.7071,0.7071,0.0000,0.0000,0.0000,0.0000,-0.0000,0.5046,0.5046,0.5046,0.5046,0.0000,0.0000,-9.9068,0.0000,0.0000,0.0000
375,1.5000,0.0000,-0.0000,-4.7732,0.0000,-0.0000,-4.8122,0.0000,-0.0000,0.0013,0.7071,0.7071,0.0000,0.0000,0.0000,0.0000,-0.0000,0.5046,0.5046,0.5046,0.5046,0.0000,-0.0000,-9.9063,0.0000,0.0000,0.0000
376,1.5040,0.0000,-0.0000,-4.7732,0.0000,-0.0000,-4.8123,0.0000,-0.0000,0.0009,0.7071,0.7071,0.0000,0.0000,0.0000,0.0000,-0.0000,0.5046,0.5046,0.5046,0.5046,0.0000,-0.0000,-9.9058,0.0000,0.0000,0.0000
377,1.5080,0.0000,-0.0000,-4.7732,0.0000,-0.0000,-4.8125,0.0000,-0.0000,0.0005,0.7071,0.7071,0.0000,0.0000,0.0000,0.0000,-0.0000,0.5045,0.5045,0.5045,0.5045,0.0000,-0.0000,-9.9053,0.0000,0.0000,0.0000
378,1.5120,0.0000,-0.0000,-4.7732,0.0000,-0.0000,-4.8126,0.0000,-0.0000,0.0002,0.7071,0.7071,0.0000,0.0000,0.0000,0.0000,-0.0000,0.5045,0.5045,0.5045,0.5045,0.0000,-0.0000,-9.9048,0.0000,0.0000,0.0000
379,1.5160,0.0000,-0.0000,-4.7732,0.0000,-0.0000,-4.8128,0.0000,-0.0000,-0.0002,0.7071,0.7071,0.0000,0.0000,0.0000,0.0000,-0.0000,0.5045,0.5045,0.5045,0.5045,0.0000,-0.0000,-9.9042,0.0000,0.0000,0.0000
380,1.5200,0.0000,-0.0000,-4.7732,0.0000,-0.0000,-4.8130,0.0000,-0.0000,-0.0006,0.7071,0.7071,0.0000,0.0000,0.0000,0.0000,-0.0000,0.5045,0.5045,0.5045,0.5045,0.0000,0.0000,-9.9037,0.0000,0.0000,0.0000
381,1.5240,0.0000,-0.0000,-4.7732,0.0000,-0.0000,-4.8131,0.0000,-0.0000,-0.0010,0.7071,0.7071,0.0000,0.0000,0.0000,0.0000,-0.0000,0.5044,0.5044,0.5044,0.5044,0.0000,0.0000,-9.9032,0.0000,0.0000,0.0000
382,1.5280,0.0000,-0.0000,-4.7733,0.0000,-0.0000,-4.8133,0.0000,-0.0000,-0.0013,0.7071,0.7071,0.0000,0.0000,0.0000,0.0000,-0.0000,0.5044,0.5044,0.5044,0.5044,0.0000,-0.0000,-9.9027,0.0000,0.0000,0.0000
383,1.5320,0.0000,-0.0000,-4.7733,0.0000,-0.0000,-4.8134,0.0000,-0.0000,-0.0017,0.7071,0.7071,0.0000,0.0000,0.0000,0.0000,-0.0000,0.5044,0.5044,0.5044,0.5044,0.0000,-0.0000,-9.9022,0.0000,0.0000,0.0000
384,1.5360,0.0000,-0.0000,-4.7733,0.0000,-0.0000,-4.8136,0.0000,-0.0000,-0.0021,0.7071,0.7071,0.0000,0.0000,0.0000,0.0000,-0.0000,0.5044,0.5044,0.5044,0.5044,0.0000,0.0000,-9.9017,0.0000,0.0000,0.0000
385,1.5400,0.0000,-0.0000,-4.7733,0.0000,-0.0000,-4.8137,0.0000,-0.0000,-0.0024,0.7071,0.7071,0.0000,0.0000,0.0000,0.0000,-0.0000,0.5043,0.5043,0.5043,0.5043,0.0000,0.0000,-9.9012,0.0000,0.0000,0.0000
386,1.5440,0.0000,-0.0000,-4.7733,0.0000,-0.0000,-4.8139,0.0000,-0.0000,-0.0028,0.7071,0.7071,0.0000,0.0000,0.0000,0.0000,-0.0000,0.5043,0.5043,0.5043,0.5043,0.0000,-0.0000,-9.9007,0.0000,0.0000,0.0000
387,1.5480,0.0000,-0.0000,-4.7733,0.0000,-0.0000,-4.8141,0.0000,-0.0000,-0.0032,0.7071,0.7071,0.0000,0.0000,0.0000,0.0000,-0.0000,0.5043,0.5043,0.5043,0.5043,0.0000,0.0000,-9.9003,0.0000,0.0000,0.0000
388,1.5520,0.0000,-0.0000,-4.7733,0.0000,-0.0000,-4.8142,0.0000,-0.0000,-0.0035,0.7071,0.7071,0.0000,0.0000,0.0000,0.0000,-0.0000,0.5043,0.5043,0.5043,0.5043,0.0000,-0.0000,-9.8998,0.0000,0.0000,0.0000
389,1.5560,0.0000,-0.0000,-4.7733,0.0000,-0.0000,-4.8144,0.0000,-0.0000,-0.0039,0.7071,0.7071,0.0000,0.0000,0.0000,0.0000,-0.0000,0.5042,0.5042,0.5042,0.5042,0.0000,-0.0000,-9.8993,0.0000,0.0000,0.0000
390,1.5600,0.0000,-0.0000,-4.7733,0.0000,-0.0000,-4.8145,0.0000,-0.0000,-0.0042,0.7071,0.7071,0.0000,0.0000,0.0000,0.0000,-0.0000,0.5042,0.5042,0.5042,0.5042,0.0000,-0.0000,-9.8988,0.0000,0.0000,0.0000
391,1.5640,0.0000,-0.0000,-4.7734,0.0000,-0.0000,-4.8147,0.0000,-0.0000,-0.0046,0.7071,0.7071,0.0000,0.0000,0.0000,0.0000,-0.0000,0.5042,0.5042,0.5042,0.5042,0.0000,0.0000,-9.8983,0.0000,0.0000,0.0000
392,1.5680,0.0000,-0.0000,-4.7734,0.0000,-0.0000,-4.8149,0.0000,-0.0000,-0.0049,0.7071,0.7071,0.0000,0.0000,0.0000,0.0000,-0.0000,0.5042,0.5042,0.5042,0.5042,0.0000,0.0000,-9.8979,0.0000,0.0000,0.0000
393,1.5720,0.0000,-0.0000,-4.7734,0.0000,-0.0000,-4.8150,0.0000,-0.0000,-0.0053,0.7071,0.7071,0.0000,0.0000,0.0000,0.0000,-0.0000,0.5042,0.5042,0.5042,0.5042,0.0000,0.0000,-9.8974,0.0000,0.0000,0.0000
394,1.5760,0.0000,-0.0000,-4.7734,0.0000,-0.0000,-4.8152,0.0000,-0.0000,-0.0056,0.7071,0.7071,0.0000,0.0000,0.0000,0.0000,-0.0000,0.5041,0.5041,0.5041,0.5041,0.0000,-0.0000,-9.8969,0.0000,0.0000,0.0000
395,1.5800,0.0000,-0.0000,-4.7735,0.0000,-0.0000,-4.8154,0.0000,-0.0000,-0.0060,0.7071,0.7071,0.0000,0.0000,0.0000,0.0000,-0.0000,0.5041,0.5041,0.5041,0.5041,0.0000,0.0000,-9.8965,0.0000,0.0000,0.0000
396,1.5840,0.0000,-0.0000,-4.7735,0.0000,-0.0000,-4.8155,0.0000,-0.0000,-0.0063,0.7071,0.7071,0.0000,0.0000,0.0000,0.0000,-0.0000,0.5041,0.5041,0.5041,0.5041,0.0000,0.0000,-9.8960,0.0000,0.0000,0.0000
397,1.5880,0.0000,-0.0000,-4.7735,0.0000,-0.0000,-4.8157,0.0000,-0.0000,-0.0066,0.7071,0.7071,0.0000,0.0000,0.0000,0.0000,-0.0000,0.5041,0.5041,0.5041,0.5041,0.0000,0.0000,-9.8956,0.0000,0.0000,0.0000
398,1.5920,0.0000,-0.0000,-4.7735,0.0000,-0.0000,-4.8159,0.0000,-0.0000,-0.0070,0.7071,0.7071,0.0000,0.0000,0.0000,0.0000,-0.0000,0.5041,0.5041,0.5041,0.5041,0.0000,0.0000,-9.8951,0.0000,0.0000,0.0000
399,1.5960,0.0000,-0.0000,-4.7736,0.0000,-0.0000,-4.8161,0.0000,-0.0000,-0.0073,0.7071,0.7071,0.0000,0.0000,0.0000,0.0000,-0.0000,0.5040,0.5040,0.5040,0.5040,0.0000,0.0000,-9.8947,0.0000,0.0000,0.0000
400,1.6000,0.0000,-0.0000,-4.7736,0.0000,-0.0000,-4.8162,0.0000,-0.0000,-0.0077,0.7071,0.7071,0.0000,0.0000,0.0000,0.0000,-0.0000,0.5040,0.5040,0.5040,0.5040,0.0000,0.0000,-9.8942,0.0000,0.0000,0.0000
401,1.6040,0.0000,-0.0000,-4.7736,0.0000,-0.0000,-4.8164,0.0000,-0.0000,-0.0080,0.7071,0.7071,0.0000,0.0000,0.0000,0.0000,-0.0000,0.5040,0.5040,0.5040,0.5040,0.0000,0.0000,-9.8938,0.0000,0.0000,0.0000
402,1.6080,0.0000,-0.0000,-4.7737,0.0000,-0.0000,-4.8166,0.0000,-0.0000,-0.0083,0.7071,0.7071,0.0000,0.0000,0.0000,0.0000,-0.0000,0.5040,0.5040,0.5040,0.5040,0.0000,0.0000,-9.8934,0.0000,0.0000,0.0000
403,1.6120,0.0000,-0.0000,-4.7737,0.0000,-0.0000,-4.8167,0.0000,-0.0000,-0.0086,0.7071,0.7071,0.0000,0.0000,0.0000,0.0000,-0.0000,0.5040,0.5040,0.5040,0.5040,0.0000,0.0000,-9.8929,0.0000,0.0000,0.0000
404,1.6160,0.0000,-0.0000,-4.7737,0.0000,-0.0000,-4.8169,0.0000,-0.0000,-0.0090,0.7071,0.7071,0.0000,0.0000,0.0000,0.0000,-0.0000,0.5039,0.5039,0.5039,0.5039,0.0000,-0.0000,-9.8925,0.0000,0.0000,0.0000
405,1.6200,0.0000,-0.0000,-4.7738,0.0000,-0.0000,-4.8171,0.0000,-0.0000,-0.0093,0.7071,0.7071,0.0000,0.0000,0.0000,0.0000,-0.0000,0.5039,0.5039,0.5039,0.5039,0.0000,-0.0000,-9.8921,0.0000,0.0000,0.0000
406,1.6240,0.0000,-0.0000,-4.7738,0.0000,-0.0000,-4.8173,0.0000,-0.0000,-0.0096,0.7071,0.7071,0.0000,0.0000,0.0000,0.0000,-0.0000,0.5039,0.5039,0.5039,0.5039,0.0000,0.0000,-9.8916,0.0000,0.0000,0.0000
407,1.6280,0.0000,-0.0000,-4.7738,0.0000,-0.0000,-4.8174,0.0000,-0.0000,-0.0099,0.7071,0.7071,0.0000,0.0000,0.0000,0.0000,-0.0000,0.5039,0.5039,0.5039,0.5039,0.0000,-0.0000,-9.8912,0.0000,0.0000,0.0000
408,1.6320,0.0000,-0.0000,-4.7739,0.0000,-0.0000,-4.8176,0.0000,-0.0000,-0.0103,0.7071,0.7071,0.0000,0.0000,0.0000,0.0000,-0.0000,0.5039,0.5039,0.5039,0.5039,0.0000,-0.0000,-9.8908,0.0000,0.0000,0.0000
409,1.6360,0.0000,-0.0000,-4.7739,0.0000,-0.0000,-4.8178,0.0000,-0.0000,-0.0106,0.7071,0.7071,0.0000,0.0000,0.0000,0.0000,-0.0000,0.5038,0.5038,0.5038,0.5038,0.0000,-0.0000,-9.8904,0.0000,0.0000,0.0000
410,1.6400,0.0000,-0.0000,-4.7740,0.0000,-0.0000,-4.8180,0.0000,-0.0000,-0.0109,0.7071,0.7071,0.0000,0.0000,0.0000,0.0000,-0.0000,0.5038,0.5038,0.5038,0.5038,0.0000,0.0000,-9.8900,0.0000,0.0000,0.0000
411,1.6440,0.0000,-0.0000,-4.7740,0.0000,-0.0000,-4.8181,0.0000,-0.0000,-0.0112,0.7071,0.7071,0.0000,0.0000,0.0000,0.0000,-0.0000,0.5038,0.5038,0.5038,0.5038,0.0000,-0.0000,-9.8896,0.0000,0.0000,0.0000
412,1.6480,0.0000,-0.0000,-4.7741,0.0000,-0.0000,-4.8183,0.0000,-0.0000,-0.0115,0.7071,0.7071,0.0000,0.0000,0.0000,0.0000,-0.0000,0.5038,0.5038,0.5038,0.5038,0.0000,-0.0000,-9.8892,0.0000,0.0000,0.0000
413,1.6520,0.0000,-0.0000,-4.7741,0.0000,-0.0000,-4.8185,0.0000,-0.0000,-0.0119,0.7071,0.7071,0.0000,0.0000,0.0000,0.0000,-0.0000,0.5038,0.5038,0.5038,0.5038,0.0000,-0.0000,-9.8888,0.0000,0.0000,0.0000
414,1.6560,0.0000,-0.0000,-4.7742,0.0000,-0.0000,-4.8187,0.0000,-0.0000,-0.0122,0.7071,0.7071,0.0000,0.0000,0.0000,0.0000,-0.0000,0.5037,0.5037,0.5037,0.5037,0.0000,-0.0000,-9.8884,0.0000,0.0000,0.0000
415,1.6600,0.0000,-0.0000,-4.7742,0.0000,-0.0000,-4.8189,0.0000,-0.0000,-0.0125,0.7071,0.7071,0.0000,0.0000,0.0000,0.0000,-0.0000,0.5037,0.5037,0.5037,0.5037,0.0000,-0.0000,-9.8880,0.0000,0.0000,0.0000
416,1.6640,0.0000,-0.0000,-4.7743,0.0000,-0.0000,-4.8190,0.0000,-0.0000,-0.0128,0.7071,0.7071,0.0000,0.0000,0.0000,0.0000,-0.0000,0.5037,0.5037,0.5037,0.5037,0.0000,-0.0000,-9.8876,0.0000,0.0000,0.0000
417,1.6680,0.0000,-0.0000,-4.7743,0.0000,-0.0000,-4.8192,0.0000,-0.0000,-0.0131,0.7071,0.7071,0.0000,0.0000,0.0000,0.0000,-0.0000,0.5037,0.5037,0.5037,0.5037,0.0000,-0.0000,-9.8872,0.0000,0.0000,0.0000
418,1.6720,0.0000,-0.0000,-4.7744,0.0000,-0.0000,-4.8194,0.0000,-0.0000,-0.0134,0.7071,0.7071,0.0000,0.0000,0.0000,0.0000,-0.0000,0.5037,0.5037,0.5037,0.5037,0.0000,-0.0000,-9.8868,0.0000,0.0000,0.0000
419,1.6760,0.0000,-0.0000,-4.7744,0.0000,-0.0000,-4.8196,0.0000,-0.0000,-0.0137,0.7071,0.7071,0.0000,0.0000,0.0000,0.0000,-0.0000,0.5037,0.5037,0.5037,0.5037,0.0000,-0.0000,-9.8864,0.0000,0.0000,0.0000
420,1.6800,0.0000,-0.0000,-4.7745,0.0000,-0.0000,-4.8198,0.0000,-0.0000,-0.0140,0.7071,0.7071,0.0000,0.0000,0.0000,0.0000,-0.0000,0.5036,0.5036,0.5036,0.5036,0.0000,-0.0000,-9.8860,0.0000,0.0000,0.0000
421,1.6840,0.0000,-0.0000,-4.7745,0.0000,-0.0000,-4.8199,0.0000,-0.0000,-0.0143,0.7071,0.7071,0.0000,0.0000,0.0000,0.0000,-0.0000,0.5036,0.5036,0.5036,0.5036,0.0000,-0.0000,-9.8857,0.0000,0.0000,0.0000
422,1.6880,0.0000,-0.0000,-4.7746,0.0000,-0.0000,-4.8201,0.0000,-0.0000,-0.0146,0.7071,0.7071,0.0000,0.0000,0.0000,0.0000,-0.0000,0.5036,0.5036,0.5036,0.5036,0.0000,-0.0000,-9.8853,0.0000,0.0000,0.0000
423,1.6920,0.0000,-0.0000,-4.7747,0.0000,-0.0000,-4.8203,0.0000,-0.0000,-0.0149,0.7071,0.7071,0.0000,0.0000,0.0000,0.0000,-0.0000,0.5036,0.5036,0.5036,0.5036,0.0000,0.0000,-9.8849,0.0000,0.0000,0.0000
424,1.6960,0.0000,-0.0000,-4.7747,0.0000,-0.0000,-4.8205,0.0000,-0.0000,-0.0152,0.7071,0.7071,0.0000,0.0000,0.0000,0.0000,-0.0000,0.5036,0.5036,0.5036,0.5036,0.0000,0.0000,-9.8846,0.0000,0.0000,0.0000
425,1.7000,0.0000,-0.0000,-4.7748,0.0000,-0.0000,-4.8207,0.0000,-0.0000,-0.0155,0.7071,0.7071,0.0000,0.0000,0.0000,0.0000,-0.0000,0.5036,0.5036,0.5036,0.5036,0.0000,0.0000,-9.8842,0.0000,0.0000,0.0000
426,1.7040,0.0000,-0.0000,-4.7748,0.0000,-0.0000,-4.8209,0.0000,-0.0000,-0.0158,0.7071,0.7071,0.0000,0.0000,0.0000,0.0000,-0.0000,0.5035,0.5035,0.5035,0.5035,0.0000,-0.0000,-9.8838,0.0000,0.0000,0.0000
427,1.7080,0.0000,-0.0000,-4.7749,0.0000,-0.0000,-4.8210,0.0000,-0.0000,-0.0161,0.7071,0.7071,0.0000,0.0000,0.0000,0.0000,-0.0000,0.5035,0.5035,0.5035,0.5035,0.0000,0.0000,-9.8835,0.0000,0.0000,0.0000
428,1.7120,0.0000,-0.0000,-4.7750,0.0000,-0.0000,-4.8212,0.0000,-0.0000,-0.0164,0.7071,0.7071,0.0000,0.0000,0.0000,0.0000,-0.0000,0.5035,0.5035,0.5035,0.5035,0.0000,0.0000,-9.8831,0.0000,0.0000,0.0000
429,1.7160,0.0000,-0.0000,-4.7750,0.0000,-0.0000,-4.8214,0.0000,-0.0000,-0.0167,0.7071,0.7071,0.0000,0.0000,0.0000,0.0000,-0.0000,0.5035,0.5035,0.5035,0.5035,0.0000,-0.0000,-9.8828,0.0000,0.0000,0.0000
430,1.7200,0.0000,-0.0000,-4.7751,0.0000,-0.0000,-4.8216,0.0000,-0.0000,-0.0170,0.7071,0.7071,0.0000,0.0000,0.0000,0.0000,-0.0000,0.5035,0.5035,0.5035,0.5035,0.0000,-0.0000,-9.8824,0.0000,0.0000,0.0000
431,1.7240,0.0000,-0.0000,-4.7752,0.0000,-0.0000,-4.8218,0.0000,-0.0000,-0.0172,0.7071,0.7071,0.0000,0.0000,0.0000,0.0000,-0.0000,0.5035,0.5035,0.5035,0.5035,0.0000,0.0000,-9.8821,0.0000,0.0000,0.0000
432,1.7280,0.0000,-0.0000,-4.7752,0.0000,-0.0000,-4.8220,0.0000,-0.0000,-0.0175,0.7071,0.7071,0.0000,0.0000,0.0000,0.0000,-0.0000,0.5034,0.5034,0.5034,0.5034,0.0000,0.0000,-9.8817,0.0000,0.0000,0.0000
433,1.7320,0.0000,-0.0000,-4.7753,0.0000,-0.0000,-4.8222,0.0000,-0.0000,-0.0178,0.7071,0.7071,0.0000,0.0000,0.0000,0.0000,-0.0000,0.5034,0.5034,0.5034,0.5034,0.0000,0.0000,-9.8814,0.0000,0.0000,0.0000
434,1.7360,0.0000,-0.0000,-4.7754,0.0000,-0.0000,-4.8224,0.0000,-0.0000,-0.0181,0.7071,0.7071,0.0000,0.0000,0.0000,0.0000,-0.0000,0.5034,0.5034,0.5034,0.5034,0.0000,0.0000,-9.8810,0.0000,0.0000,0.0000
435,1.7400,0.0000,-0.0000,-4.7755,0.0000,-0.0000,-4.8225,0.0000,-0.0000,-0.0184,0.7071,0.7071,0.0000,0.0000,0.0000,0.0000,-0.0000,0.5034,0.5034,0.5034,0.5034,0.0000,-0.0000,-9.8807,0.0000,0.0000,0.0000
436,1.7440,0.0000,-0.0000,-4.7755,0.0000,-0.0000,-4.8227,0.0000,-0.0000,-0.0187,0.7071,0.7071,0.0000,0.0000,0.0000,0.0000,-0.0000,0.5034,0.5034,0.5034,0.5034,0.0000,0.0000,-9.8804,0.0000,0.0000,0.0000
437,1.7480,0.0000,-0.0000,-4.7756,0.0000,-0.0000,-4.8229,0.0000,-0.0000,-0.0189,0.7071,0.7071,0.0000,0.0000,0.0000,0.0000,-0.0000,0.5034,0.5034,0.5034,0.5034,0.0000,-0.0000,-9.8800,0.0000,0.0000,0.0000
438,1.7520,0.0000,-0.0000,-4.7757,0.0000,-0.0000,-4.8231,0.0000,-0.0000,-0.0192,0.7071,0.7071,0.0000,0.0000,0.0000,0.0000,-0.0000,0.5033,0.5033,0.5033,0.5033,0.0000,0.0000,-9.8797,0.0000,0.0000,0.0000
439,1.7560,0.0000,-0.0000,-4.7758,0.0000,-0.0000,-4.8233,0.0000,-0.0000,-0.0195,0.7071,0.7071,0.0000,0.0000,0.0000,0.0000,-0.0000,0.5033,0.5033,0.5033,0.5033,0.0000,-0.0000,-9.8794,0.0000,0.0000,0.0000
440,1.7600,0.0000,-0.0000,-4.7758,0.0000,-0.0000,-4.8235,0.0000,-0.0000,-0.0198,0.7071,0.7071,0.0000,0.0000,0.0000,0.0000,-0.0000,0.5033,0.5033,0.5033,0.5033,0.0000,-0.0000,-9.8791,0.0000,0.0000,0.0000
441,1.7640,0.0000,-0.0000,-4.7759,0.0000,-0.0000,-4.8237,0.0000,-0.0000,-0.0200,0.7071,0.7071,0.0000,0.0000,0.0000,0.0000,-0.0000,0.5033,0.5033,0.5033,0.5033,0.0000,-0.0000,-9.8787,0.0000,0.0000,0.0000
442,1.7680,0.0000,-0.0000,-4.7760,0.0000,-0.0000,-4.8239,0.0000,-0.0000,-0.0203,0.7071,0.7071,0.0000,0.0000,0.0000,0.0000,-0.0000,0.5033,0.5033,0.5033,0.5033,0.0000,0.0000,-9.8784,0.0000,0.0000,0.0000
443,1.7720,0.0000,-0.0000,-4.7761,0.0000,-0.0000,-4.8241,0.0000,-0.0000,-0.0206,0.7071,0.7071,0.0000,0.0000,0.0000,0.0000,-0.0000,0.5033,0.5033,0.5033,0.5033,0.0000,0.0000,-9.8781,0.0000,0.0000,0.0000
444,1.7760,0.0000,-0.0000,-4.7762,0.0000,-0.0000,-4.8243,0.0000,-0.0000,-0.0208,0.7071,0.7071,0.0000,0.0000,0.0000,0.0000,-0.0000,0.5033,0.5033,0.5033,0.5033,0.0000,0.0000,-9.8778,0.0000,0.0000,0.0000
445,1.7800,0.0000,-0.0000,-4.7763,0.0000,-0.0000,-4.8245,0.0000,-0.0000,-0.0211,0.7071,0.7071,0.0000,0.0000,0.0000,0.0000,-0.0000,0.5032,0.5032,0.5032,0.5032,0.0000,0.0000,-9.8775,0.0000,0.0000,0.0000
446,1.7840,0.0000,-0.0000,-4.7763,0.0000,-0.0000,-4.8246,0.0000,-0.0000,-0.0214,0.7071,0.7071,0.0000,0.0000,0.0000,0.0000,-0.0000,0.5032,0.5032,0.5032,0.5032,0.0000,-0.0000,-9.8772,0.0000,0.0000,0.0000
447,1.7880,0.0000,-0.0000,-4.7764,0.0000,-0.0000,-4.8248,0.0000,-0.0000,-0.0216,0.7071,0.7071,0.0000,0.0000,0.0000,0.0000,-0.0000,0.5032,0.5032,0.5032,0.5032,0.0000,0.0000,-9.8769,0.0000,0.0000,0.0000
448,1.7920,0.0000,-0.0000,-4.7765,0.0000,-0.0000,-4.8250,0.0000,-0.0000,-0.0219,0.7071,0.7071,0.0000,0.0000,0.0000,0.0000,-0.0000,0.5032,0.5032,0.5032,0.5032,0.0000,-0.0000,-9.8766,0.0000,0.0000,0.0000
449,1.7960,0.0000,-0.0000,-4.7766,0.0000,-0.0000,-4.8252,0.0000,-0.0000,-0.0222,0.7071,0.7071,0.0000,0.0000,0.0000,0.0000,-0.0000,0.5032,0.5032,0.5032,0.5032,0.0000,0.0000,-9.8763,0.0000,0.0000,0.0000
450,1.8000,0.0000,-0.0000,-4.7767,0.0000,-0.0000,-4.8254,0.0000,-0.0000,-0.0224,0.7071,0.7071,0.0000,0.0000,0.0000,0.0000,-0.0000,0.5032,0.5032,0.5032,0.5032,0.0000,0.0000,-9.8760,0.0000,0.0000,0.0000
451,1.8040,0.0000,-0.0000,-4.7768,0.0000,-0.0000,-4.8256,0.0000,-0.0000,-0.0227,0.7071,0.7071,0.0000,0.0000,0.0000,0.0000,-0.0000,0.5032,0.5032,0.5032,0.5032,0.0000,-0.0000,-9.8757,0.0000,0.0000,0.0000
452,1.8080,0.0000,-0.0000,-4.7769,0.0000,-0.0000,-4.8258,0.0000,-0.0000,-0.0230,0.7071,0.7071,0.0000,0.0000,0.0000,0.0000,-0.0000,0.5032,0.5032,0.5032,0.5032,0.0000,0.0000,-9.8754,0.0000,0.0000,0.0000
453,1.8120,0.0000,-0.0000,-4.7770,0.0000,-0.0000,-4.8260,0.0000,-0.0000,-0.0232,0.7071,0.7071,0.0000,0.0000,0.0000,0.0000,-0.0000,0.5031,0.5031,0.5031,0.5031,0.0000,0.0000,-9.8751,0.0000,0.0000,0.0000
454,1.8160,0.0000,-0.0000,-4.7771,0.0000,-0.0000,-4.8262,0.0000,-0.0000,-0.0235,0.7071,0.7071,0.0000,0.0000,0.0000,0.0000,-0.0000,0.5031,0.5031,0.5031,0.5031,0.0000,0.0000,-9.8748,0.0000,0.0000,0.0000
455,1.8200,0.0000,-0.0000,-4.7772,0.0000,-0.0000,-4.8264,0.0000,-0.0000,-0.0237,0.7071,0.7071,0.0000,0.0000,0.0000,0.0000,-0.0000,0.5031,0.5031,0.5031,0.5031,0.0000,-0.0000,-9.8745,0.0000,0.0000,0.0000
456,1.8240,0.0000,-0.0000,-4.7773,0.0000,-0.0000,-4.8266,0.0000,-0.0000,-0.0240,0.7071,0.7071,0.0000,0.0000,0.0000,0.0000,-0.0000,0.5031,0.5031,0.5031,0.5031,0.0000,-0.0000,-9.8742,0.0000,0.0000,0.0000
457,1.8280,0.0000,-0.0000,-4.7773,0.0000,-0.0000,-4.8268,0.0000,-0.0000,-0.0242,0.7071,0.7071,0.0000,0.0000,0.0000,0.0000,-0.0000,0.5031,0.5031,0.5031,0.5031,0.0000,-0.0000,-9.8740,0.0000,0.0000,0.0000
458,1.8320,0.0000,-0.0000,-4.7774,0.0000,-0.0000,-4.8270,0.0000,-0.0000,-0.0245,0.7071,0.7071,0.0000,0.0000,0.0000,0.0000,-0.0000,0.5031,0.5031,0.5031,0.5031,0.0000,-0.0000,-9.8737,0.0000,0.0000,0.0000
459,1.8360,0.0000,-0.0000,-4.7775,0.0000,-0.0000,-4.8272,0.0000,-0.0000,-0.0248,0.7071,0.7071,0.0000,0.0000,0.0000,0.0000,-0.0000,0.5031,0.5031,0.5031,0.5031,0.0000,0.0000,-9.8734,0.0000,0.0000,0.0000
460,1.8400,0.0000,-0.0000,-4.7776,0.0000,-0.0000,-4.8274,0.0000,-0.0000,-0.0250,0.7071,0.7071,0.0000,0.0000,0.0000,0.0000,-0.0000,0.5030,0.5030,0.5030,0.5030,0.0000,-0.0000,-9.8731,0.0000,0.0000,0.0000
461,1.8440,0.0000,-0.0000,-4.7777,0.0000,-0.0000,-4.8276,0.0000,-0.0000,-0.0253,0.7071,0.7071,0.0000,0.0000,0.0000,0.0000,-0.0000,0.5030,0.5030,0.5030,0.5030,0.0000,-0.0000,-9.8729,0.0000,0.0000,0.0000
462,1.8480,0.0000,-0.0000,-4.7778,0.0000,-0.0000,-4.8278,0.0000,-0.0000,-0.0255,0.7071,0.7071,0.0000,0.0000,0.0000,0.0000,-0.0000,0.5030,0.5030,0.5030,0.5030,0.0000,0.0000,-9.8726,0.0000,0.0000,0.0000
463,1.8520,0.0000,-0.0000,-4.7780,0.0000,-0.0000,-4.8280,0.0000,-0.0000,-0.0258,0.7071,0.7071,0.0000,0.0000,0.0000,0.0000,-0.0000,0.5030,0.5030,0.5030,0.5030,0.0000,-0.0000,-9.8723,0.0000,0.0000,0.0000
464,1.8560,0.0000,-0.0000,-4.7781,0.0000,-0.0000,-4.8282,0.0000,-0.0000,-0.0260,0.7071,0.7071,0.0000,0.0000,0.0000,0.0000,-0.0000,0.5030,0.5030,0.5030,0.5030,0.0000,0.0000,-9.8721,0.0000,0.0000,0.0000
465,1.8600,0.0000,-0.0000,-4.7782,0.0000,-0.0000,-4.8284,0.0000,-0.0000,-0.0262,0.7071,0.7071,0.0000,0.0000,0.0000,0.0000,-0.0000,0.5030,0.5030,0.5030,0.5030,0.0000,0.0000,-9.8718,0.0000,0.0000,0.0000
466,1.8640,0.0000,-0.0000,-4.7783,0.0000,-0.0000,-4.8285,0.0000,-0.0000,-0.0265,0.7071,0.7071,0.0000,0.0000,0.0000,0.0000,-0.0000,0.5030,0.5030,0.5030,0.5030,0.0000,0.0000,-9.8716,0.0000,0.0000,0.0000
467,1.8680,0.0000,-0.0000,-4.7784,0.0000,-0.0000,-4.8287,0.0000,-0.0000,-0.0267,0.7071,0.7071,0.0000,0.0000,0.0000,0.0000,-0.0000,0.5030,0.5030,0.5030,0.5030,0.0000,0.0000,-9.8713,0.0000,0.0000,0.0000
468,1.8720,0.0000,-0.0000,-4.7785,0.0000,-0.0000,-4.8289,0.0000,-0.0000,-0.0270,0.7071,0.7071,0.0000,0.0000,0.0000,0.0000,-0.0000,0.5030,0.5030,0.5030,0.5030,0.0000,-0.0000,-9.8711,0.0000,0.0000,0.0000
469,1.8760,0.0000,-0.0000,-4.7786,0.0000,-0.0000,-4.8291,0.0000,-0.0000,-0.0272,0.7071,0.7071,0.0000,0.0000,0.0000,0.0000,-0.0000,0.5029,0.5029,0.5029,0.5029,0.0000,-0.0000,-9.8708,0.0000,0.0000,0.0000
470,1.8800,0.0000,-0.0000,-4.7787,0.0000,-0.0000,-4.8293,0.0000,-0.0000,-0.0275,0.7071,0.7071,0.0000,0.0000,0.0000,0.0000,-0.0000,0.5029,0.5029,0.5029,0.5029,0.0000,0.0000,-9.8706,0.0000,0.0000,0.0000
471,1.8840,0.0000,-0.0000,-4.7788,0.0000,-0.0000,-4.8295,0.0000,-0.0000,-0.0277,0.7071,0.7071,0.0000,0.0000,0.0000,0.0000,-0.0000,0.5029,0.5029,0.5029,0.5029,0.0000,-0.0000,-9.8703,0.0000,0.0000,0.0000
472,1.8880,0.0000,-0.0000,-4.7789,0.0000,-0.0000,-4.8297,0.0000,-0.0000,-0.0279,0.7071,0.7071,0.0000,0.0000,0.0000,0.0000,-0.0000,0.5029,0.5029,0.5029,0.5029,0.0000,-0.0000,-9.8701,0.0000,0.0000,0.0000
473,1.8920,0.0000,-0.0000,-4.7790,0.0000,-0.0000,-4.8299,0.0000,-0.0000,-0.0282,0.7071,0.7071,0.0000,0.0000,0.0000,0.0000,-0.0000,0.5029,0.5029,0.5029,0.5029,0.0000,0.0000,-9.8698,0.0000,0.0000,0.0000
474,1.8960,0.0000,-0.0000,-4.7791,0.0000,-0.0000,-4.8301,0.0000,-0.0000,-0.0284,0.7071,0.7071,0.0000,0.0000,0.0000,0.0000,-0.0000,0.5029,0.5029,0.5029,0.5029,0.0000,0.0000,-9.8696,0.0000,0.0000,0.0000
475,1.9000,0.0000,-0.0000,-4.7793,0.0000,-0.0000,-4.8303,0.0000,-0.0000,-0.0287,0.7071,0.7071,0.0000,0.0000,0.0000,0.0000,-0.0000,0.5029,0.5029,0.5029,0.5029,0.0000,0.0000,-9.8693,0.0000,0.0000,0.0000
476,1.9040,0.0000,-0.0000,-4.7794,0.0000,-0.0000,-4.8305,0.0000,-0.0000,-0.0289,0.7071,0.7071,0.0000,0.0000,0.0000,0.0000,-0.0000,0.5029,0.5029,0.5029,0.5029,0.0000,-0.0000,-9.8691,0.0000,0.0000,0.0000
477,1.9080,0.0000,-0.0000,-4.7795,0.0000,-0.0000,-4.8307,0.0000,-0.0000,-0.0291,0.7071,0.7071,0.0000,0.0000,0.0000,0.0000,-0.0000,0.5029,0.5029,0.5029,0.5029,0.0000,-0.0000,-9.8689,0.0000,0.0000,0.0000
478,1.9120,0.0000,-0.0000,-4.7796,0.0000,-0.0000,-4.8309,0.0000,-0.0000,-0.0294,0.7071,0.7071,0.0000,0.0000,0.0000,0.0000,-0.0000,0.5028,0.5028,0.5028,0.5028,0.0000,-0.0000,-9.8686,0.0000,0.0000,0.0000
479,1.9160,0.0000,-0.0000,-4.7797,0.0000,-0.0000,-4.8311,0.0000,-0.0000,-0.0296,0.7071,0.7071,0.0000,0.0000,0.0000,0.0000,-0.0000,0.5028,0.5028,0.5028,0.5028,0.0000,-0.0000,-9.8684,0.0000,0.0000,0.0000
480,1.9200,0.0000,-0.0000,-4.7799,0.0000,-0.0000,-4.8313,0.0000,-0.0000,-0.0298,0.7071,0.7071,0.0000,0.0000,0.0000,0.0000,-0.0000,0.5028,0.5028,0.5028,0.5028,0.0000,-0.0000,-9.8682,0.0000,0.0000,0.0000
481,1.9240,0.0000,-0.0000,-4.7800,0.0000,-0.0000,-4.8315,0.0000,-0.0000,-0.0301,0.7071,0.7071,0.0000,0.0000,0.0000,0.0000,-0.0000,0.5028,0.5028,0.5028,0.5028,0.0000,-0.0000,-9.8680,0.0000,0.0000,0.0000
482,1.9280,0.0000,-0.0000,-4.7801,0.0000,-0.0000,-4.8317,0.0000,-0.0000,-0.0303,0.7071,0.7071,0.0000,0.0000,0.0000,0.0000,-0.0000,0.5028,0.5028,0.5028,0.5028,0.0000,-0.0000,-9.8677,0.0000,0.0000,0.0000
483,1.9320,0.0000,-0.0000,-4.7802,0.0000,-0.0000,-4.8319,0.0000,-0.0000,-0.0305,0.7071,0.7071,0.0000,0.0000,0.0000,0.0000,-0.0000,0.5028,0.5028,0.5028,0.5028,0.0000,0.0000,-9.8675,0.0000,0.0000,0.0000
484,1.9360,0.0000,-0.0000,-4.7803,0.0000,-0.0000,-4.8321,0.0000,-0.0000,-0.0307,0.7071,0.7071,0.0000,0.0000,0.0000,0.0000,-0.0000,0.5028,0.5028,0.5028,0.5028,0.0000,-0.0000,-9.8673,0.0000,0.0000,0.0000
485,1.9400,0.0000,-0.0000,-4.7805,0.0000,-0.0000,-4.8323,0.0000,-0.0000,-0.0310,0.7071,0.7071,0.0000,0.0000,0.0000,0.0000,-0.0000,0.5028,0.5028,0.5028,0.5028,0.0000,0.0000,-9.8671,0.0000,0.0000,0.0000
486,1.9440,0.0000,-0.0000,-4.7806,0.0000,-0.0000,-4.8325,0.0000,-0.0000,-0.0312,0.7071,0.7071,0.0000,0.0000,0.0000,0.0000,-0.0000,0.5028,0.5028,0.5028,0.5028,0.0000,-0.0000,-9.8669,0.0000,0.0000,0.0000
487,1.9480,0.0000,-0.0000,-4.7807,0.0000,-0.0000,-4.8327,0.0000,-0.0000,-0.0314,0.7071,0.7071,0.0000,0.0000,0.0000,0.0000,-0.0000,0.5028,0.5028,0.5028,0.5028,0.0000,0.0000,-9.8667,0.0000,0.0000,0.0000
488,1.9520,0.0000,-0.0000,-4.7808,0.0000,-0.0000,-4.8329,0.0000,-0.0000,-0.0316,0.7071,0.7071,0.0000,0.0000,0.0000,0.0000,-0.0000,0.5027,0.5027,0.5027,0.5027,0.0000,0.0000,-9.8664,0.0000,0.0000,0.0000
489,1.9560,0.0000,-0.0000,-4.7810,0.0000,-0.0000,-4.8331,0.0000,-0.0000,-0.0319,0.7071,0.7071,0.0000,0.0000,0.0000,0.0000,-0.0000,0.5027,0.5027,0.5027,0.5027,0.0000,0.0000,-9.8662,0.0000,0.0000,0.0000
490,1.9600,0.0000,-0.0000,-4.7811,0.0000,-0.0000,-4.8333,0.0000,-0.0000,-0.0321,0.7071,0.7071,0.0000,0.0000,0.0000,0.0000,-0.0000,0.5027,0.5027,0.5027,0.5027,0.0000,-0.0000,-9.8660,0.0000,0.0000,0.0000
491,1.9640,0.0000,-0.0000,-4.7812,0.0000,-0.0000,-4.8335,0.0000,-0.0000,-0.0323,0.7071,0.7071,0.0000,0.0000,0.0000,0.0000,-0.0000,0.5027,0.5027,0.5027,0.5027,0.0000,0.0000,-9.8658,0.0000,0.0000,0.0000
492,1.9680,0.0000,-0.0000,-4.7814,0.0000,-0.0000,-4.8337,0.0000,-0.0000,-0.0325,0.7071,0.7071,0.0000,0.0000,0.0000,0.0000,-0.0000,0.5027,0.5027,0.5027,0.5027,0.0000,-0.0000,-9.8656,0.0000,0.0000,0.0000
493,1.9720,0.0000,-0.0000,-4.7815,0.0000,-0.0000,-4.8339,0.0000,-0.0000,-0.0328,0.7071,0.7071,0.0000,0.0000,0.0000,0.0000,-0.0000,0.5027,0.5027,0.5027,0.5027,0.0000,0.0000,-9.8654,0.0000,0.0000,0.0000
494,1.9760,0.0000,-0.0000,-4.7816,0.0000,-0.0000,-4.8341,0.0000,-0.0000,-0.0330,0.7071,0.7071,0.0000,0.0000,0.0000,0.0000,-0.0000,0.5027,0.5027,0.5027,0.5027,0.0000,-0.0000,-9.8652,0.0000,0.0000,0.0000
495,1.9800,0.0000,-0.0000,-4.7817,0.0000,-0.0000,-4.8343,0.0000,-0.0000,-0.0332,0.7071,0.7071,0.0000,0.0000,0.0000,0.0000,-0.0000,0.5027,0.5027,0.5027,0.5027,0.0000,-0.0000,-9.8650,0.0000,0.0000,0.0000
496,1.9840,0.0000,-0.0000,-4.7819,0.0000,-0.0000,-4.8345,0.0000,-0.0000,-0.0334,0.7071,0.7071,0.0000,0.0000,0.0000,0.0000,-0.0000,0.5027,0.5027,0.5027,0.5027,0.0000,0.0000,-9.8648,0.0000,0.0000,0.0000
497,1.9880,0.0000,-0.0000,-4.7820,0.0000,-0.0000,-4.8347,0.0000,-0.0000,-0.0336,0.7071,0.7071,0.0000,0.0000,0.0000,0.0000,-0.0000,0.5027,0.5027,0.5027,0.5027,0.0000,-0.0000,-9.8646,0.0000,0.0000,0.0000
498,1.9920,0.0000,-0.0000,-4.7822,0.0000,-0.0000,-4.8349,0.0000,-0.0000,-0.0339,0.7071,0.7071,0.0000,0.0000,0.0000,0.0000,-0.0000,0.5027,0.5027,0.5027,0.5027,0.0000,0.0000,-9.8644,0.0000,0.0000,0.0000
499,1.9960,0.0000,-0.0000,-4.7823,0.0000,-0.0000,-4.8351,0.0000,-0.0000,-0.0341,0.7071,0.7071,0.0000,0.0000,0.0000,0.0000,-0.0000,0.5026,0.5026,0.5026,0.5026,0.0000,-0.0000,-9.8642,0.0000,0.0000,0.0000
500,2.0000,0.0000,-0.0000,-4.7824,0.0000,-0.0000,-4.8353,0.0000,-0.0000,-0.0343,0.7071,0.7071,0.0000,0.0000,0.0000,0.0000,-0.0000,0.5026,0.5026,0.5026,0.5026,0.0000,0.0000,-9.8641,0.0000,0.0000,0.0000
501,2.0040,0.0000,-0.0000,-4.7826,0.0000,-0.0000,-4.8355,0.0000,-0.0000,-0.0345,0.7071,0.7071,0.0000,0.0000,0.0000,0.0000,-0.0000,0.5026,0.5026,0.5026,0.5026,0.0000,-0.0000,-9.8639,0.0000,0.0000,0.0000
502,2.0080,0.0000,-0.0000,-4.7827,0.0000,-0.0000,-4.8357,0.0000,-0.0000,-0.0347,0.7071,0.7071,0.0000,0.0000,0.0000,0.0000,-0.0000,0.5026,0.5026,0.5026,0.5026,0.0000,-0.0000,-9.8637,0.0000,0.0000,0.0000
503,2.0120,0.0000,-0.0000,-4.7828,0.0000,-0.0000,-4.8359,0.0000,-0.0000,-0.0349,0.7071,0.7071,0.0000,0.0000,0.0000,0.0000,-0.0000,0.5026,0.5026,0.5026,0.5026,0.0000,0.0000,-9.8635,0.0000,0.0000,0.0000
504,2.0160,0.0000,-0.0000,-4.7830,0.0000,-0.0000,-4.8361,0.0000,-0.0000,-0.0351,0.7071,0.7071,0.0000,0.0000,0.0000,0.0000,-0.0000,0.5026,0.5026,0.5026,0.5026,0.0000,-0.0000,-9.8633,0.0000,0.0000,0.0000
505,2.0200,0.0000,-0.0000,-4.7831,0.0000,-0.0000,-4.8363,0.0000,-0.0000,-0.0353,0.7071,0.7071,0.0000,0.0000,0.0000,0.0000,-0.0000,0.5026,0.5026,0.5026,0.5026,0.0000,0.0000,-9.8631,0.0000,0.0000,0.0000
506,2.0240,0.0000,-0.0000,-4.7833,0.0000,-0.0000,-4.8365,0.0000,-0.0000,-0.0356,0.7071,0.7071,0.0000,0.0000,0.0000,0.0000,-0.0000,0.5026,0.5026,0.5026,0.5026,0.0000,0.0000,-9.8630,0.0000,0.0000,0.0000
507,2.0280,0.0000,-0.0000,-4.7834,0.0000,-0.0000,-4.8367,0.0000,-0.0000,-0.0358,0.7071,0.7071,0.0000,0.0000,0.0000,0.0000,-0.0000,0.5026,0.5026,0.5026,0.5026,0.0000,0.0000,-9.8628,0.0000,0.0000,0.0000
508,2.0320,0.0000,-0.0000,-4.7836,0.0000,-0.0000,-4.8369,0.0000,-0.0000,-0.0360,0.7071,0.7071,0.0000,0.0000,0.0000,0.0000,-0.0000,0.5026,0.5026,0.5026,0.5026,0.0000,-0.0000,-9.8626,0.0000,0.0000,0.0000
509,2.0360,0.0000,-0.0000,-4.7837,0.0000,-0.0000,-4.8371,0.0000,-0.0000,-0.0362,0.7071,0.7071,0.0000,0.0000,0.0000,0.0000,-0.0000,0.5026,0.5026,0.5026,0.5026,0.0000,-0.0000,-9.8624,0.0000,0.0000,0.0000
510,2.0400,0.0000,-0.0000,-4.7838,0.0000,-0.0000,-4.8373,0.0000,-0.0000,-0.0364,0.7071,0.7071,0.0000,0.0000,0.0000,0.0000,-0.0000,0.5026,0.5026,0.5026,0.5026,0.0000,-0.0000,-9.8623,0.0000,0.0000,0.0000
511,2.0440,0.0000,-0.0000,-4.7840,0.0000,-0.0000,-4.8375,0.0000,-0.0000,-0.0366,0.7071,0.7071,0.0000,0.0000,0.0000,0.0000,-0.0000,0.5026,0.5026,0.5026,0.5026,0.0000,-0.0000,-9.8621,0.0000,0.0000,0.0000
512,2.0480,0.0000,-0.0000,-4.7841,0.0000,-0.0000,-4.8377,0.0000,-0.0000,-0.0368,0.7071,0.7071,0.0000,0.0000,0.0000,0.0000,-0.0000,0.5025,0.5025,0.5025,0.5025,0.0000,0.0000,-9.8619,0.0000,0.0000,0.0000
513,2.0520,0.0000,-0.0000,-4.7843,0.0000,-0.0000,-4.8379,0.0000,-0.0000,-0.0370,0.7071,0.7071,0.0000,0.0000,0.0000,0.0000,-0.0000,0.5025,0.5025,0.5025,0.5025,0.0000,-0.0000,-9.8618,0.0000,0.0000,0.0000
514,2.0560,0.0000,-0.0000,-4.7844,0.0000,-0.0000,-4.8381,0.0000,-0.0000,-0.0372,0.7071,0.7071,0.0000,0.0000,0.0000,0.0000,-0.0000,0.5025,0.5025,0.5025,0.5025,0.0000,0.0000,-9.8616,0.0000,0.0000,0.0000
515,2.0600,0.0000,-0.0000,-4.7846,0.0000,-0.0000,-4.8383,0.0000,-0.0000,-0.0374,0.7071,0.7071,0.0000,0.0000,0.0000,0.0000,-0.0000,0.5025,0.5025,0.5025,0.5025,0.0000,-0.0000,-9.8614,0.0000,0.0000,0.0000
516,2.0640,0.0000,-0.0000,-4.7847,0.0000,-0.0000,-4.8385,0.0000,-0.0000,-0.0376,0.7071,0.7071,0.0000,0.0000,0.0000,0.0000,-0.0000,0.5025,0.5025,0.5025,0.5025,0.0000,0.0000,-9.8613,0.0000,0.0000,0.0000
517,2.0680,0.0000,-0.0000,-4.7849,0.0000,-0.0000,-4.8387,0.0000,-0.0000,-0.0378,0.7071,0.7071,0.0000,0.0000,0.0000,0.0000,-0.0000,0.5025,0.5025,0.5025,0.5025,0.0000,-0.0000,-9.8611,0.0000,0.0000,0.0000
518,2.0720,0.0000,-0.0000,-4.7850,0.0000,-0.0000,-4.8389,0.0000,-0.0000,-0.0380,0.7071,0.7071,0.0000,0.0000,0.0000,0.0000,-0.0000,0.5025,0.5025,0.5025,0.5025,0.0000,0.0000,-9.8609,0.0000,0.0000,0.0000
519,2.0760,0.0000,-0.0000,-4.7852,0.0000,-0.0000,-4.8391,0.0000,-0.0000,-0.0382,0.7071,0.7071,0.0000,0.0000,0.0000,0.0000,-0.0000,0.5025,0.5025,0.5025,0.5025,0.0000,-0.0000,-9.8608,0.0000,0.0000,0.0000
520,2.0800,0.0000,-0.0000,-4.7853,0.0000,-0.0000,-4.8393,0.0000,-0.0000,-0.0384,0.7071,0.7071,0.0000,0.0000,0.0000,0.0000,-0.0000,0.5025,0.5025,0.5025,0.5025,0.0000,0.0000,-9.8606,0.0000,0.0000,0.0000
521,2.0840,0.0000,-0.0000,-4.7855,0.0000,-0.0000,-4.8395,0.0000,-0.0000,-0.0386,0.7071,0.7071,0.0000,0.0000,0.0000,0.0000,-0.0000,0.5025,0.5025,0.5025,0.5025,0.0000,0.0000,-9.8605,0.0000,0.0000,0.0000
522,2.0880,0.0000,-0.0000,-4.7857,0.0000,-0.0000,-4.8397,0.0000,-0.0000,-0.0388,0.7071,0.7071,0.0000,0.0000,0.0000,0.0000,-0.0000,0.5025,0.5025,0.5025,0.5025,0.0000,0.0000,-9.8603,0.0000,0.0000,0.0000
523,2.0920,0.0000,-0.0000,-4.7858,0.0000,-0.0000,-4.8399,0.0000,-0.0000,-0.0390,0.7071,0.7071,0.0000,0.0000,0.0000,0.0000,-0.0000,0.5025,0.5025,0.5025,0.5025,0.0000,0.0000,-9.8602,0.0000,0.0000,0.0000
524,2.0960,0.0000,-0.0000,-4.7860,0.0000,-0.0000,-4.8401,0.0000,-0.0000,-0.0392,0.7071,0.7071,0.0000,0.0000,0.0000,0.0000,-0.0000,0.5025,0.5025,0.5025,0.5025,0.0000,-0.0000,-9.8600,0.0000,0.0000,0.0000
525,2.1000,0.0000,-0.0000,-4.7861,0.0000,-0.0000,-4.8403,0.0000,-0.0000,-0.0394,0.7071,0.7071,0.0000,0.0000,0.0000,0.0000,-0.0000,0.5025,0.5025,0.5025,0.5025,0.0000,-0.0000,-9.8599,0.0000,0.0000,0.0000
526,2.1040,0.0000,-0.0000,-4.7863,0.0000,-0.0000,-4.8405,0.0000,-0.0000,-0.0396,0.7071,0.7071,0.0000,0.0000,0.0000,0.0000,-0.0000,0.5024,0.5024,0.5024,0.5024,0.0000,0.0000,-9.8597,0.0000,0.0000,0.0000
527,2.1080,0.0000,-0.0000,-4.7864,0.0000,-0.0000,-4.8407,0.0000,-0.0000,-0.0398,0.7071,0.7071,0.0000,0.0000,0.0000,0.0000,-0.0000,0.5024,0.5024,0.5024,0.5024,0.0000,0.0000,-9.8596,0.0000,0.0000,0.0000
528,2.1120,0.0000,-0.0000,-4.7866,0.0000,-0.0000,-4.8409,0.0000,-0.0000,-0.0400,0.7071,0.7071,0.0000,0.0000,0.0000,0.0000,-0.0000,0.5024,0.5024,0.5024,0.5024,0.0000,-0.0000,-9.8594,0.0000,0.0000,0.0000
529,2.1160,0.0000,-0.0000,-4.7868,0.0000,-0.0000,-4.8411,0.0000,-0.0000,-0.0402,0.7071,0.7071,0.0000,0.0000,0.0000,0.0000,-0.0000,0.5024,0.5024,0.5024,0.5024,0.0000,-0.0000,-9.8593,0.0000,0.0000,0.0000
530,2.1200,0.0000,-0.0000,-4.7869,0.0000,-0.0000,-4.8413,0.0000,-0.0000,-0.0404,0.7071,0.7071,0.0000,0.0000,0.0000,0.0000,-0.0000,0.5024,0.5024,0.5024,0.5024,0.0000,-0.0000,-9.8592,0.0000,0.0000,0.0000
531,2.1240,0.0000,-0.0000,-4.7871,0.0000,-0.0000,-4.8415,0.0000,-0.0000,-0.0406,0.7071,0.7071,0.0000,0.0000,0.0000,0.0000,-0.0000,0.5024,0.5024,0.5024,0.5024,0.0000,0.0000,-9.8590,0.0000,0.0000,0.0000
532,2.1280,0.0000,-0.0000,-4.7873,0.0000,-0.0000,-4.8417,0.0000,-0.0000,-0.0408,0.7071,0.7071,0.0000,0.0000,0.0000,0.0000,-0.0000,0.5024,0.5024,0.5024,0.5024,0.0000,-0.0000,-9.8589,0.0000,0.0000,0.0000
533,2.1320,0.0000,-0.0000,-4.7874,0.0000,-0.0000,-4.8419,0.0000,-0.0000,-0.0410,0.7071,0.7071,0.0000,0.0000,0.0000,0.0000,-0.0000,0.5024,0.5024,0.5024,0.5024,0.0000,-0.0000,-9.8587,0.0000,0.0000,0.0000
534,2.1360,0.0000,-0.0000,-4.7876,0.0000,-0.0000,-4.8421,0.0000,-0.0000,-0.0412,0.7071,0.7071,0.0000,0.0000,0.0000,0.0000,-0.0000,0.5024,0.5024,0.5024,0.5024,0.0000,0.0000,-9.8586,0.0000,0.0000,0.0000
535,2.1400,0.0000,-0.0000,-4.7877,0.0000,-0.0000,-4.8423,0.0000,-0.0000,-0.0414,0.7071,0.7071,0.0000,0.0000,0.0000,0.0000,-0.0000,0.5024,0.5024,0.5024,0.5024,0.0000,-0.0000,-9.8585,0.0000,0.0000,0.0000
536,2.1440,0.0000,-0.0000,-4.7879,0.0000,-0.0000,-4.8425,0.0000,-0.0000,-0.0416,0.7071,0.7071,0.0000,0.0000,0.0000,0.0000,-0.0000,0.5024,0.5024,0.5024,0.5024,0.0000,-0.0000,-9.8583,0.0000,0.0000,0.0000
537,2.1480,0.0000,-0.0000,-4.7881,0.0000,-0.0000,-4.8427,0.0000,-0.0000,-0.0418,0.7071,0.7071,0.0000,0.0000,0.0000,0.0000,-0.0000,0.5024,0.5024,0.5024,0.5024,0.0000,-0.0000,-9.8582,0.0000,0.0000,0.0000
538,2.1520,0.0000,-0.0000,-4.7882,0.0000,-0.0000,-4.8429,0.0000,-0.0000,-0.0420,0.7071,0.7071,0.0000,0.0000,0.0000,0.0000,-0.0000,0.5024,0.5024,0.5024,0.5024,0.0000,0.0000,-9.8581,0.0000,0.0000,0.0000
539,2.1560,0.0000,-0.0000,-4.7884,0.0000,-0.0000,-4.8431,0.0000,-0.0000,-0.0422,0.7071,0.7071,0.0000,0.0000,0.0000,0.0000,-0.0000,0.5024,0.5024,0.5024,0.5024,0.0000,0.0000,-9.8579,0.0000,0.0000,0.0000
540,2.1600,0.0000,-0.0000,-4.7886,0.0000,-0.0000,-4.8433,0.0000,-0.0000,-0.0424,0.7071,0.7071,0.0000,0.0000,0.0000,0.0000,-0.0000,0.5024,0.5024,0.5024,0.5024,0.0000,-0.0000,-9.8578,0.0000,0.0000,0.0000
541,2.1640,0.0000,-0.0000,-4.7888,0.0000,-0.0000,-4.8435,0.0000,-0.0000,-0.0426,0.7071,0.7071,0.0000,0.0000,0.0000,0.0000,-0.0000,0.5024,0.5024,0.5024,0.5024,0.0000,-0.0000,-9.8577,0.0000,0.0000,0.0000
542,2.1680,0.0000,-0.0000,-4.7889,0.0000,-0.0000,-4.8437,0.0000,-0.0000,-0.0427,0.7071,0.7071,0.0000,0.0000,0.0000,0.0000,-0.0000,0.5023,0.5023,0.5023,0.5023,0.0000,0.0000,-9.8576,0.0000,0.0000,0.0000
543,2.1720,0.0000,-0.0000,-4.7891,0.0000,-0.0000,-4.8439,0.0000,-0.0000,-0.0429,0.7071,0.7071,0.0000,0.0000,0.0000,0.0000,-0.0000,0.5023,0.5023,0.5023,0.5023,0.0000,-0.0000,-9.8574,0.0000,0.0000,0.0000
544,2.1760,0.0000,-0.0000,-4.7893,0.0000,-0.0000,-4.8441,0.0000,-0.0000,-0.0431,0.7071,0.7071,0.0000,0.0000,0.0000,0.0000,-0.0000,0.5023,0.5023,0.5023,0.5023,0.0000,0.0000,-9.8573,0.0000,0.0000,0.0000
545,2.1800,0.0000,-0.0000,-4.7894,0.0000,-0.0000,-4.8443,0.0000,-0.0000,-0.0433,0.7071,0.7071,0.0000,0.0000,0.0000,0.0000,-0.0000,0.5023,0.5023,0.5023,0.5023,0.0000,0.0000,-9.8572,0.0000,0.0000,0.0000
546,2.1840,0.0000,-0.0000,-4.7896,0.0000,-0.0000,-4.8445,0.0000,-0.0000,-0.0435,0.7071,0.7071,0.0000,0.0000,0.0000,0.0000,-0.0000,0.5023,0.5023,0.5023,0.5023,0.0000,-0.0000,-9.8571,0.0000,0.0000,0.0000
547,2.1880,0.0000,-0.0000,-4.7898,0.0000,-0.0000,-4.8447,0.0000,-0.0000,-0.0437,0.7071,0.7071,0.0000,0.0000,0.0000,0.0000,-0.0000,0.5023,0.5023,0.5023,0.5023,0.0000,-0.0000,-9.8569,0.0000,0.0000,0.0000
548,2.1920,0.0000,-0.0000,-4.7900,0.0000,-0.0000,-4.8449,0.0000,-0.0000,-0.0439,0.7071,0.7071,0.0000,0.0000,0.0000,0.0000,-0.0000,0.5023,0.5023,0.5023,0.5023,0.0000,-0.0000,-9.8568,0.0000,0.0000,0.0000
549,2.1960,0.0000,-0.0000,-4.7901,0.0000,-0.0000,-4.8451,0.0000,-0.0000,-0.0441,0.7071,0.7071,0.0000,0.0000,0.0000,0.0000,-0.0000,0.5023,0.5023,0.5023,0.5023,0.0000,0.0000,-9.8567,0.0000,0.0000,0.0000
550,2.2000,0.0000,-0.0000,-4.7903,0.0000,-0.0000,-4.8453,0.0000,-0.0000,-0.0442,0.7071,0.7071,0.0000,0.0000,0.0000,0.0000,-0.0000,0.5023,0.5023,0.5023,0.5023,0.0000,0.0000,-9.8566,0.0000,0.0000,0.0000
551,2.2040,0.0000,-0.0000,-4.7905,0.0000,-0.0000,-4.8455,0.0000,-0.0000,-0.0444,0.7071,0.7071,0.0000,0.0000,0.0000,0.0000,-0.0000,0.5023,0.5023,0.5023,0.5023,0.0000,-0.0000,-9.8565,0.0000,0.0000,0.0000
552,2.2080,0.0000,-0.0000,-4.7907,0.0000,-0.0000,-4.8457,0.0000,-0.0000,-0.0446,0.7071,0.7071,0.0000,0.0000,0.0000,0.0000,-0.0000,0.5023,0.5023,0.5023,0.5023,0.0000,-0.0000,-9.8564,0.0000,0.0000,0.0000
553,2.2120,0.0000,-0.0000,-4.7909,0.0000,-0.0000,-4.8459,0.0000,-0.0000,-0.0448,0.7071,0.7071,0.0000,0.0000,0.0000,0.0000,-0.0000,0.5023,0.5023,0.5023,0.5023,0.0000,-0.0000,-9.8562,0.0000,0.0000,0.0000
554,2.2160,0.0000,-0.0000,-4.7910,0.0000,-0.0000,-4.8461,0.0000,-0.0000,-0.0450,0.7071,0.7071,0.0000,0.0000,0.0000,0.0000,-0.0000,0.5023,0.5023,0.5023,0.5023,0.0000,-0.0000,-9.8561,0.0000,0.0000,0.0000
555,2.2200,0.0000,-0.0000,-4.7912,0.0000,-0.0000,-4.8463,0.0000,-0.0000,-0.0452,0.7071,0.7071,0.0000,0.0000,0.0000,0.0000,-0.0000,0.5023,0.5023,0.5023,0.5023,0.0000,0.0000,-9.8560,0.0000,0.0000,0.0000
556,2.2240,0.0000,-0.0000,-4.7914,0.0000,-0.0000,-4.8465,0.0000,-0.0000,-0.0453,0.7071,0.7071,0.0000,0.0000,0.0000,0.0000,-0.0000,0.5023,0.5023,0.5023,0.5023,0.0000,-0.0000,-9.8559,0.0000,0.0000,0.0000
557,2.2280,0.0000,-0.0000,-4.7916,0.0000,-0.0000,-4.8467,0.0000,-0.0000,-0.0455,0.7071,0.7071,0.0000,0.0000,0.0000,0.0000,-0.0000,0.5023,0.5023,0.5023,0.5023,0.0000,-0.0000,-9.8558,0.0000,0.0000,0.0000
558,2.2320,0.0000,-0.0000,-4.7918,0.0000,-0.0000,-4.8469,0.0000,-0.0000,-0.0457,0.7071,0.7071,0.0000,0.0000,0.0000,0.0000,-0.0000,0.5023,0.5023,0.5023,0.5023,0.0000,0.0000,-9.8557,0.0000,0.0000,0.0000
559,2.2360,0.0000,-0.0000,-4.7919,0.0000,-0.0000,-4.8471,0.0000,-0.0000,-0.0459,0.7071,0.7071,0.0000,0.0000,0.0000,0.0000,-0.0000,0.5023,0.5023,0.5023,0.5023,0.0000,-0.0000,-9.8556,0.0000,0.0000,0.0000
560,2.2400,0.0000,-0.0000,-4.7921,0.0000,-0.0000,-4.8472,0.0000,-0.0000,-0.0461,0.7071,0.7071,0.0000,0.0000,0.0000,0.0000,-0.0000,0.5023,0.5023,0.5023,0.5023,0.0000,-0.0000,-9.8555,0.0000,0.0000,0.0000
561,2.2440,0.0000,-0.0000,-4.7923,0.0000,-0.0000,-4.8474,0.0000,-0.0000,-0.0463,0.7071,0.7071,0.0000,0.0000,0.0000,0.0000,-0.0000,0.5023,0.5023,0.5023,0.5023,0.0000,0.0000,-9.8554,0.0000,0.0000,0.0000
562,2.2480,0.0000,-0.0000,-4.7925,0.0000,-0.0000,-4.8476,0.0000,-0.0000,-0.0464,0.7071,0.7071,0.0000,0.0000,0.0000,0.0000,-0.0000,0.5022,0.5022,0.5022,0.5022,0.0000,-0.0000,-9.8553,0.0000,0.0000,0.0000
563,2.2520,0.0000,-0.0000,-4.7927,0.0000,-0.0000,-4.8478,0.0000,-0.0000,-0.0466,0.7071,0.7071,0.0000,0.0000,0.0000,0.0000,-0.0000,0.5022,0.5022,0.5022,0.5022,0.0000,0.0000,-9.8552,0.0000,0.0000,0.0000
564,2.2560,0.0000,-0.0000,-4.7929,0.0000,-0.0000,-4.8480,0.0000,-0.0000,-0.0468,0.7071,0.7071,0.0000,0.0000,0.0000,0.0000,-0.0000,0.5022,0.5022,0.5022,0.5022,0.0000,0.0000,-9.8551,0.0000,0.0000,0.0000
565,2.2600,0.0000,-0.0000,-4.7931,0.0000,-0.0000,-4.8482,0.0000,-0.0000,-0.0470,0.7071,0.7071,0.0000,0.0000,0.0000,0.0000,-0.0000,0.5022,0.5022,0.5022,0.5022,0.0000,0.0000,-9.8550,0.0000,0.0000,0.0000
566,2.2640,0.0000,-0.0000,-4.7933,0.0000,-0.0000,-4.8484,0.0000,-0.0000,-0.0472,0.7071,0.7071,0.0000,0.0000,0.0000,0.0000,-0.0000,0.5022,0.5022,0.5022,0.5022,0.0000,0.0000,-9.8549,0.0000,0.0000,0.0000
567,2.2680,0.0000,-0.0000,-4.7934,0.0000,-0.0000,-4.8486,0.0000,-0.0000,-0.0473,0.7071,0.7071,0.0000,0.0000,0.0000,0.0000,-0.0000,0.5022,0.5022,0.5022,0.5022,0.0000,0.0000,-9.8548,0.0000,0.0000,0.0000
568,2.2720,0.0000,-0.0000,-4.7936,0.0000,-0.0000,-4.8488,0.0000,-0.0000,-0.0475,0.7071,0.7071,0.0000,0.0000,0.0000,0.0000,-0.0000,0.5022,0.5022,0.5022,0.5022,0.0000,-0.0000,-9.8547,0.0000,0.0000,0.0000
569,2.2760,0.0000,-0.0000,-4.7938,0.0000,-0.0000,-4.8490,0.0000,-0.0000,-0.0477,0.7071,0.7071,0.0000,0.0000,0.0000,0.0000,-0.0000,0.5022,0.5022,0.5022,0.5022,0.0000,-0.0000,-9.8546,0.0000,0.0000,0.0000
570,2.2800,0.0000,-0.0000,-4.7940,0.0000,-0.0000,-4.8492,0.0000,-0.0000,-0.0479,0.7071,0.7071,0.0000,0.0000,0.0000,0.0000,-0.0000,0.5022,0.5022,0.5022,0.5022,0.0000,0.0000,-9.8545,0.0000,0.0000,0.0000
571,2.2840,0.0000,-0.0000,-4.7942,0.0000,-0.0000,-4.8494,0.0000,-0.0000,-0.0480,0.7071,0.7071,0.0000,0.0000,0.0000,0.0000,-0.0000,0.5022,0.5022,0.5022,0.5022,0.0000,-0.0000,-9.8544,0.0000,0.0000,0.0000
572,2.2880,0.0000,-0.0000,-4.7944,0.0000,-0.0000,-4.8496,0.0000,-0.0000,-0.0482,0.7071,0.7071,0.0000,0.0000,0.0000,0.0000,-0.0000,0.5022,0.5022,0.5022,0.5022,0.0000,-0.0000,-9.8543,0.0000,0.0000,0.0000
573,2.2920,0.0000,-0.0000,-4.7946,0.0000,-0.0000,-4.8498,0.0000,-0.0000,-0.0484,0.7071,0.7071,0.0000,0.0000,0.0000,0.0000,-0.0000,0.5022,0.5022,0.5022,0.5022,0.0000,-0.0000,-9.8542,0.0000,0.0000,0.0000
574,2.2960,0.0000,-0.0000,-4.7948,0.0000,-0.0000,-4.8500,0.0000,-0.0000,-0.0486,0.7071,0.7071,0.0000,0.0000,0.0000,0.0000,-0.0000,0.5022,0.5022,0.5022,0.5022,0.0000,-0.0000,-9.8541,0.0000,0.0000,0.0000
575,2.3000,0.0000,-0.0000,-4.7950,0.0000,-0.0000,-4.8502,0.0000,-0.0000,-0.0488,0.7071,0.7071,0.0000,0.0000,0.0000,0.0000,-0.0000,0.5022,0.5022,0.5022,0.5022,0.0000,-0.0000,-9.8540,0.0000,0.0000,0.0000
576,2.3040,0.0000,-0.0000,-4.7952,0.0000,-0.0000,-4.8503,0.0000,-0.0000,-0.0489,0.7071,0.7071,0.0000,0.0000,0.0000,0.0000,-0.0000,0.5022,0.5022,0.5022,0.5022,0.0000,0.0000,-9.8539,0.0000,0.0000,0.0000
577,2.3080,0.0000,-0.0000,-4.7954,0.0000,-0.0000,-4.8505,0.0000,-0.0000,-0.0491,0.7071,0.7071,0.0000,0.0000,0.0000,0.0000,-0.0000,0.5022,0.5022,0.5022,0.5022,0.0000,0.0000,-9.8538,0.0000,0.0000,0.0000
578,2.3120,0.0000,-0.0000,-4.7956,0.0000,-0.0000,-4.8507,0.0000,-0.0000,-0.0493,0.7071,0.7071,0.0000,0.0000,0.0000,0.0000,-0.0000,0.5022,0.5022,0.5022,0.5022,0.0000,-0.0000,-9.8537,0.0000,0.0000,0.0000
579,2.3160,0.0000,-0.0000,-4.7958,0.0000,-0.0000,-4.8509,0.0000,-0.0000,-0.0495,0.7071,0.7071,0.0000,0.0000,0.0000,0.0000,-0.0000,0.5022,0.5022,0.5022,0.5022,0.0000,-0.0000,-9.8537,0.0000,0.0000,0.0000
580,2.3200,0.0000,-0.0000,-4.7960,0.0000,-0.0000,-4.8511,0.0000,-0.0000,-0.0496,0.7071,0.7071,0.0000,0.0000,0.0000,0.0000,-0.0000,0.5022,0.5022,0.5022,0.5022,0.0000,0.0000,-9.8536,0.0000,0.0000,0.0000
581,2.3240,0.0000,-0.0000,-4.7962,0.0000,-0.0000,-4.8513,0.0000,-0.0000,-0.0498,0.7071,0.7071,0.0000,0.0000,0.0000,0.0000,-0.0000,0.5022,0.5022,0.5022,0.5022,0.0000,-0.0000,-9.8535,0.0000,0.0000,0.0000
582,2.3280,0.0000,-0.0000,-4.7964,0.0000,-0.0000,-4.8515,0.0000,-0.0000,-0.0500,0.7071,0.7071,0.0000,0.0000,0.0000,0.0000,-0.0000,0.5022,0.5022,0.5022,0.5022,0.0000,-0.0000,-9.8534,0.0000,0.0000,0.0000
583,2.3320,0.0000,-0.0000,-4.7966,0.0000,-0.0000,-4.8517,0.0000,-0.0000,-0.0501,0.7071,0.7071,0.0000,0.0000,0.0000,0.0000,-0.0000,0.5022,0.5022,0.5022,0.5022,0.0000,0.0000,-9.8533,0.0000,0.0000,0.0000
584,2.3360,0.0000,-0.0000,-4.7968,0.0000,-0.0000,-4.8519,0.0000,-0.0000,-0.0503,0.7071,0.7071,0.0000,0.0000,0.0000,0.0000,-0.0000,0.5022,0.5022,0.5022,0.5022,0.0000,0.0000,-9.8532,0.0000,0.0000,0.0000
585,2.3400,0.0000,-0.0000,-4.7970,0.0000,-0.0000,-4.8521,0.0000,-0.0000,-0.0505,0.7071,0.7071,0.0000,0.0000,0.0000,0.0000,-0.0000,0.5022,0.5022,0.5022,0.5022,0.0000,-0.0000,-9.8531,0.0000,0.0000,0.0000
586,2.3440,0.0000,-0.0000,-4.7972,0.0000,-0.0000,-4.8523,0.0000,-0.0000,-0.0507,0.7071,0.7071,0.0000,0.0000,0.0000,0.0000,-0.0000,0.5021,0.5021,0.5021,0.5021,0.0000,-0.0000,-9.8531,0.0000,0.0000,0.0000
587,2.3480,0.0000,-0.0000,-4.7974,0.0000,-0.0000,-4.8525,0.0000,-0.0000,-0.0508,0.7071,0.7071,0.0000,0.0000,0.0000,0.0000,-0.0000,0.5021,0.5021,0.5021,0.5021,0.0000,-0.0000,-9.8530,0.0000,0.0000,0.0000
588,2.3520,0.0000,-0.0000,-4.7976,0.0000,-0.0000,-4.8526,0.0000,-0.0000,-0.0510,0.7071,0.7071,0.0000,0.0000,0.0000,0.0000,-0.0000,0.5021,0.5021,0.5021,0.5021,0.0000,-0.0000,-9.8529,0.0000,0.0000,0.0000
589,2.3560,0.0000,-0.0000,-4.7978,0.0000,-0.0000,-4.8528,0.0000,-0.0000,-0.0512,0.7071,0.7071,0.0000,0.0000,0.0000,0.0000,-0.0000,0.5021,0.5021,0.5021,0.5021,0.0000,-0.0000,-9.8528,0.0000,0.0000,0.0000
590,2.3600,0.0000,-0.0000,-4.7980,0.0000,-0.0000,-4.8530,0.0000,-0.0000,-0.0513,0.7071,0.7071,0.0000,0.0000,0.0000,0.0000,-0.0000,0.5021,0.5021,0.5021,0.5021,0.0000,-0.0000,-9.8527,0.0000,0.0000,0.0000
591,2.3640,0.0000,-0.0000,-4.7982,0.0000,-0.0000,-4.8532,0.0000,-0.0000,-0.0515,0.7071,0.7071,0.0000,0.0000,0.0000,0.0000,-0.0000,0.5021,0.5021,0.5021,0.5021,0.0000,0.0000,-9.8526,0.0000,0.0000,0.0000
592,2.3680,0.0000,-0.0000,-4.7984,0.0000,-0.0000,-4.8534,0.0000,-0.0000,-0.0517,0.7071,0.7071,0.0000,0.0000,0.0000,0.0000,-0.0000,0.5021,0.5021,0.5021,0.5021,0.0000,0.0000,-9.8526,0.0000,0.0000,0.0000
593,2.3720,0.0000,-0.0000,-4.7986,0.0000,-0.0000,-4.8536,0.0000,-0.0000,-0.0519,0.7071,0.7071,0.0000,0.0000,0.0000,0.0000,-0.0000,0.5021,0.5021,0.5021,0.5021,0.0000,0.0000,-9.8525,0.0000,0.0000,0.0000
594,2.3760,0.0000,-0.0000,-4.7988,0.0000,-0.0000,-4.8538,0.0000,-0.0000,-0.0520,0.7071,0.7071,0.0000,0.0000,0.0000,0.0000,-0.0000,0.5021,0.5021,0.5021,0.5021,0.0000,0.0000,-9.8524,0.0000,0.0000,0.0000
595,2.3800,0.0000,-0.0000,-4.7990,0.0000,-0.0000,-4.8540,0.0000,-0.0000,-0.0522,0.7071,0.7071,0.0000,0.0000,0.0000,0.0000,-0.0000,0.5021,0.5021,0.5021,0.5021,0.0000,0.0000,-9.8523,0.0000,0.0000,0.0000
596,2.3840,0.0000,-0.0000,-4.7992,0.0000,-0.0000,-4.8542,0.0000,-0.0000,-0.0524,0.7071,0.7071,0.0000,0.0000,0.0000,0.0000,-0.0000,0.5021,0.5021,0.5021,0.5021,0.0000,0.0000,-9.8523,0.0000,0.0000,0.0000
597,2.3880,0.0000,-0.0000,-4.7994,0.0000,-0.0000,-4.8544,0.0000,-0.0000,-0.0525,0.7071,0.7071,0.0000,0.0000,0.0000,0.0000,-0.0000,0.5021,0.5021,0.5021,0.5021,0.0000,-0.0000,-9.8522,0.0000,0.0000,0.0000
598,2.3920,0.0000,-0.0000,-4.7997,0.0000,-0.0000,-4.8545,0.0000,-0.0000,-0.0527,0.7071,0.7071,0.0000,0.0000,0.0000,0.0000,-0.0000,0.5021,0.5021,0.5021,0.5021,0.0000,-0.0000,-9.8521,0.0000,0.0000,0.0000
599,2.3960,0.0000,-0.0000,-4.7999,0.0000,-0.0000,-4.8547,0.0000,-0.0000,-0.0529,0.7071,0.7071,0.0000,0.0000,0.0000,0.0000,-0.0000,0.5021,0.5021,0.5021,0.5021,0.0000,0.0000,-9.8520,0.0000,0.0000,0.0000
600,2.4000,0.0000,-0.0000,-4.8001,0.0000,-0.0000,-4.8549,0.0000,-0.0000,-0.0530,0.7071,0.7071,0.0000,0.0000,0.0000,0.0000,-0.0000,0.5021,0.5021,0.5021,0.5021,0.0000,-0.0000,-9.8520,0.0000,0.0000,0.0000
601,2.4040,0.0000,-0.0000,-4.8003,0.0000,-0.0000,-4.8551,0.0000,-0.0000,-0.0532,0.7071,0.7071,0.0000,0.0000,0.0000,0.0000,-0.0000,0.5021,0.5021,0.5021,0.5021,0.0000,0.0000,-9.8519,0.0000,0.0000,0.0000
602,2.4080,0.0000,-0.0000,-4.8005,0.0000,-0.0000,-4.8553,0.0000,-0.0000,-0.0534,0.7071,0.7071,0.0000,0.0000,0.0000,0.0000,-0.0000,0.5021,0.5021,0.5021,0.5021,0.0000,-0.0000,-9.8518,0.0000,0.0000,0.0000
603,2.4120,0.0000,-0.0000,-4.8007,0.0000,-0.0000,-4.8555,0.0000,-0.0000,-0.0535,0.7071,0.7071,0.0000,0.0000,0.0000,0.0000,-0.0000,0.5021,0.5021,0.5021,0.5021,0.0000,0.0000,-9.8517,0.0000,0.0000,0.0000
604,2.4160,0.0000,-0.0000,-4.8009,0.0000,-0.0000,-4.8557,0.0000,-0.0000,-0.0537,0.7071,0.7071,0.0000,0.0000,0.0000,0.0000,-0.0000,0.5021,0.5021,0.5021,0.5021,0.0000,0.0000,-9.8517,0.0000,0.0000,0.0000
605,2.4200,0.0000,-0.0000,-4.8012,0.0000,-0.0000,-4.8559,0.0000,-0.0000,-0.0539,0.7071,0.7071,0.0000,0.0000,0.0000,0.0000,-0.0000,0.5021,0.5021,0.5021,0.5021,0.0000,-0.0000,-9.8516,0.0000,0.0000,0.0000
606,2.4240,0.0000,-0.0000,-4.8014,0.0000,-0.0000,-4.8560,0.0000,-0.0000,-0.0540,0.7071,0.7071,0.0000,0.0000,0.0000,0.0000,-0.0000,0.5021,0.5021,0.5021,0.5021,0.0000,-0.0000,-9.8515,0.0000,0.0000,0.0000
607,2.4280,0.0000,-0.0000,-4.8016,0.0000,-0.0000,-4.8562,0.0000,-0.0000,-0.0542,0.7071,0.7071,0.0000,0.0000,0.0000,0.0000,-0.0000,0.5021,0.5021,0.5021,0.5021,0.0000,0.0000,-9.8515,0.0000,0.0000,0.0000
608,2.4320,0.0000,-0.0000,-4.8018,0.0000,-0.0000,-4.8564,0.0000,-0.0000,-0.0544,0.7071,0.7071,0.0000,0.0000,0.0000,0.0000,-0.0000,0.5021,0.5021,0.5021,0.5021,0.0000,0.0000,-9.8514,0.0000,0.0000,0.0000
609,2.4360,0.0000,-0.0000,-4.8020,0.0000,-0.0000,-4.8566,0.0000,-0.0000,-0.0545,0.7071,0.7071,0.0000,0.0000,0.0000,0.0000,-0.0000,0.5021,0.5021,0.5021,0.5021,0.0000,-0.0000,-9.8513,0.0000,0.0000,0.0000
610,2.4400,0.0000,-0.0000,-4.8022,0.0000,-0.0000,-4.8568,0.0000,-0.0000,-0.0547,0.7071,0.7071,0.0000,0.0000,0.0000,0.0000,-0.0000,0.5021,0.5021,0.5021,0.5021,0.0000,0.0000,-9.8513,0.0000,0.0000,0.0000
611,2.4440,0.0000,-0.0000,-4.8025,0.0000,-0.0000,-4.8570,0.0000,-0.0000,-0.0549,0.7071,0.7071,0.0000,0.0000,0.0000,0.0000,-0.0000,0.5021,0.5021,0.5021,0.5021,0.0000,-0.0000,-9.8512,0.0000,0.0000,0.0000
612,2.4480,0.0000,-0.0000,-4.8027,0.0000,-0.0000,-4.8572,0.0000,-0.0000,-0.0550,0.7071,0.7071,0.0000,0.0000,0.0000,0.0000,-0.0000,0.5021,0.5021,0.5021,0.5021,0.0000,0.0000,-9.8511,0.0000,0.0000,0.0000
613,2.4520,0.0000,-0.0000,-4.8029,0.0000,-0.0000,-4.8573,0.0000,-0.0000,-0.0552,0.7071,0.7071,0.0000,0.0000,0.0000,0.0000,-0.0000,0.5021,0.5021,0.5021,0.5021,0.0000,-0.0000,-9.8511,0.0000,0.0000,0.0000
614,2.4560,0.0000,-0.0000,-4.8031,0.0000,-0.0000,-4.8575,0.0000,-0.0000,-0.0554,0.7071,0.7071,0.0000,0.0000,0.0000,0.0000,-0.0000,0.5021,0.5021,0.5021,0.5021,0.0000,-0.0000,-9.8510,0.0000,0.0000,0.0000
615,2.4600,0.0000,-0.0000,-4.8033,0.0000,-0.0000,-4.8577,0.0000,-0.0000,-0.0555,0.7071,0.7071,0.0000,0.0000,0.0000,0.0000,-0.0000,0.5021,0.5021,0.5021,0.5021,0.0000,-0.0000,-9.8509,0.0000,0.0000,0.0000
616,2.4640,0.0000,-0.0000,-4.8036,0.0000,-0.0000,-4.8579,0.0000,-0.0000,-0.0557,0.7071,0.7071,0.0000,0.0000,0.0000,0.0000,-0.0000,0.5020,0.5020,0.5020,0.5020,0.0000,-0.0000,-9.8509,0.0000,0.0000,0.0000
617,2.4680,0.0000,-0.0000,-4.8038,0.0000,-0.0000,-4.8581,0.0000,-0.0000,-0.0558,0.7071,0.7071,0.0000,0.0000,0.0000,0.0000,-0.0000,0.5020,0.5020,0.5020,0.5020,0.0000,-0.0000,-9.8508,0.0000,0.0000,0.0000
618,2.4720,0.0000,-0.0000,-4.8040,0.0000,-0.0000,-4.8583,0.0000,-0.0000,-0.0560,0.7071,0.7071,0.0000,0.0000,0.0000,0.0000,-0.0000,0.5020,0.5020,0.5020,0.5020,0.0000,-0.0000,-9.8507,0.0000,0.0000,0.0000
619,2.4760,0.0000,-0.0000,-4.8042,0.0000,-0.0000,-4.8584,0.0000,-0.0000,-0.0562,0.7071,0.7071,0.0000,0.0000,0.0000,0.0000,-0.0000,0.5020,0.5020,0.5020,0.5020,0.0000,-0.0000,-9.8507,0.0000,0.0000,0.0000
620,2.4800,0.0000,-0.0000,-4.8045,0.0000,-0.0000,-4.8586,0.0000,-0.0000,-0.0563,0.7071,0.7071,0.0000,0.0000,0.0000,0.0000,-0.0000,0.5020,0.5020,0.5020,0.5020,0.0000,-0.0000,-9.8506,0.0000,0.0000,0.0000
621,2.4840,0.0000,-0.0000,-4.8047,0.0000,-0.0000,-4.8588,0.0000,-0.0000,-0.0565,0.7071,0.7071,0.0000,0.0000,0.0000,0.0000,-0.0000,0.5020,0.5020,0.5020,0.5020,0.0000,0.0000,-9.8505,0.0000,0.0000,0.0000
622,2.4880,0.0000,-0.0000,-4.8049,0.0000,-0.0000,-4.8590,0.0000,-0.0000,-0.0567,0.7071,0.7071,0.0000,0.0000,0.0000,0.0000,-0.0000,0.5020,0.5020,0.5020,0.5020,0.0000,0.0000,-9.8505,0.0000,0.0000,0.0000
623,2.4920,0.0000,-0.0000,-4.8051,0.0000,-0.0000,-4.8592,0.0000,-0.0000,-0.0568,0.7071,0.7071,0.0000,0.0000,0.0000,0.0000,-0.0000,0.5020,0.5020,0.5020,0.5020,0.0000,0.0000,-9.8504,0.0000,0.0000,0.0000
624,2.4960,0.0000,-0.0000,-4.8054,0.0000,-0.0000,-4.8594,0.0000,-0.0000,-0.0570,0.7071,0.7071,0.0000,0.0000,0.0000,0.0000,-0.0000,0.5020,0.5020,0.5020,0.5020,0.0000,-0.0000,-9.8504,0.0000,0.0000,0.0000
625,2.5000,0.0000,-0.0000,-4.8056,0.0000,-0.0000,-4.8595,0.0000,-0.0000,-0.0571,0.7071,0.7071,0.0000,0.0000,0.0000,0.0000,-0.0000,0.5020,0.5020,0.5020,0.5020,0.0000,0.0000,-9.8503,0.0000,0.0000,0.0000
626,2.5040,0.0000,-0.0000,-4.8058,0.0000,-0.0000,-4.8597,0.0000,-0.0000,-0.0573,0.7071,0.7071,0.0000,0.0000,0.0000,0.0000,-0.0000,0.5020,0.5020,0.5020,0.5020,0.0000,0.0000,-9.8502,0.0000,0.0000,0.0000
627,2.5080,0.0000,-0.0000,-4.8061,0.0000,-0.0000,-4.8599,0.0000,-0.0000,-0.0575,0.7071,0.7071,0.0000,0.0000,0.0000,0.0000,-0.0000,0.5020,0.5020,0.5020,0.5020,0.0000,-0.0000,-9.8502,0.0000,0.0000,0.0000
628,2.5120,0.0000,-0.0000,-4.8063,0.0000,-0.0000,-4.8601,0.0000,-0.0000,-0.0576,0.7071,0.7071,0.0000,0.0000,0.0000,0.0000,-0.0000,0.5020,0.5020,0.5020,0.5020,0.0000,0.0000,-9.8501,0.0000,0.0000,0.0000
629,2.5160,0.0000,-0.0000,-4.8065,0.0000,-0.0000,-4.8603,0.0000,-0.0000,-0.0578,0.7071,0.7071,0.0000,0.0000,0.0000,0.0000,-0.0000,0.5020,0.5020,0.5020,0.5020,0.0000,-0.0000,-9.8501,0.0000,0.0000,0.0000
630,2.5200,0.0000,-0.0000,-4.8068,0.0000,-0.0000,-4.8604,0.0000,-0.0000,-0.0579,0.7071,0.7071,0.0000,0.0000,0.0000,0.0000,-0.0000,0.5020,0.5020,0.5020,0.5020,0.0000,-0.0000,-9.8500,0.0000,0.0000,0.0000
631,2.5240,0.0000,-0.0000,-4.8070,0.0000,-0.0000,-4.8606,0.0000,-0.0000,-0.0581,0.7071,0.7071,0.0000,0.0000,0.0000,0.0000,-0.0000,0.5020,0.5020,0.5020,0.5020,0.0000,-0.0000,-9.8499,0.0000,0.0000,0.0000
632,2.5280,0.0000,-0.0000,-4.8072,0.0000,-0.0000,-4.8608,0.0000,-0.0000,-0.0583,0.7071,0.7071,0.0000,0.0000,0.0000,0.0000,-0.0000,0.5020,0.5020,0.5020,0.5020,0.0000,0.0000,-9.8499,0.0000,0.0000,0.0000
633,2.5320,0.0000,-0.0000,-4.8075,0.0000,-0.0000,-4.8610,0.0000,-0.0000,-0.0584,0.7071,0.7071,0.0000,0.0000,0.0000,0.0000,-0.0000,0.5020,0.5020,0.5020,0.5020,0.0000,0.0000,-9.8498,0.0000,0.0000,0.0000
634,2.5360,0.0000,-0.0000,-4.8077,0.0000,-0.0000,-4.8612,0.0000,-0.0000,-0.0586,0.7071,0.7071,0.0000,0.0000,0.0000,0.0000,-0.0000,0.5020,0.5020,0.5020,0.5020,0.0000,0.0000,-9.8498,0.0000,0.0000,0.0000
635,2.5400,0.0000,-0.0000,-4.8079,0.0000,-0.0000,-4.8614,0.0000,-0.0000,-0.0587,0.7071,0.7071,0.0000,0.0000,0.0000,0.0000,-0.0000,0.5020,0.5020,0.5020,0.5020,0.0000,0.0000,-9.8497,0.0000,0.0000,0.0000
636,2.5440,0.0000,-0.0000,-4.8082,0.0000,-0.0000,-4.8615,0.0000,-0.0000,-0.0589,0.7071,0.7071,0.0000,0.0000,0.0000,0.0000,-0.0000,0.5020,0.5020,0.5020,0.5020,0.0000,0.0000,-9.8496,0.0000,0.0000,0.0000
637,2.5480,0.0000,-0.0000,-4.8084,0.0000,-0.0000,-4.8617,0.0000,-0.0000,-0.0590,0.7071,0.7071,0.0000,0.0000,0.0000,0.0000,-0.0000,0.5020,0.5020,0.5020,0.5020,0.0000,0.0000,-9.8496,0.0000,0.0000,0.0000
638,2.5520,0.0000,-0.0000,-4.8086,0.0000,-0.0000,-4.8619,0.0000,-0.0000,-0.0592,0.7071,0.7071,0.0000,0.0000,0.0000,0.0000,-0.0000,0.5020,0.5020,0.5020,0.5020,0.0000,0.0000,-9.8495,0.0000,0.0000,0.0000
639,2.5560,0.0000,-0.0000,-4.8089,0.0000,-0.0000,-4.8621,0.0000,-0.0000,-0.0594,0.7071,0.7071,0.0000,0.0000,0.0000,0.0000,-0.0000,0.5020,0.5020,0.5020,0.5020,0.0000,-0.0000,-9.8495,0.0000,0.0000,0.0000
640,2.5600,0.0000,-0.0000,-4.8091,0.0000,-0.0000,-4.8622,0.0000,-0.0000,-0.0595,0.7071,0.7071,0.0000,0.0000,0.0000,0.0000,-0.0000,0.5020,0.5020,0.5020,0.5020,0.0000,-0.0000,-9.8494,0.0000,0.0000,0.0000
641,2.5640,0.0000,-0.0000,-4.8093,0.0000,-0.0000,-4.8624,0.0000,-0.0000,-0.0597,0.7071,0.7071,0.0000,0.0000,0.0000,0.0000,-0.0000,0.5020,0.5020,0.5020,0.5020,0.0000,0.0000,-9.8494,0.0000,0.0000,0.0000
642,2.5680,0.0000,-0.0000,-4.8096,0.0000,-0.0000,-4.8626,0.0000,-0.0000,-0.0598,0.7071,0.7071,0.0000,0.0000,0.0000,0.0000,-0.0000,0.5020,0.5020,0.5020,0.5020,0.0000,-0.0000,-9.8493,0.0000,0.0000,0.0000
643,2.5720,0.0000,-0.0000,-4.8098,0.0000,-0.0000,-4.8628,0.0000,-0.0000,-0.0600,0.7071,0.7071,0.0000,0.0000,0.0000,0.0000,-0.0000,0.5020,0.5020,0.5020,0.5020,0.0000,-0.0000,-9.8492,0.0000,0.0000,0.0000
644,2.5760,0.0000,-0.0000,-4.8101,0.0000,-0.0000,-4.8630,0.0000,-0.0000,-0.0601,0.7071,0.7071,0.0000,0.0000,0.0000,0.0000,-0.0000,0.5020,0.5020,0.5020,0.5020,0.0000,0.0000,-9.8492,0.0000,0.0000,0.0000
645,2.5800,0.0000,-0.0000,-4.8103,0.0000,-0.0000,-4.8631,0.0000,-0.0000,-0.0603,0.7071,0.7071,0.0000,0.0000,0.0000,0.0000,-0.0000,0.5020,0.5020,0.5020,0.5020,0.0000,-0.0000,-9.8491,0.0000,0.0000,0.0000
646,2.5840,0.0000,-0.0000,-4.8105,0.0000,-0.0000,-4.8633,0.0000,-0.0000,-0.0605,0.7071,0.7071,0.0000,0.0000,0.0000,0.0000,-0.0000,0.5020,0.5020,0.5020,0.5020,0.0000,0.0000,-9.8491,0.0000,0.0000,0.0000
647,2.5880,0.0000,-0.0000,-4.8108,0.0000,-0.0000,-4.8635,0.0000,-0.0000,-0.0606,0.7071,0.7071,0.0000,0.0000,0.0000,0.0000,-0.0000,0.5020,0.5020,0.5020,0.5020,0.0000,-0.0000,-9.8490,0.0000,0.0000,0.0000
648,2.5920,0.0000,-0.0000,-4.8110,0.0000,-0.0000,-4.8637,0.0000,-0.0000,-0.0608,0.7071,0.7071,0.0000,0.0000,0.0000,0.0000,-0.0000,0.5020,0.5020,0.5020,0.5020,0.0000,0.0000,-9.8490,0.0000,0.0000,0.0000
649,2.5960,0.0000,-0.0000,-4.8113,0.0000,-0.0000,-4.8638,0.0000,-0.0000,-0.0609,0.7071,0.7071,0.0000,0.0000,0.0000,0.0000,-0.0000,0.5020,0.5020,0.5020,0.5020,0.0000,-0.0000,-9.8489,0.0000,0.0000,0.0000
650,2.6000,0.0000,-0.0000,-4.8115,0.0000,-0.0000,-4.8640,0.0000,-0.0000,-0.0611,0.7071,0.7071,0.0000,0.0000,0.0000,0.0000,-0.0000,0.5020,0.5020,0.5020,0.5020,0.0000,-0.0000,-9.8489,0.0000,0.0000,0.0000
651,2.6040,0.0000,-0.0000,-4.8118,0.0000,-0.0000,-4.8642,0.0000,-0.0000,-0.0612,0.7071,0.7071,0.0000,0.0000,0.0000,0.0000,-0.0000,0.5020,0.5020,0.5020,0.5020,0.0000,0.0000,-9.8488,0.0000,0.0000,0.0000
652,2.6080,0.0000,-0.0000,-4.8120,0.0000,-0.0000,-4.8644,0.0000,-0.0000,-0.0614,0.7071,0.7071,0.0000,0.0000,0.0000,0.0000,-0.0000,0.5020,0.5020,0.5020,0.5020,0.0000,-0.0000,-9.8488,0.0000,0.0000,0.0000
653,2.6120,0.0000,-0.0000,-4.8123,0.0000,-0.0000,-4.8646,0.0000,-0.0000,-0.0615,0.7071,0.7071,0.0000,0.0000,0.0000,0.0000,-0.0000,0.5019,0.5019,0.5019,0.5019,0.0000,-0.0000,-9.8487,0.0000,0.0000,0.0000
654,2.6160,0.0000,-0.0000,-4.8125,0.0000,-0.0000,-4.8647,0.0000,-0.0000,-0.0617,0.7071,0.7071,0.0000,0.0000,0.0000,0.0000,-0.0000,0.5019,0.5019,0.5019,0.5019,0.0000,0.0000,-9.8486,0.0000,0.0000,0.0000
655,2.6200,0.0000,-0.0000,-4.8128,0.0000,-0.0000,-4.8649,0.0000,-0.0000,-0.0619,0.7071,0.7071,0.0000,0.0000,0.0000,0.0000,-0.0000,0.5019,0.5019,0.5019,0.5019,0.0000,0.0000,-9.8486,0.0000,0.0000,0.0000
656,2.6240,0.0000,-0.0000,-4.8130,0.0000,-0.0000,-4.8651,0.0000,-0.0000,-0.0620,0.7071,0.7071,0.0000,0.0000,0.0000,0.0000,-0.0000,0.5019,0.5019,0.5019,0.5019,0.0000,-0.0000,-9.8485,0.0000,0.0000,0.0000
657,2.6280,0.0000,-0.0000,-4.8132,0.0000,-0.0000,-4.8653,0.0000,-0.0000,-0.0622,0.7071,0.7071,0.0000,0.0000,0.0000,0.0000,-0.0000,0.5019,0.5019,0.5019,0.5019,0.0000,0.0000,-9.8485,0.0000,0.0000,0.0000
658,2.6320,0.0000,-0.0000,-4.8135,0.0000,-0.0000,-4.8654,0.0000,-0.0000,-0.0623,0.7071,0.7071,0.0000,0.0000,0.0000,0.0000,-0.0000,0.5019,0.5019,0.5019,0.5019,0.0000,0.0000,-9.8484,0.0000,0.0000,0.0000
659,2.6360,0.0000,-0.0000,-4.8137,0.0000,-0.0000,-4.8656,0.0000,-0.0000,-0.0625,0.7071,0.7071,0.0000,0.0000,0.0000,0.0000,-0.0000,0.5019,0.5019,0.5019,0.5019,0.0000,-0.0000,-9.8484,0.0000,0.0000,0.0000
660,2.6400,0.0000,-0.0000,-4.8140,0.0000,-0.0000,-4.8658,0.0000,-0.0000,-0.0626,0.7071,0.7071,0.0000,0.0000,0.0000,0.0000,-0.0000,0.5019,0.5019,0.5019,0.5019,0.0000,0.0000,-9.8483,0.0000,0.0000,0.0000
661,2.6440,0.0000,-0.0000,-4.8142,0.0000,-0.0000,-4.8660,0.0000,-0.0000,-0.0628,0.7071,0.7071,0.0000,0.0000,0.0000,0.0000,-0.0000,0.5019,0.5019,0.5019,0.5019,0.0000,0.0000,-9.8483,0.0000,0.0000,0.0000
662,2.6480,0.0000,-0.0000,-4.8145,0.0000,-0.0000,-4.8661,0.0000,-0.0000,-0.0629,0.7071,0.7071,0.0000,0.0000,0.0000,0.0000,-0.0000,0.5019,0.5019,0.5019,0.5019,0.0000,0.0000,-9.8482,0.0000,0.0000,0.0000
663,2.6520,0.0000,-0.0000,-4.8148,0.0000,-0.0000,-4.8663,0.0000,-0.0000,-0.0631,0.7071,0.7071,0.0000,0.0000,0.0000,0.0000,-0.0000,0.5019,0.5019,0.5019,0.5019,0.0000,-0.0000,-9.8482,0.0000,0.0000,0.0000
664,2.6560,0.0000,-0.0000,-4.8150,0.0000,-0.0000,-4.8665,0.0000,-0.0000,-0.0632,0.7071,0.7071,0.0000,0.0000,0.0000,0.0000,-0.0000,0.5019,0.5019,0.5019,0.5019,0.0000,-0.0000,-9.8481,0.0000,0.0000,0.0000
665,2.6600,0.0000,-0.0000,-4.8153,0.0000,-0.0000,-4.8666,0.0000,-0.0000,-0.0634,0.7071,0.7071,0.0000,0.0000,0.0000,0.0000,-0.0000,0.5019,0.5019,0.5019,0.5019,0.0000,0.0000,-9.8481,0.0000,0.0000,0.0000
666,2.6640,0.0000,-0.0000,-4.8155,0.0000,-0.0000,-4.8668,0.0000,-0.0000,-0.0635,0.7071,0.7071,0.0000,0.0000,0.0000,0.0000,-0.0000,0.5019,0.5019,0.5019,0.5019,0.0000,-0.0000,-9.8480,0.0000,0.0000,0.0000
667,2.6680,0.0000,-0.0000,-4.8158,0.0000,-0.0000,-4.8670,0.0000,-0.0000,-0.0637,0.7071,0.7071,0.0000,0.0000,0.0000,0.0000,-0.0000,0.5019,0.5019,0.5019,0.5019,0.0000,-0.0000,-9.8480,0.0000,0.0000,0.0000
668,2.6720,0.0000,-0.0000,-4.8160,0.0000,-0.0000,-4.8672,0.0000,-0.0000,-0.0638,0.7071,0.7071,0.0000,0.0000,0.0000,0.0000,-0.0000,0.5019,0.5019,0.5019,0.5019,0.0000,0.0000,-9.8479,0.0000,0.0000,0.0000
669,2.6760,0.0000,-0.0000,-4.8163,0.0000,-0.0000,-4.8673,0.0000,-0.0000,-0.0640,0.7071,0.7071,0.0000,0.0000,0.0000,0.0000,-0.0000,0.5019,0.5019,0.5019,0.5019,0.0000,-0.0000,-9.8479,0.0000,0.0000,0.0000
670,2.6800,0.0000,-0.0000,-4.8165,0.0000,-0.0000,-4.8675,0.0000,-0.0000,-0.0641,0.7071,0.7071,0.0000,0.0000,0.0000,0.0000,-0.0000,0.5019,0.5019,0.5019,0.5019,0.0000,-0.0000,-9.8478,0.0000,0.0000,0.0000
671,2.6840,0.0000,-0.0000,-4.8168,0.0000,-0.0000,-4.8677,0.0000,-0.0000,-0.0643,0.7071,0.7071,0.0000,0.0000,0.0000,0.0000,-0.0000,0.5019,0.5019,0.5019,0.5019,0.0000,-0.0000,-9.8478,0.0000,0.0000,0.0000
672,2.6880,0.0000,-0.0000,-4.8171,0.0000,-0.0000,-4.8679,0.0000,-0.0000,-0.0644,0.7071,0.7071,0.0000,0.0000,0.0000,0.0000,-0.0000,0.5019,0.5019,0.5019,0.5019,0.0000,0.0000,-9.8477,0.0000,0.0000,0.0000
673,2.6920,0.0000,-0.0000,-4.8173,0.0000,-0.0000,-4.8680,0.0000,-0.0000,-0.0646,0.7071,0.7071,0.0000,0.0000,0.0000,0.0000,-0.0000,0.5019,0.5019,0.5019,0.5019,0.0000,-0.0000,-9.8477,0.0000,0.0000,0.0000
674,2.6960,0.0000,-0.0000,-4.8176,0.0000,-0.0000,-4.8682,0.0000,-0.0000,-0.0647,0.7071,0.7071,0.0000,0.0000,0.0000,0.0000,-0.0000,0.5019,0.5019,0.5019,0.5019,0.0000,-0.0000,-9.8476,0.0000,0.0000,0.0000
675,2.7000,0.0000,-0.0000,-4.8178,0.0000,-0.0000,-4.8684,0.0000,-0.0000,-0.0649,0.7071,0.7071,0.0000,0.0000,0.0000,0.0000,-0.0000,0.5019,0.5019,0.5019,0.5019,0.0000,-0.0000,-9.8476,0.0000,0.0000,0.0000
676,2.7040,0.0000,-0.0000,-4.8181,0.0000,-0.0000,-4.8685,0.0000,-0.0000,-0.0650,0.7071,0.7071,0.0000,0.0000,0.0000,0.0000,-0.0000,0.5019,0.5019,0.5019,0.5019,0.0000,0.0000,-9.8475,0.0000,0.0000,0.0000
677,2.7080,0.0000,-0.0000,-4.8183,0.0000,-0.0000,-4.8687,0.0000,-0.0000,-0.0652,0.7071,0.7071,0.0000,0.0000,0.0000,0.0000,-0.0000,0.5019,0.5019,0.5019,0.5019,0.0000,0.0000,-9.8474,0.0000,0.0000,0.0000
678,2.7120,0.0000,-0.0000,-4.8186,0.0000,-0.0000,-4.8689,0.0000,-0.0000,-0.0653,0.7071,0.7071,0.0000,0.0000,0.0000,0.0000,-0.0000,0.5019,0.5019,0.5019,0.5019,0.0000,-0.0000,-9.8474,0.0000,0.0000,0.0000
679,2.7160,0.0000,-0.0000,-4.8189,0.0000,-0.0000,-4.8691,0.0000,-0.0000,-0.0655,0.7071,0.7071,0.0000,0.0000,0.0000,0.0000,-0.0000,0.5019,0.5019,0.5019,0.5019,0.0000,-0.0000,-9.8473,0.0000,0.0000,0.0000
680,2.7200,0.0000,-0.0000,-4.8191,0.0000,-0.0000,-4.8692,0.0000,-0.0000,-0.0656,0.7071,0.7071,0.0000,0.0000,0.0000,0.0000,-0.0000,0.5019,0.5019,0.5019,0.5019,0.0000,-0.0000,-9.8473,0.0000,0.0000,0.0000
681,2.7240,0.0000,-0.0000,-4.8194,0.0000,-0.0000,-4.8694,0.0000,-0.0000,-0.0658,0.7071,0.7071,0.0000,0.0000,0.0000,0.0000,-0.0000,0.5019,0.5019,0.5019,0.5019,0.0000,-0.0000,-9.8472,0.0000,0.0000,0.0000
682,2.7280,0.0000,-0.0000,-4.8197,0.0000,-0.0000,-4.8696,0.0000,-0.0000,-0.0659,0.7071,0.7071,0.0000,0.0000,0.0000,0.0000,-0.0000,0.5019,0.5019,0.5019,0.5019,0.0000,0.0000,-9.8472,0.0000,0.0000,0.0000
683,2.7320,0.0000,-0.0000,-4.8199,0.0000,-0.0000,-4.8697,0.0000,-0.0000,-0.0661,0.7071,0.7071,0.0000,0.0000,0.0000,0.0000,-0.0000,0.5019,0.5019,0.5019,0.5019,0.0000,0.0000,-9.8471,0.0000,0.0000,0.0000
684,2.7360,0.0000,-0.0000,-4.8202,0.0000,-0.0000,-4.8699,0.0000,-0.0000,-0.0662,0.7071,0.7071,0.0000,0.0000,0.0000,0.0000,-0.0000,0.5019,0.5019,0.5019,0.5019,0.0000,0.0000,-9.8471,0.0000,0.0000,0.0000
685,2.7400,0.0000,-0.0000,-4.8205,0.0000,-0.0000,-4.8701,0.0000,-0.0000,-0.0664,0.7071,0.7071,0.0000,0.0000,0.0000,0.0000,-0.0000,0.5019,0.5019,0.5019,0.5019,0.0000,0.0000,-9.8470,0.0000,0.0000,0.0000
686,2.7440,0.0000,-0.0000,-4.8207,0.0000,-0.0000,-4.8702,0.0000,-0.0000,-0.0665,0.7071,0.7071,0.0000,0.0000,0.0000,0.0000,-0.0000,0.5019,0.5019,0.5019,0.5019,0.0000,-0.0000,-9.8470,0.0000,0.0000,0.0000
687,2.7480,0.0000,-0.0000,-4.8210,0.0000,-0.0000,-4.8704,0.0000,-0.0000,-0.0667,0.7071,0.7071,0.0000,0.0000,0.0000,0.0000,-0.0000,0.5019,0.5019,0.5019,0.5019,0.0000,0.0000,-9.8469,0.0000,0.0000,0.0000
688,2.7520,0.0000,-0.0000,-4.8213,0.0000,-0.0000,-4.8706,0.0000,-0.0000,-0.0668,0.7071,0.7071,0.0000,0.0000,0.0000,0.0000,-0.0000,0.5019,0.5019,0.5019,0.5019,0.0000,-0.0000,-9.8469,0.0000,0.0000,0.0000
689,2.7560,0.0000,-0.0000,-4.8215,0.0000,-0.0000,-4.8707,0.0000,-0.0000,-0.0670,0.7071,0.7071,0.0000,0.0000,0.0000,0.0000,-0.0000,0.5019,0.5019,0.5019,0.5019,0.0000,0.0000,-9.8468,0.0000,0.0000,0.0000
690,2.7600,0.0000,-0.0000,-4.8218,0.0000,-0.0000,-4.8709,0.0000,-0.0000,-0.0671,0.7071,0.7071,0.0000,0.0000,0.0000,0.0000,-0.0000,0.5019,0.5019,0.5019,0.5019,0.0000,0.0000,-9.8468,0.0000,0.0000,0.0000
691,2.7640,0.0000,-0.0000,-4.8221,0.0000,-0.0000,-4.8711,0.0000,-0.0000,-0.0673,0.7071,0.7071,0.0000,0.0000,0.0000,0.0000,-0.0000,0.5019,0.5019,0.5019,0.5019,0.0000,0.0000,-9.8467,0.0000,0.0000,0.0000
692,2.7680,0.0000,-0.0000,-4.8223,0.0000,-0.0000,-4.8712,0.0000,-0.0000,-0.0674,0.7071,0.7071,0.0000,0.0000,0.0000,0.0000,-0.0000,0.5018,0.5018,0.5018,0.5018,0.0000,-0.0000,-9.8467,0.0000,0.0000,0.0000
693,2.7720,0.0000,-0.0000,-4.8226,0.0000,-0.0000,-4.8714,0.0000,-0.0000,-0.0676,0.7071,0.7071,0.0000,0.0000,0.0000,0.0000,-0.0000,0.5018,0.5018,0.5018,0.5018,0.0000,-0.0000,-9.8466,0.0000,0.0000,0.0000
694,2.7760,0.0000,-0.0000,-4.8229,0.0000,-0.0000,-4.8716,0.0000,-0.0000,-0.0677,0.7071,0.7071,0.0000,0.0000,0.0000,0.0000,-0.0000,0.5018,0.5018,0.5018,0.5018,0.0000,0.0000,-9.8466,0.0000,0.0000,0.0000
695,2.7800,0.0000,-0.0000,-4.8231,0.0000,-0.0000,-4.8717,0.0000,-0.0000,-0.0679,0.7071,0.7071,0.0000,0.0000,0.0000,0.0000,-0.0000,0.5018,0.5018,0.5018,0.5018,0.0000,0.0000,-9.8465,0.0000,0.0000,0.0000
696,2.7840,0.0000,-0.0000,-4.8234,0.0000,-0.0000,-4.8719,0.0000,-0.0000,-0.0680,0.7071,0.7071,0.0000,0.0000,0.0000,0.0000,-0.0000,0.5018,0.5018,0.5018,0.5018,0.0000,0.0000,-9.8465,0.0000,0.0000,0.0000
697,2.7880,0.0000,-0.0000,-4.8237,0.0000,-0.0000,-4.8721,0.0000,-0.0000,-0.0681,0.7071,0.7071,0.0000,0.0000,0.0000,0.0000,-0.0000,0.5018,0.5018,0.5018,0.5018,0.0000,0.0000,-9.8464,0.0000,0.0000,0.0000
698,2.7920,0.0000,-0.0000,-4.8240,0.0000,-0.0000,-4.8722,0.0000,-0.0000,-0.0683,0.7071,0.7071,0.0000,0.0000,0.0000,0.0000,-0.0000,0.5018,0.5018,0.5018,0.5018,0.0000,0.0000,-9.8464,0.0000,0.0000,0.0000
699,2.7960,0.0000,-0.0000,-4.8242,0.0000,-0.0000,-4.8724,0.0000,-0.0000,-0.0684,0.7071,0.7071,0.0000,0.0000,0.0000,0.0000,-0.0000,0.5018,0.5018,0.5018,0.5018,0.0000,-0.0000,-9.8463,0.0000,0.0000,0.0000
700,2.8000,0.0000,-0.0000,-4.8245,0.0000,-0.0000,-4.8726,0.0000,-0.0000,-0.0686,0.7071,0.7071,0.0000,0.0000,0.0000,0.0000,-0.0000,0.5018,0.5018,0.5018,0.5018,0.0000,0.0000,-9.8462,0.0000,0.0000,0.0000
701,2.8040,0.0000,-0.0000,-4.8248,0.0000,-0.0000,-4.8727,0.0000,-0.0000,-0.0687,0.7071,0.7071,0.0000,0.0000,0.0000,0.0000,-0.0000,0.5018,0.5018,0.5018,0.5018,0.0000,0.0000,-9.8462,0.0000,0.0000,0.0000
702,2.8080,0.0000,-0.0000,-4.8251,0.0000,-0.0000,-4.8729,0.0000,-0.0000,-0.0689,0.7071,0.7071,0.0000,0.0000,0.0000,0.0000,-0.0000,0.5018,0.5018,0.5018,0.5018,0.0000,-0.0000,-9.8461,0.0000,0.0000,0.0000
703,2.8120,0.0000,-0.0000,-4.8253,0.0000,-0.0000,-4.8731,0.0000,-0.0000,-0.0690,0.7071,0.7071,0.0000,0.0000,0.0000,0.0000,-0.0000,0.5018,0.5018,0.5018,0.5018,0.0000,0.0000,-9.8461,0.0000,0.0000,0.0000
704,2.8160,0.0000,-0.0000,-4.8256,0.0000,-0.0000,-4.8732,0.0000,-0.0000,-0.0692,0.7071,0.7071,0.0000,0.0000,0.0000,0.0000,-0.0000,0.5018,0.5018,0.5018,0.5018,0.0000,-0.0000,-9.8460,0.0000,0.0000,0.0000
705,2.8200,0.0000,-0.0000,-4.8259,0.0000,-0.0000,-4.8734,0.0000,-0.0000,-0.0693,0.7071,0.7071,0.0000,0.0000,0.0000,0.0000,-0.0000,0.5018,0.5018,0.5018,0.5018,0.0000,0.0000,-9.8460,0.0000,0.0000,0.0000
706,2.8240,0.0000,-0.0000,-4.8262,0.0000,-0.0000,-4.8736,0.0000,-0.0000,-0.0694,0.7071,0.7071,0.0000,0.0000,0.0000,0.0000,-0.0000,0.5018,0.5018,0.5018,0.5018,0.0000,-0.0000,-9.8459,0.0000,0.0000,0.0000
707,2.8280,0.0000,-0.0000,-4.8264,0.0000,-0.0000,-4.8737,0.0000,-0.0000,-0.0696,0.7071,0.7071,0.0000,0.0000,0.0000,0.0000,-0.0000,0.5018,0.5018,0.5018,0.5018,0.0000,0.0000,-9.8459,0.0000,0.0000,0.0000
708,2.8320,0.0000,-0.0000,-4.8267,0.0000,-0.0000,-4.8739,0.0000,-0.0000,-0.0697,0.7071,0.7071,0.0000,0.0000,0.0000,0.0000,-0.0000,0.5018,0.5018,0.5018,0.5018,0.0000,0.0000,-9.8458,0.0000,0.0000,0.0000
709,2.8360,0.0000,-0.0000,-4.8270,0.0000,-0.0000,-4.8741,0.0000,-0.0000,-0.0699,0.7071,0.7071,0.0000,0.0000,0.0000,0.0000,-0.0000,0.5018,0.5018,0.5018,0.5018,0.0000,0.0000,-9.8458,0.0000,0.0000,0.0000
710,2.8400,0.0000,-0.0000,-4.8273,0.0000,-0.0000,-4.8742,0.0000,-0.0000,-0.0700,0.7071,0.7071,0.0000,0.0000,0.0000,0.0000,-0.0000,0.5018,0.5018,0.5018,0.5018,0.0000,0.0000,-9.8457,0.0000,0.0000,0.0000
711,2.8440,0.0000,-0.0000,-4.8276,0.0000,-0.0000,-4.8744,0.0000,-0.0000,-0.0702,0.7071,0.7071,0.0000,0.0000,0.0000,0.0000,-0.0000,0.5018,0.5018,0.5018,0.5018,0.0000,0.0000,-9.8457,0.0000,0.0000,0.0000
712,2.8480,0.0000,-0.0000,-4.8278,0.0000,-0.0000,-4.8746,0.0000,-0.0000,-0.0703,0.7071,0.7071,0.0000,0.0000,0.0000,0.0000,-0.0000,0.5018,0.5018,0.5018,0.5018,0.0000,-0.0000,-9.8456,0.0000,0.0000,0.0000
713,2.8520,0.0000,-0.0000,-4.8281,0.0000,-0.0000,-4.8747,0.0000,-0.0000,-0.0704,0.7071,0.7071,0.0000,0.0000,0.0000,0.0000,-0.0000,0.5018,0.5018,0.5018,0.5018,0.0000,0.0000,-9.8455,0.0000,0.0000,0.0000
714,2.8560,0.0000,-0.0000,-4.8284,0.0000,-0.0000,-4.8749,0.0000,-0.0000,-0.0706,0.7071,0.7071,0.0000,0.0000,0.0000,0.0000,-0.0000,0.5018,0.5018,0.5018,0.5018,0.0000,-0.0000,-9.8455,0.0000,0.0000,0.0000
715,2.8600,0.0000,-0.0000,-4.8287,0.0000,-0.0000,-4.8750,0.0000,-0.0000,-0.0707,0.7071,0.7071,0.0000,0.0000,0.0000,0.0000,-0.0000,0.5018,0.5018,0.5018,0.5018,0.0000,-0.0000,-9.8454,0.0000,0.0000,0.0000
716,2.8640,0.0000,-0.0000,-4.8290,0.0000,-0.0000,-4.8752,0.0000,-0.0000,-0.0709,0.7071,0.7071,0.0000,0.0000,0.0000,0.0000,-0.0000,0.5018,0.5018,0.5018,0.5018,0.0000,-0.0000,-9.8454,0.0000,0.0000,0.0000
717,2.8680,0.0000,-0.0000,-4.8293,0.0000,-0.0000,-4.8754,0.0000,-0.0000,-0.0710,0.7071,0.7071,0.0000,0.0000,0.0000,0.0000,-0.0000,0.5018,0.5018,0.5018,0.5018,0.0000,0.0000,-9.8453,0.0000,0.0000,0.0000
718,2.8720,0.0000,-0.0000,-4.8295,0.0000,-0.0000,-4.8755,0.0000,-0.0000,-0.0711,0.7071,0.7071,0.0000,0.0000,0.0000,0.0000,-0.0000,0.5018,0.5018,0.5018,0.5018,0.0000,0.0000,-9.8453,0.0000,0.0000,0.0000
719,2.8760,0.0000,-0.0000,-4.8298,0.0000,-0.0000,-4.8757,0.0000,-0.0000,-0.0713,0.7071,0.7071,0.0000,0.0000,0.0000,0.0000,-0.0000,0.5018,0.5018,0.5018,0.5018,0.0000,0.0000,-9.8452,0.0000,0.0000,0.0000
720,2.8800,0.0000,-0.0000,-4.8301,0.0000,-0.0000,-4.8759,0.0000,-0.0000,-0.0714,0.7071,0.7071,0.0000,0.0000,0.0000,0.0000,-0.0000,0.5018,0.5018,0.5018,0.5018,0.0000,0.0000,-9.8452,0.0000,0.0000,0.0000
721,2.8840,0.0000,-0.0000,-4.8304,0.0000,-0.0000,-4.8760,0.0000,-0.0000,-0.0716,0.7071,0.7071,0.0000,0.0000,0.0000,0.0000,-0.0000,0.5018,0.5018,0.5018,0.5018,0.0000,0.0000,-9.8451,0.0000,0.0000,0.0000
722,2.8880,0.0000,-0.0000,-4.8307,0.0000,-0.0000,-4.8762,0.0000,-0.0000,-0.0717,0.7071,0.7071,0.0000,0.0000,0.0000,0.0000,-0.0000,0.5018,0.5018,0.5018,0.5018,0.0000,0.0000,-9.8450,0.0000,0.0000,0.0000
723,2.8920,0.0000,-0.0000,-4.8310,0.0000,-0.0000,-4.8763,0.0000,-0.0000,-0.0718,0.7071,0.7071,0.0000,0.0000,0.0000,0.0000,-0.0000,0.5018,0.5018,0.5018,0.5018,0.0000,0.0000,-9.8450,0.0000,0.0000,0.0000
724,2.8960,0.0000,-0.0000,-4.8313,0.0000,-0.0000,-4.8765,0.0000,-0.0000,-0.0720,0.7071,0.7071,0.0000,0.0000,0.0000,0.0000,-0.0000,0.5018,0.5018,0.5018,0.5018,0.0000,0.0000,-9.8449,0.0000,0.0000,0.0000
725,2.9000,0.0000,-0.0000,-4.8316,0.0000,-0.0000,-4.8767,0.0000,-0.0000,-0.0721,0.7071,0.7071,0.0000,0.0000,0.0000,0.0000,-0.0000,0.5018,0.5018,0.5018,0.5018,0.0000,0.0000,-9.8449,0.0000,0.0000,0.0000
726,2.9040,0.0000,-0.0000,-4.8318,0.0000,-0.0000,-4.8768,0.0000,-0.0000,-0.0723,0.7071,0.7071,0.0000,0.0000,0.0000,0.0000,-0.0000,0.5018,0.5018,0.5018,0.5018,0.0000,0.0000,-9.8448,0.0000,0.0000,0.0000
727,2.9080,0.0000,-0.0000,-4.8321,0.0000,-0.0000,-4.8770,0.0000,-0.0000,-0.0724,0.7071,0.7071,0.0000,0.0000,0.0000,0.0000,-0.0000,0.5017,0.5017,0.5017,0.5017,0.0000,0.0000,-9.8448,0.0000,0.0000,0.0000
728,2.9120,0.0000,-0.0000,-4.8324,0.0000,-0.0000,-4.8771,0.0000,-0.0000,-0.0725,0.7071,0.7071,0.0000,0.0000,0.0000,0.0000,-0.0000,0.5017,0.5017,0.5017,0.5017,0.0000,0.0000,-9.8447,0.0000,0.0000,0.0000
729,2.9160,0.0000,-0.0000,-4.8327,0.0000,-0.0000,-4.8773,0.0000,-0.0000,-0.0727,0.7071,0.7071,0.0000,0.0000,0.0000,0.0000,-0.0000,0.5017,0.5017,0.5017,0.5017,0.0000,-0.0000,-9.8446,0.0000,0.0000,0.0000
730,2.9200,0.0000,-0.0000,-4.8330,0.0000,-0.0000,-4.8775,0.0000,-0.0000,-0.0728,0.7071,0.7071,0.0000,0.0000,0.0000,0.0000,-0.0000,0.5017,0.5017,0.5017,0.5017,0.0000,0.0000,-9.8446,0.0000,0.0000,0.0000
731,2.9240,0.0000,-0.0000,-4.8333,0.0000,-0.0000,-4.8776,0.0000,-0.0000,-0.0730,0.7071,0.7071,0.0000,0.0000,0.0000,0.0000,-0.0000,0.5017,0.5017,0.5017,0.5017,0.0000,0.0000,-9.8445,0.0000,0.0000,0.0000
732,2.9280,0.0000,-0.0000,-4.8336,0.0000,-0.0000,-4.8778,0.0000,-0.0000,-0.0731,0.7071,0.7071,0.0000,0.0000,0.0000,0.0000,-0.0000,0.5017,0.5017,0.5017,0.5017,0.0000,0.0000,-9.8445,0.0000,0.0000,0.0000
733,2.9320,0.0000,-0.0000,-4.8339,0.0000,-0.0000,-4.8780,0.0000,-0.0000,-0.0732,0.7071,0.7071,0.0000,0.0000,0.0000,0.0000,-0.0000,0.5017,0.5017,0.5017,0.5017,0.0000,0.0000,-9.8444,0.0000,0.0000,0.0000
734,2.9360,0.0000,-0.0000,-4.8342,0.0000,-0.0000,-4.8781,0.0000,-0.0000,-0.0734,0.7071,0.7071,0.0000,0.0000,0.0000,0.0000,-0.0000,0.5017,0.5017,0.5017,0.5017,0.0000,-0.0000,-9.8443,0.0000,0.0000,0.0000
735,2.9400,0.0000,-0.0000,-4.8345,0.0000,-0.0000,-4.8783,0.0000,-0.0000,-0.0735,0.7071,0.7071,0.0000,0.0000,0.0000,0.0000,-0.0000,0.5017,0.5017,0.5017,0.5017,0.0000,0.0000,-9.8443,0.0000,0.0000,0.0000
736,2.9440,0.0000,-0.0000,-4.8348,0.0000,-0.0000,-4.8784,0.0000,-0.0000,-0.0736,0.7071,0.7071,0.0000,0.0000,0.0000,0.0000,-0.0000,0.5017,0.5017,0.5017,0.5017,0.0000,-0.0000,-9.8442,0.0000,0.0000,0.0000
737,2.9480,0.0000,-0.0000,-4.8351,0.0000,-0.0000,-4.8786,0.0000,-0.0000,-0.0738,0.7071,0.7071,0.0000,0.0000,0.0000,0.0000,-0.0000,0.5017,0.5017,0.5017,0.5017,0.0000,-0.0000,-9.8442,0.0000,0.0000,0.0000
738,2.9520,0.0000,-0.0000,-4.8354,0.0000,-0.0000,-4.8787,0.0000,-0.0000,-0.0739,0.7071,0.7071,0.0000,0.0000,0.0000,0.0000,-0.0000,0.5017,0.5017,0.5017,0.5017,0.0000,0.0000,-9.8441,0.0000,0.0000,0.0000
739,2.9560,0.0000,-0.0000,-4.8357,0.0000,-0.0000,-4.8789,0.0000,-0.0000,-0.0741,0.7071,0.7071,0.0000,0.0000,0.0000,0.0000,-0.0000,0.5017,0.5017,0.5017,0.5017,0.0000,0.0000,-9.8440,0.0000,0.0000,0.0000
740,2.9600,0.0000,-0.0000,-4.8359,0.0000,-0.0000,-4.8791,0.0000,-0.0000,-0.0742,0.7071,0.7071,0.0000,0.0000,0.0000,0.0000,-0.0000,0.5017,0.5017,0.5017,0.5017,0.0000,0.0000,-9.8440,0.0000,0.0000,0.0000
741,2.9640,0.0000,-0.0000,-4.8362,0.0000,-0.0000,-4.8792,0.0000,-0.0000,-0.0743,0.7071,0.7071,0.0000,0.0000,0.0000,0.0000,-0.0000,0.5017,0.5017,0.5017,0.5017,0.0000,-0.0000,-9.8439,0.0000,0.0000,0.0000
742,2.9680,0.0000,-0.0000,-4.8365,0.0000,-0.0000,-4.8794,0.0000,-0.0000,-0.0745,0.7071,0.7071,0.0000,0.0000,0.0000,0.0000,-0.0000,0.5017,0.5017,0.5017,0.5017,0.0000,0.0000,-9.8438,0.0000,0.0000,0.0000
743,2.9720,0.0000,-0.0000,-4.8368,0.0000,-0.0000,-4.8795,0.0000,-0.0000,-0.0746,0.7071,0.7071,0.0000,0.0000,0.0000,0.0000,-0.0000,0.5017,0.5017,0.5017,0.5017,0.0000,0.0000,-9.8438,0.0000,0.0000,0.0000
744,2.9760,0.0000,-0.0000,-4.8371,0.0000,-0.0000,-4.8797,0.0000,-0.0000,-0.0747,0.7071,0.7071,0.0000,0.0000,0.0000,0.0000,-0.0000,0.5017,0.5017,0.5017,0.5017,0.0000,0.0000,-9.8437,0.0000,0.0000,0.0000
745,2.9800,0.0000,-0.0000,-4.8374,0.0000,-0.0000,-4.8799,0.0000,-0.0000,-0.0749,0.7071,0.7071,0.0000,0.0000,0.0000,0.0000,-0.0000,0.5017,0.5017,0.5017,0.5017,0.0000,-0.0000,-9.8437,0.0000,0.0000,0.0000
746,2.9840,0.0000,-0.0000,-4.8377,0.0000,-0.0000,-4.8800,0.0000,-0.0000,-0.0750,0.7071,0.7071,0.0000,0.0000,0.0000,0.0000,-0.0000,0.5017,0.5017,0.5017,0.5017,0.0000,0.0000,-9.8436,0.0000,0.0000,0.0000
747,2.9880,0.0000,-0.0000,-4.8380,0.0000,-0.0000,-4.8802,0.0000,-0.0000,-0.0751,0.7071,0.7071,0.0000,0.0000,0.0000,0.0000,-0.0000,0.5017,0.5017,0.5017,0.5017,0.0000,0.0000,-9.8435,0.0000,0.0000,0.0000
748,2.9920,0.0000,-0.0000,-4.8383,0.0000,-0.0000,-4.8803,0.0000,-0.0000,-0.0753,0.7071,0.7071,0.0000,0.0000,0.0000,0.0000,-0.0000,0.5017,0.5017,0.5017,0.5017,0.0000,-0.0000,-9.8435,0.0000,0.0000,0.0000
749,2.9960,0.0000,-0.0000,-4.8386,0.0000,-0.0000,-4.8805,0.0000,-0.0000,-0.0754,0.7071,0.7071,0.0000,0.0000,0.0000,0.0000,-0.0000,0.5017,0.5017,0.5017,0.5017,0.0000,0.0000,-9.8434,0.0000,0.0000,0.0000
750,3.0000,0.0000,-0.0000,-4.8389,0.0000,-0.0000,-4.8806,0.0000,-0.0000,-0.0755,0.7071,0.7071,0.0000,0.0000,0.0000,0.0000,-0.0000,0.5017,0.5017,0.5017,0.5017,0.0000,-0.0000,-9.8433,0.0000,0.0000,0.0000
751,3.0040,0.0000,-0.0000,-4.8392,0.0000,-0.0000,-4.8808,0.0000,-0.0000,-0.0757,0.7071,0.7071,0.0000,0.0000,0.0000,0.0000,-0.0000,0.5017,0.5017,0.5017,0.5017,0.0000,-0.0000,-9.8433,0.0000,0.0000,0.0000
752,3.0080,0.0000,-0.0000,-4.8396,0.0000,-0.0000,-4.8810,0.0000,-0.0000,-0.0758,0.7071,0.7071,0.0000,0.0000,0.0000,0.0000,-0.0000,0.5017,0.5017,0.5017,0.5017,0.0000,-0.0000,-9.8432,0.0000,0.0000,0.0000
753,3.0120,0.0000,-0.0000,-4.8399,0.0000,-0.0000,-4.8811,0.0000,-0.0000,-0.0759,0.7071,0.7071,0.0000,0.0000,0.0000,0.0000,-0.0000,0.5017,0.5017,0.5017,0.5017,0.0000,-0.0000,-9.8431,0.0000,0.0000,0.0000
754,3.0160,0.0000,-0.0000,-4.8402,0.0000,-0.0000,-4.8813,0.0000,-0.0000,-0.0761,0.7071,0.7071,0.0000,0.0000,0.0000,0.0000,-0.0000,0.5017,0.5017,0.5017,0.5017,0.0000,-0.0000,-9.8431,0.0000,0.0000,0.0000
755,3.0200,0.0000,-0.0000,-4.8405,0.0000,-0.0000,-4.8814,0.0000,-0.0000,-0.0762,0.7071,0.7071,0.0000,0.0000,0.0000,0.0000,-0.0000,0.5017,0.5017,0.5017,0.5017,0.0000,-0.0000,-9.8430,0.0000,0.0000,0.0000
756,3.0240,0.0000,-0.0000,-4.8408,0.0000,-0.0000,-4.8816,0.0000,-0.0000,-0.0763,0.7071,0.7071,0.0000,0.0000,0.0000,0.0000,-0.0000,0.5017,0.5017,0.5017,0.5017,0.0000,0.0000,-9.8429,0.0000,0.0000,0.0000
757,3.0280,0.0000,-0.0000,-4.8411,0.0000,-0.0000,-4.8817,0.0000,-0.0000,-0.0765,0.7071,0.7071,0.0000,0.0000,0.0000,0.0000,-0.0000,0.5016,0.5016,0.5016,0.5016,0.0000,0.0000,-9.8429,0.0000,0.0000,0.0000
758,3.0320,0.0000,-0.0000,-4.8414,0.0000,-0.0000,-4.8819,0.0000,-0.0000,-0.0766,0.7071,0.7071,0.0000,0.0000,0.0000,0.0000,-0.0000,0.5016,0.5016,0.5016,0.5016,0.0000,0.0000,-9.8428,0.0000,0.0000,0.0000
759,3.0360,0.0000,-0.0000,-4.8417,0.0000,-0.0000,-4.8821,0.0000,-0.0000,-0.0767,0.7071,0.7071,0.0000,0.0000,0.0000,0.0000,-0.0000,0.5016,0.5016,0.5016,0.5016,0.0000,0.0000,-9.8427,0.0000,0.0000,0.0000
760,3.0400,0.0000,-0.0000,-4.8420,0.0000,-0.0000,-4.8822,0.0000,-0.0000,-0.0768,0.7071,0.7071,0.0000,0.0000,0.0000,0.0000,-0.0000,0.5016,0.5016,0.5016,0.5016,0.0000,-0.0000,-9.8427,0.0000,0.0000,0.0000
761,3.0440,0.0000,-0.0000,-4.8423,0.0000,-0.0000,-4.8824,0.0000,-0.0000,-0.0770,0.7071,0.7071,0.0000,0.0000,0.0000,0.0000,-0.0000,0.5016,0.5016,0.5016,0.5016,0.0000,-0.0000,-9.8426,0.0000,0.0000,0.0000
762,3.0480,0.0000,-0.0000,-4.8426,0.0000,-0.0000,-4.8825,0.0000,-0.0000,-0.0771,0.7071,0.7071,0.0000,0.0000,0.0000,0.0000,-0.0000,0.5016,0.5016,0.5016,0.5016,0.0000,0.0000,-9.8425,0.0000,0.0000,0.0000
763,3.0520,0.0000,-0.0000,-4.8429,0.0000,-0.0000,-4.8827,0.0000,-0.0000,-0.0772,0.7071,0.7071,0.0000,0.0000,0.0000,0.0000,-0.0000,0.5016,0.5016,0.5016,0.5016,0.0000,-0.0000,-9.8425,0.0000,0.0000,0.0000
764,3.0560,0.0000,-0.0000,-4.8432,0.0000,-0.0000,-4.8828,0.0000,-0.0000,-0.0774,0.7071,0.7071,0.0000,0.0000,0.0000,0.0000,-0.0000,0.5016,0.5016,0.5016,0.5016,0.0000,-0.0000,-9.8424,0.0000,0.0000,0.0000
765,3.0600,0.0000,-0.0000,-4.8435,0.0000,-0.0000,-4.8830,0.0000,-0.0000,-0.0775,0.7071,0.7071,0.0000,0.0000,0.0000,0.0000,-0.0000,0.5016,0.5016,0.5016,0.5016,0.0000,-0.0000,-9.8423,0.0000,0.0000,0.0000
766,3.0640,0.0000,-0.0000,-4.8438,0.0000,-0.0000,-4.8831,0.0000,-0.0000,-0.0776,0.7071,0.7071,0.0000,0.0000,0.0000,0.0000,-0.0000,0.5016,0.5016,0.5016,0.5016,0.0000,-0.0000,-9.8422,0.0000,0.0000,0.0000
767,3.0680,0.0000,-0.0000,-4.8442,0.0000,-0.0000,-4.8833,0.0000,-0.0000,-0.0777,0.7071,0.7071,0.0000,0.0000,0.0000,0.0000,-0.0000,0.5016,0.5016,0.5016,0.5016,0.0000,-0.0000,-9.8422,0.0000,0.0000,0.0000
768,3.0720,0.0000,-0.0000,-4.8445,0.0000,-0.0000,-4.8835,0.0000,-0.0000,-0.0779,0.7071,0.7071,0.0000,0.0000,0.0000,0.0000,-0.0000,0.5016,0.5016,0.5016,0.5016,0.0000,-0.0000,-9.8421,0.0000,0.0000,0.0000
769,3.0760,0.0000,-0.0000,-4.8448,0.0000,-0.0000,-4.8836,0.0000,-0.0000,-0.0780,0.7071,0.7071,0.0000,0.0000,0.0000,0.0000,-0.0000,0.5016,0.5016,0.5016,0.5016,0.0000,0.0000,-9.8420,0.0000,0.0000,0.0000
770,3.0800,0.0000,-0.0000,-4.8451,0.0000,-0.0000,-4.8838,0.0000,-0.0000,-0.0781,0.7071,0.7071,0.0000,0.0000,0.0000,0.0000,-0.0000,0.5016,0.5016,0.5016,0.5016,0.0000,0.0000,-9.8420,0.0000,0.0000,0.0000
771,3.0840,0.0000,-0.0000,-4.8454,0.0000,-0.0000,-4.8839,0.0000,-0.0000,-0.0783,0.7071,0.7071,0.0000,0.0000,0.0000,0.0000,-0.0000,0.5016,0.5016,0.5016,0.5016,0.0000,-0.0000,-9.8419,0.0000,0.0000,0.0000
772,3.0880,0.0000,-0.0000,-4.8457,0.0000,-0.0000,-4.8841,0.0000,-0.0000,-0.0784,0.7071,0.7071,0.0000,0.0000,0.0000,0.0000,-0.0000,0.5016,0.5016,0.5016,0.5016,0.0000,0.0000,-9.8418,0.0000,0.0000,0.0000
773,3.0920,0.0000,-0.0000,-4.8460,0.0000,-0.0000,-4.8842,0.0000,-0.0000,-0.0785,0.7071,0.7071,0.0000,0.0000,0.0000,0.0000,-0.0000,0.5016,0.5016,0.5016,0.5016,0.0000,0.0000,-9.8417,0.0000,0.0000,0.0000
774,3.0960,0.0000,-0.0000,-4.8464,0.0000,-0.0000,-4.8844,0.0000,-0.0000,-0.0786,0.7071,0.7071,0.0000,0.0000,0.0000,0.0000,-0.0000,0.5016,0.5016,0.5016,0.5016,0.0000,0.0000,-9.8417,0.0000,0.0000,0.0000
775,3.1000,0.0000,-0.0000,-4.8467,0.0000,-0.0000,-4.8845,0.0000,-0.0000,-0.0788,0.7071,0.7071,0.0000,0.0000,0.0000,0.0000,-0.0000,0.5016,0.5016,0.5016,0.5016,0.0000,-0.0000,-9.8416,0.0000,0.0000,0.0000
776,3.1040,0.0000,-0.0000,-4.8470,0.0000,-0.0000,-4.8847,0.0000,-0.0000,-0.0789,0.7071,0.7071,0.0000,0.0000,0.0000,0.0000,-0.0000,0.5016,0.5016,0.5016,0.5016,0.0000,-0.0000,-9.8415,0.0000,0.0000,0.0000
777,3.1080,0.0000,-0.0000,-4.8473,0.0000,-0.0000,-4.8848,0.0000,-0.0000,-0.0790,0.7071,0.7071,0.0000,0.0000,0.0000,0.0000,-0.0000,0.5016,0.5016,0.5016,0.5016,0.0000,-0.0000,-9.8414,0.0000,0.0000,0.0000
778,3.1120,0.0000,-0.0000,-4.8476,0.0000,-0.0000,-4.8850,0.0000,-0.0000,-0.0791,0.7071,0.7071,0.0000,0.0000,0.0000,0.0000,-0.0000,0.5016,0.5016,0.5016,0.5016,0.0000,0.0000,-9.8414,0.0000,0.0000,0.0000
779,3.1160,0.0000,-0.0000,-4.8479,0.0000,-0.0000,-4.8851,0.0000,-0.0000,-0.0793,0.7071,0.7071,0.0000,0.0000,0.0000,0.0000,-0.0000,0.5016,0.5016,0.5016,0.5016,0.0000,0.0000,-9.8413,0.0000,0.0000,0.0000
780,3.1200,0.0000,-0.0000,-4.8482,0.0000,-0.0000,-4.8853,0.0000,-0.0000,-0.0794,0.7071,0.7071,0.0000,0.0000,0.0000,0.0000,-0.0000,0.5016,0.5016,0.5016,0.5016,0.0000,-0.0000,-9.8412,0.0000,0.0000,0.0000
781,3.1240,0.0000,-0.0000,-4.8486,0.0000,-0.0000,-4.8855,0.0000,-0.0000,-0.0795,0.7071,0.7071,0.0000,0.0000,0.0000,0.0000,-0.0000,0.5016,0.5016,0.5016,0.5016,0.0000,0.0000,-9.8411,0.0000,0.0000,0.0000
782,3.1280,0.0000,-0.0000,-4.8489,0.0000,-0.0000,-4.8856,0.0000,-0.0000,-0.0796,0.7071,0.7071,0.0000,0.0000,0.0000,0.0000,-0.0000,0.5015,0.5015,0.5015,0.5015,0.0000,0.0000,-9.8411,0.0000,0.0000,0.0000
783,3.1320,0.0000,-0.0000,-4.8492,0.0000,-0.0000,-4.8858,0.0000,-0.0000,-0.0798,0.7071,0.7071,0.0000,0.0000,0.0000,0.0000,-0.0000,0.5015,0.5015,0.5015,0.5015,0.0000,0.0000,-9.8410,0.0000,0.0000,0.0000
784,3.1360,0.0000,-0.0000,-4.8495,0.0000,-0.0000,-4.8859,0.0000,-0.0000,-0.0799,0.7071,0.7071,0.0000,0.0000,0.0000,0.0000,-0.0000,0.5015,0.5015,0.5015,0.5015,0.0000,0.0000,-9.8409,0.0000,0.0000,0.0000
785,3.1400,0.0000,-0.0000,-4.8498,0.0000,-0.0000,-4.8861,0.0000,-0.0000,-0.0800,0.7071,0.7071,0.0000,0.0000,0.0000,0.0000,-0.0000,0.5015,0.5015,0.5015,0.5015,0.0000,0.0000,-9.8408,0.0000,0.0000,0.0000
786,3.1440,0.0000,-0.0000,-4.8502,0.0000,-0.0000,-4.8862,0.0000,-0.0000,-0.0801,0.7071,0.7071,0.0000,0.0000,0.0000,0.0000,-0.0000,0.5015,0.5015,0.5015,0.5015,0.0000,0.0000,-9.8407,0.0000,0.0000,0.0000
787,3.1480,0.0000,-0.0000,-4.8505,0.0000,-0.0000,-4.8864,0.0000,-0.0000,-0.0803,0.7071,0.7071,0.0000,0.0000,0.0000,0.0000,-0.0000,0.5015,0.5015,0.5015,0.5015,0.0000,0.0000,-9.8407,0.0000,0.0000,0.0000
788,3.1520,0.0000,-0.0000,-4.8508,0.0000,-0.0000,-4.8865,0.0000,-0.0000,-0.0804,0.7071,0.7071,0.0000,0.0000,0.0000,0.0000,-0.0000,0.5015,0.5015,0.5015,0.5015,0.0000,0.0000,-9.8406,0.0000,0.0000,0.0000
789,3.1560,0.0000,-0.0000,-4.8511,0.0000,-0.0000,-4.8867,0.0000,-0.0000,-0.0805,0.7071,0.7071,0.0000,0.0000,0.0000,0.0000,-0.0000,0.5015,0.5015,0.5015,0.5015,0.0000,-0.0000,-9.8405,0.0000,0.0000,0.0000
790,3.1600,0.0000,-0.0000,-4.8515,0.0000,-0.0000,-4.8868,0.0000,-0.0000,-0.0806,0.7071,0.7071,0.0000,0.0000,0.0000,0.0000,-0.0000,0.5015,0.5015,0.5015,0.5015,0.0000,-0.0000,-9.8404,0.0000,0.0000,0.0000
791,3.1640,0.0000,-0.0000,-4.8518,0.0000,-0.0000,-4.8870,0.0000,-0.0000,-0.0807,0.7071,0.7071,0.0000,0.0000,0.0000,0.0000,-0.0000,0.5015,0.5015,0.5015,0.5015,0.0000,0.0000,-9.8403,0.0000,0.0000,0.0000
792,3.1680,0.0000,-0.0000,-4.8521,0.0000,-0.0000,-4.8871,0.0000,-0.0000,-0.0809,0.7071,0.7071,0.0000,0.0000,0.0000,0.0000,-0.0000,0.5015,0.5015,0.5015,0.5015,0.0000,0.0000,-9.8402,0.0000,0.0000,0.0000
793,3.1720,0.0000,-0.0000,-4.8524,0.0000,-0.0000,-4.8873,0.0000,-0.0000,-0.0810,0.7071,0.7071,0.0000,0.0000,0.0000,0.0000,-0.0000,0.5015,0.5015,0.5015,0.5015,0.0000,0.0000,-9.8402,0.0000,0.0000,0.0000
794,3.1760,0.0000,-0.0000,-4.8527,0.0000,-0.0000,-4.8874,0.0000,-0.0000,-0.0811,0.7071,0.7071,0.0000,0.0000,0.0000,0.0000,-0.0000,0.5015,0.5015,0.5015,0.5015,0.0000,0.0000,-9.8401,0.0000,0.0000,0.0000
795,3.1800,0.0000,-0.0000,-4.8531,0.0000,-0.0000,-4.8876,0.0000,-0.0000,-0.0812,0.7071,0.7071,0.0000,0.0000,0.0000,0.0000,-0.0000,0.5015,0.5015,0.5015,0.5015,0.0000,-0.0000,-9.8400,0.0000,0.0000,0.0000
796,3.1840,0.0000,-0.0000,-4.8534,0.0000,-0.0000,-4.8877,0.0000,-0.0000,-0.0813,0.7071,0.7071,0.0000,0.0000,0.0000,0.0000,-0.0000,0.5015,0.5015,0.5015,0.5015,0.0000,0.0000,-9.8399,0.0000,0.0000,0.0000
797,3.1880,0.0000,-0.0000,-4.8537,0.0000,-0.0000,-4.8879,0.0000,-0.0000,-0.0815,0.7071,0.7071,0.0000,0.0000,0.0000,0.0000,-0.0000,0.5015,0.5015,0.5015,0.5015,0.0000,0.0000,-9.8398,0.0000,0.0000,0.0000
798,3.1920,0.0000,-0.0000,-4.8540,0.0000,-0.0000,-4.8880,0.0000,-0.0000,-0.0816,0.7071,0.7071,0.0000,0.0000,0.0000,0.0000,-0.0000,0.5015,0.5015,0.5015,0.5015,0.0000,-0.0000,-9.8397,0.0000,0.0000,0.0000
799,3.1960,0.0000,-0.0000,-4.8544,0.0000,-0.0000,-4.8882,0.0000,-0.0000,-0.0817,0.7071,0.7071,0.0000,0.0000,0.0000,0.0000,-0.0000,0.5015,0.5015,0.5015,0.5015,0.0000,0.0000,-9.8397,0.0000,0.0000,0.0000
800,3.2000,0.0000,-0.0000,-4.8547,0.0000,-0.0000,-4.8884,0.0000,-0.0000,-0.0818,0.7071,0.7071,0.0000,0.0000,0.0000,0.0000,-0.0000,0.5015,0.5015,0.5015,0.5015,0.0000,-0.0000,-9.8396,0.0000,0.0000,0.0000
801,3.2040,0.0000,-0.0000,-4.8550,0.0000,-0.0000,-4.8885,0.0000,-0.0000,-0.0819,0.7071,0.7071,0.0000,0.0000,0.0000,0.0000,-0.0000,0.5015,0.5015,0.5015,0.5015,0.0000,-0.0000,-9.8395,0.0000,0.0000,0.0000
802,3.2080,0.0000,-0.0000,-4.8554,0.0000,-0.0000,-4.8887,0.0000,-0.0000,-0.0820,0.7071,0.7071,0.0000,0.0000,0.0000,0.0000,-0.0000,0.5015,0.5015,0.5015,0.5015,0.0000,-0.0000,-9.8394,0.0000,0.0000,0.0000
803,3.2120,0.0000,-0.0000,-4.8557,0.0000,-0.0000,-4.8888,0.0000,-0.0000,-0.0822,0.7071,0.7071,0.0000,0.0000,0.0000,0.0000,-0.0000,0.5015,0.5015,0.5015,0.5015,0.0000,-0.0000,-9.8393,0.0000,0.0000,0.0000
804,3.2160,0.0000,-0.0000,-4.8560,0.0000,-0.0000,-4.8890,0.0000,-0.0000,-0.0823,0.7071,0.7071,0.0000,0.0000,0.0000,0.0000,-0.0000,0.5015,0.5015,0.5015,0.5015,0.0000,0.0000,-9.8392,0.0000,0.0000,0.0000
805,3.2200,0.0000,-0.0000,-4.8563,0.0000,-0.0000,-4.8891,0.0000,-0.0000,-0.0824,0.7071,0.7071,0.0000,0.0000,0.0000,0.0000,-0.0000,0.5014,0.5014,0.5014,0.5014,0.0000,-0.0000,-9.8391,0.0000,0.0000,0.0000
806,3.2240,0.0000,-0.0000,-4.8567,0.0000,-0.0000,-4.8893,0.0000,-0.0000,-0.0825,0.7071,0.7071,0.0000,0.0000,0.0000,0.0000,-0.0000,0.5014,0.5014,0.5014,0.5014,0.0000,0.0000,-9.8390,0.0000,0.0000,0.0000
807,3.2280,0.0000,-0.0000,-4.8570,0.0000,-0.0000,-4.8894,0.0000,-0.0000,-0.0826,0.7071,0.7071,0.0000,0.0000,0.0000,0.0000,-0.0000,0.5014,0.5014,0.5014,0.5014,0.0000,-0.0000,-9.8390,0.0000,0.0000,0.0000
808,3.2320,0.0000,-0.0000,-4.8573,0.0000,-0.0000,-4.8896,0.0000,-0.0000,-0.0827,0.7071,0.7071,0.0000,0.0000,0.0000,0.0000,-0.0000,0.5014,0.5014,0.5014,0.5014,0.0000,0.0000,-9.8389,0.0000,0.0000,0.0000
809,3.2360,0.0000,-0.0000,-4.8577,0.0000,-0.0000,-4.8897,0.0000,-0.0000,-0.0829,0.7071,0.7071,0.0000,0.0000,0.0000,0.0000,-0.0000,0.5014,0.5014,0.5014,0.5014,0.0000,0.0000,-9.8388,0.0000,0.0000,0.0000
810,3.2400,0.0000,-0.0000,-4.8580,0.0000,-0.0000,-4.8899,0.0000,-0.0000,-0.0830,0.7071,0.7071,0.0000,0.0000,0.0000,0.0000,-0.0000,0.5014,0.5014,0.5014,0.5014,0.0000,-0.0000,-9.8387,0.0000,0.0000,0.0000
811,3.2440,0.0000,-0.0000,-4.8583,0.0000,-0.0000,-4.8900,0.0000,-0.0000,-0.0831,0.7071,0.7071,0.0000,0.0000,0.0000,0.0000,-0.0000,0.5014,0.5014,0.5014,0.5014,0.0000,0.0000,-9.8386,0.0000,0.0000,0.0000
812,3.2480,0.0000,-0.0000,-4.8587,0.0000,-0.0000,-4.8902,0.0000,-0.0000,-0.0832,0.7071,0.7071,0.0000,0.0000,0.0000,0.0000,-0.0000,0.5014,0.5014,0.5014,0.5014,0.0000,-0.0000,-9.8385,0.0000,0.0000,0.0000
813,3.2520,0.0000,-0.0000,-4.8590,0.0000,-0.0000,-4.8903,0.0000,-0.0000,-0.0833,0.7071,0.7071,0.0000,0.0000,0.0000,0.0000,-0.0000,0.5014,0.5014,0.5014,0.5014,0.0000,-0.0000,-9.8384,0.0000,0.0000,0.0000
814,3.2560,0.0000,-0.0000,-4.8593,0.0000,-0.0000,-4.8905,0.0000,-0.0000,-0.0834,0.7071,0.7071,0.0000,0.0000,0.0000,0.0000,-0.0000,0.5014,0.5014,0.5014,0.5014,0.0000,0.0000,-9.8383,0.0000,0.0000,0.0000
815,3.2600,0.0000,-0.0000,-4.8597,0.0000,-0.0000,-4.8906,0.0000,-0.0000,-0.0835,0.7071,0.7071,0.0000,0.0000,0.0000,0.0000,-0.0000,0.5014,0.5014,0.5014,0.5014,0.0000,0.0000,-9.8382,0.0000,0.0000,0.0000
816,3.2640,0.0000,-0.0000,-4.8600,0.0000,-0.0000,-4.8908,0.0000,-0.0000,-0.0837,0.7071,0.7071,0.0000,0.0000,0.0000,0.0000,-0.0000,0.5014,0.5014,0.5014,0.5014,0.0000,0.0000,-9.8381,0.0000,0.0000,0.0000
817,3.2680,0.0000,-0.0000,-4.8603,0.0000,-0.0000,-4.8909,0.0000,-0.0000,-0.0838,0.7071,0.7071,0.0000,0.0000,0.0000,0.0000,-0.0000,0.5014,0.5014,0.5014,0.5014,0.0000,0.0000,-9.8380,0.0000,0.0000,0.0000
818,3.2720,0.0000,-0.0000,-4.8607,0.0000,-0.0000,-4.8911,0.0000,-0.0000,-0.0839,0.7071,0.7071,0.0000,0.0000,0.0000,0.0000,-0.0000,0.5014,0.5014,0.5014,0.5014,0.0000,0.0000,-9.8379,0.0000,0.0000,0.0000
819,3.2760,0.0000,-0.0000,-4.8610,0.0000,-0.0000,-4.8912,0.0000,-0.0000,-0.0840,0.7071,0.7071,0.0000,0.0000,0.0000,0.0000,-0.0000,0.5014,0.5014,0.5014,0.5014,0.0000,-0.0000,-9.8378,0.0000,0.0000,0.0000
820,3.2800,0.0000,-0.0000,-4.8613,0.0000,-0.0000,-4.8914,0.0000,-0.0000,-0.0841,0.7071,0.7071,0.0000,0.0000,0.0000,0.0000,-0.0000,0.5014,0.5014,0.5014,0.5014,0.0000,0.0000,-9.8378,0.0000,0.0000,0.0000
821,3.2840,0.0000,-0.0000,-4.8617,0.0000,-0.0000,-4.8915,0.0000,-0.0000,-0.0842,0.7071,0.7071,0.0000,0.0000,0.0000,0.0000,-0.0000,0.5014,0.5014,0.5014,0.5014,0.0000,-0.0000,-9.8377,0.0000,0.0000,0.0000
822,3.2880,0.0000,-0.0000,-4.8620,0.0000,-0.0000,-4.8917,0.0000,-0.0000,-0.0843,0.7071,0.7071,0.0000,0.0000,0.0000,0.0000,-0.0000,0.5014,0.5014,0.5014,0.5014,0.0000,-0.0000,-9.8376,0.0000,0.0000,0.0000
823,3.2920,0.0000,-0.0000,-4.8624,0.0000,-0.0000,-4.8918,0.0000,-0.0000,-0.0844,0.7071,0.7071,0.0000,0.0000,0.0000,0.0000,-0.0000,0.5014,0.5014,0.5014,0.5014,0.0000,-0.0000,-9.8375,0.0000,0.0000,0.0000
824,3.2960,0.0000,-0.0000,-4.8627,0.0000,-0.0000,-4.8920,0.0000,-0.0000,-0.0845,0.7071,0.7071,0.0000,0.0000,0.0000,0.0000,-0.0000,0.5014,0.5014,0.5014,0.5014,0.0000,0.0000,-9.8374,0.0000,0.0000,0.0000
825,3.3000,0.0000,-0.0000,-4.8630,0.0000,-0.0000,-4.8921,0.0000,-0.0000,-0.0846,0.7071,0.7071,0.0000,0.0000,0.0000,0.0000,-0.0000,0.5013,0.5013,0.5013,0.5013,0.0000,-0.0000,-9.8373,0.0000,0.0000,0.0000
826,3.3040,0.0000,-0.0000,-4.8634,0.0000,-0.0000,-4.8923,0.0000,-0.0000,-0.0848,0.7071,0.7071,0.0000,0.0000,0.0000,0.0000,-0.0000,0.5013,0.5013,0.5013,0.5013,0.0000,0.0000,-9.8372,0.0000,0.0000,0.0000
827,3.3080,0.0000,-0.0000,-4.8637,0.0000,-0.0000,-4.8924,0.0000,-0.0000,-0.0849,0.7071,0.7071,0.0000,0.0000,0.0000,0.0000,-0.0000,0.5013,0.5013,0.5013,0.5013,0.0000,0.0000,-9.8371,0.0000,0.0000,0.0000
828,3.3120,0.0000,-0.0000,-4.8641,0.0000,-0.0000,-4.8926,0.0000,-0.0000,-0.0850,0.7071,0.7071,0.0000,0.0000,0.0000,0.0000,-0.0000,0.5013,0.5013,0.5013,0.5013,0.0000,0.0000,-9.8370,0.0000,0.0000,0.0000
829,3.3160,0.0000,-0.0000,-4.8644,0.0000,-0.0000,-4.8927,0.0000,-0.0000,-0.0851,0.7071,0.7071,0.0000,0.0000,0.0000,0.0000,-0.0000,0.5013,0.5013,0.5013,0.5013,0.0000,0.0000,-9.8369,0.0000,0.0000,0.0000
830,3.3200,0.0000,-0.0000,-4.8647,0.0000,-0.0000,-4.8929,0.0000,-0.0000,-0.0852,0.7071,0.7071,0.0000,0.0000,0.0000,0.0000,-0.0000,0.5013,0.5013,0.5013,0.5013,0.0000,0.0000,-9.8368,0.0000,0.0000,0.0000
831,3.3240,0.0000,-0.0000,-4.8651,0.0000,-0.0000,-4.8930,0.0000,-0.0000,-0.0853,0.7071,0.7071,0.0000,0.0000,0.0000,0.0000,-0.0000,0.5013,0.5013,0.5013,0.5013,0.0000,0.0000,-9.8367,0.0000,0.0000,0.0000
832,3.3280,0.0000,-0.0000,-4.8654,0.0000,-0.0000,-4.8932,0.0000,-0.0000,-0.0854,0.7071,0.7071,0.0000,0.0000,0.0000,0.0000,-0.0000,0.5013,0.5013,0.5013,0.5013,0.0000,-0.0000,-9.8366,0.0000,0.0000,0.0000
833,3.3320,0.0000,-0.0000,-4.8658,0.0000,-0.0000,-4.8933,0.0000,-0.0000,-0.0855,0.7071,0.7071,0.0000,0.0000,0.0000,0.0000,-0.0000,0.5013,0.5013,0.5013,0.5013,0.0000,0.0000,-9.8365,0.0000,0.0000,0.0000
834,3.3360,0.0000,-0.0000,-4.8661,0.0000,-0.0000,-4.8935,0.0000,-0.0000,-0.0856,0.7071,0.7071,0.0000,0.0000,0.0000,0.0000,-0.0000,0.5013,0.5013,0.5013,0.5013,0.0000,-0.0000,-9.8364,0.0000,0.0000,0.0000
835,3.3400,0.0000,-0.0000,-4.8664,0.0000,-0.0000,-4.8936,0.0000,-0.0000,-0.0857,0.7071,0.7071,0.0000,0.0000,0.0000,0.0000,-0.0000,0.5013,0.5013,0.5013,0.5013,0.0000,0.0000,-9.8363,0.0000,0.0000,0.0000
836,3.3440,0.0000,-0.0000,-4.8668,0.0000,-0.0000,-4.8938,0.0000,-0.0000,-0.0858,0.7071,0.7071,0.0000,0.0000,0.0000,0.0000,-0.0000,0.5013,0.5013,0.5013,0.5013,0.0000,-0.0000,-9.8362,0.0000,0.0000,0.0000
837,3.3480,0.0000,-0.0000,-4.8671,0.0000,-0.0000,-4.8939,0.0000,-0.0000,-0.0859,0.7071,0.7071,0.0000,0.0000,0.0000,0.0000,-0.0000,0.5013,0.5013,0.5013,0.5013,0.0000,0.0000,-9.8360,0.0000,0.0000,0.0000
838,3.3520,0.0000,-0.0000,-4.8675,0.0000,-0.0000,-4.8941,0.0000,-0.0000,-0.0860,0.7071,0.7071,0.0000,0.0000,0.0000,0.0000,-0.0000,0.5013,0.5013,0.5013,0.5013,0.0000,0.0000,-9.8359,0.0000,0.0000,0.0000
839,3.3560,0.0000,-0.0000,-4.8678,0.0000,-0.0000,-4.8942,0.0000,-0.0000,-0.0861,0.7071,0.7071,0.0000,0.0000,0.0000,0.0000,-0.0000,0.5013,0.5013,0.5013,0.5013,0.0000,0.0000,-9.8358,0.0000,0.0000,0.0000
840,3.3600,0.0000,-0.0000,-4.8682,0.0000,-0.0000,-4.8944,0.0000,-0.0000,-0.0862,0.7071,0.7071,0.0000,0.0000,0.0000,0.0000,-0.0000,0.5013,0.5013,0.5013,0.5013,0.0000,0.0000,-9.8357,0.0000,0.0000,0.0000
841,3.3640,0.0000,-0.0000,-4.8685,0.0000,-0.0000,-4.8945,0.0000,-0.0000,-0.0863,0.7071,0.7071,0.0000,0.0000,0.0000,0.0000,-0.0000,0.5013,0.5013,0.5013,0.5013,0.0000,-0.0000,-9.8356,0.0000,0.0000,0.0000
842,3.3680,0.0000,-0.0000,-4.8689,0.0000,-0.0000,-4.8947,0.0000,-0.0000,-0.0864,0.7071,0.7071,0.0000,0.0000,0.0000,0.0000,-0.0000,0.5013,0.5013,0.5013,0.5013,0.0000,0.0000,-9.8355,0.0000,0.0000,0.0000
843,3.3720,0.0000,-0.0000,-4.8692,0.0000,-0.0000,-4.8948,0.0000,-0.0000,-0.0865,0.7071,0.7071,0.0000,0.0000,0.0000,0.0000,-0.0000,0.5012,0.5012,0.5012,0.5012,0.0000,-0.0000,-9.8354,0.0000,0.0000,0.0000
844,3.3760,0.0000,-0.0000,-4.8695,0.0000,-0.0000,-4.8950,0.0000,-0.0000,-0.0866,0.7071,0.7071,0.0000,0.0000,0.0000,0.0000,-0.0000,0.5012,0.5012,0.5012,0.5012,0.0000,-0.0000,-9.8353,0.0000,0.0000,0.0000
845,3.3800,0.0000,-0.0000,-4.8699,0.0000,-0.0000,-4.8951,0.0000,-0.0000,-0.0867,0.7071,0.7071,0.0000,0.0000,0.0000,0.0000,-0.0000,0.5012,0.5012,0.5012,0.5012,0.0000,-0.0000,-9.8352,0.0000,0.0000,0.0000
846,3.3840,0.0000,-0.0000,-4.8702,0.0000,-0.0000,-4.8953,0.0000,-0.0000,-0.0868,0.7071,0.7071,0.0000,0.0000,0.0000,0.0000,-0.0000,0.5012,0.5012,0.5012,0.5012,0.0000,0.0000,-9.8351,0.0000,0.0000,0.0000
847,3.3880,0.0000,-0.0000,-4.8706,0.0000,-0.0000,-4.8954,0.0000,-0.0000,-0.0869,0.7071,0.7071,0.0000,0.0000,0.0000,0.0000,-0.0000,0.5012,0.5012,0.5012,0.5012,0.0000,-0.0000,-9.8350,0.0000,0.0000,0.0000
848,3.3920,0.0000,-0.0000,-4.8709,0.0000,-0.0000,-4.8955,0.0000,-0.0000,-0.0870,0.7071,0.7071,0.0000,0.0000,0.0000,0.0000,-0.0000,0.5012,0.5012,0.5012,0.5012,0.0000,0.0000,-9.8349,0.0000,0.0000,0.0000
849,3.3960,0.0000,-0.0000,-4.8713,0.0000,-0.0000,-4.8957,0.0000,-0.0000,-0.0871,0.7071,0.7071,0.0000,0.0000,0.0000,0.0000,-0.0000,0.5012,0.5012,0.5012,0.5012,0.0000,0.0000,-9.8347,0.0000,0.0000,0.0000
850,3.4000,0.0000,-0.0000,-4.8716,0.0000,-0.0000,-4.8958,0.0000,-0.0000,-0.0872,0.7071,0.7071,0.0000,0.0000,0.0000,0.0000,-0.0000,0.5012,0.5012,0.5012,0.5012,0.0000,-0.0000,-9.8346,0.0000,0.0000,0.0000
851,3.4040,0.0000,-0.0000,-4.8720,0.0000,-0.0000,-4.8960,0.0000,-0.0000,-0.0873,0.7071,0.7071,0.0000,0.0000,0.0000,0.0000,-0.0000,0.5012,0.5012,0.5012,0.5012,0.0000,0.0000,-9.8345,0.0000,0.0000,0.0000
852,3.4080,0.0000,-0.0000,-4.8723,0.0000,-0.0000,-4.8961,0.0000,-0.0000,-0.0874,0.7071,0.7071,0.0000,0.0000,0.0000,0.0000,-0.0000,0.5012,0.5012,0.5012,0.5012,0.0000,-0.0000,-9.8344,0.0000,0.0000,0.0000
853,3.4120,0.0000,-0.0000,-4.8727,0.0000,-0.0000,-4.8963,0.0000,-0.0000,-0.0875,0.7071,0.7071,0.0000,0.0000,0.0000,0.0000,-0.0000,0.5012,0.5012,0.5012,0.5012,0.0000,0.0000,-9.8343,0.0000,0.0000,0.0000
854,3.4160,0.0000,-0.0000,-4.8730,0.0000,-0.0000,-4.8964,0.0000,-0.0000,-0.0876,0.7071,0.7071,0.0000,0.0000,0.0000,0.0000,-0.0000,0.5012,0.5012,0.5012,0.5012,0.0000,-0.0000,-9.8342,0.0000,0.0000,0.0000
855,3.4200,0.0000,-0.0000,-4.8734,0.0000,-0.0000,-4.8966,0.0000,-0.0000,-0.0877,0.7071,0.7071,0.0000,0.0000,0.0000,0.0000,-0.0000,0.5012,0.5012,0.5012,0.5012,0.0000,0.0000,-9.8341,0.0000,0.0000,0.0000
856,3.4240,0.0000,-0.0000,-4.8737,0.0000,-0.0000,-4.8967,0.0000,-0.0000,-0.0878,0.7071,0.7071,0.0000,0.0000,0.0000,0.0000,-0.0000,0.5012,0.5012,0.5012,0.5012,0.0000,0.0000,-9.8340,0.0000,0.0000,0.0000
857,3.4280,0.0000,-0.0000,-4.8741,0.0000,-0.0000,-4.8969,0.0000,-0.0000,-0.0879,0.7071,0.7071,0.0000,0.0000,0.0000,0.0000,-0.0000,0.5012,0.5012,0.5012,0.5012,0.0000,0.0000,-9.8338,0.0000,0.0000,0.0000
858,3.4320,0.0000,-0.0000,-4.8744,0.0000,-0.0000,-4.8970,0.0000,-0.0000,-0.0880,0.7071,0.7071,0.0000,0.0000,0.0000,0.0000,-0.0000,0.5012,0.5012,0.5012,0.5012,0.0000,0.0000,-9.8337,0.0000,0.0000,0.0000
859,3.4360,0.0000,-0.0000,-4.8748,0.0000,-0.0000,-4.8972,0.0000,-0.0000,-0.0881,0.7071,0.7071,0.0000,0.0000,0.0000,0.0000,-0.0000,0.5011,0.5011,0.5011,0.5011,0.0000,0.0000,-9.8336,0.0000,0.0000,0.0000
860,3.4400,0.0000,-0.0000,-4.8751,0.0000,-0.0000,-4.8973,0.0000,-0.0000,-0.0882,0.7071,0.7071,0.0000,0.0000,0.0000,0.0000,-0.0000,0.5011,0.5011,0.5011,0.5011,0.0000,-0.0000,-9.8335,0.0000,0.0000,0.0000
861,3.4440,0.0000,-0.0000,-4.8755,0.0000,-0.0000,-4.8975,0.0000,-0.0000,-0.0883,0.7071,0.7071,0.0000,0.0000,0.0000,0.0000,-0.0000,0.5011,0.5011,0.5011,0.5011,0.0000,-0.0000,-9.8334,0.0000,0.0000,0.0000
862,3.4480,0.0000,-0.0000,-4.8759,0.0000,-0.0000,-4.8976,0.0000,-0.0000,-0.0884,0.7071,0.7071,0.0000,0.0000,0.0000,0.0000,-0.0000,0.5011,0.5011,0.5011,0.5011,0.0000,-0.0000,-9.8333,0.0000,0.0000,0.0000
863,3.4520,0.0000,-0.0000,-4.8762,0.0000,-0.0000,-4.8978,0.0000,-0.0000,-0.0885,0.7071,0.7071,0.0000,0.0000,0.0000,0.0000,-0.0000,0.5011,0.5011,0.5011,0.5011,0.0000,-0.0000,-9.8331,0.0000,0.0000,0.0000
864,3.4560,0.0000,-0.0000,-4.8766,0.0000,-0.0000,-4.8979,0.0000,-0.0000,-0.0886,0.7071,0.7071,0.0000,0.0000,0.0000,0.0000,-0.0000,0.5011,0.5011,0.5011,0.5011,0.0000,0.0000,-9.8330,0.0000,0.0000,0.0000
865,3.4600,0.0000,-0.0000,-4.8769,0.0000,-0.0000,-4.8981,0.0000,-0.0000,-0.0886,0.7071,0.7071,0.0000,0.0000,0.0000,0.0000,-0.0000,0.5011,0.5011,0.5011,0.5011,0.0000,-0.0000,-9.8329,0.0000,0.0000,0.0000
866,3.4640,0.0000,-0.0000,-4.8773,0.0000,-0.0000,-4.8982,0.0000,-0.0000,-0.0887,0.7071,0.7071,0.0000,0.0000,0.0000,0.0000,-0.0000,0.5011,0.5011,0.5011,0.5011,0.0000,-0.0000,-9.8328,0.0000,0.0000,0.0000
867,3.4680,0.0000,-0.0000,-4.8776,0.0000,-0.0000,-4.8984,0.0000,-0.0000,-0.0888,0.7071,0.7071,0.0000,0.0000,0.0000,0.0000,-0.0000,0.5011,0.5011,0.5011,0.5011,0.0000,-0.0000,-9.8327,0.0000,0.0000,0.0000
868,3.4720,0.0000,-0.0000,-4.8780,0.0000,-0.0000,-4.8985,0.0000,-0.0000,-0.0889,0.7071,0.7071,0.0000,0.0000,0.0000,0.0000,-0.0000,0.5011,0.5011,0.5011,0.5011,0.0000,-0.0000,-9.8325,0.0000,0.0000,0.0000
869,3.4760,0.0000,-0.0000,-4.8783,0.0000,-0.0000,-4.8987,0.0000,-0.0000,-0.0890,0.7071,0.7071,0.0000,0.0000,0.0000,0.0000,-0.0000,0.5011,0.5011,0.5011,0.5011,0.0000,0.0000,-9.8324,0.0000,0.0000,0.0000
870,3.4800,0.0000,-0.0000,-4.8787,0.0000,-0.0000,-4.8988,0.0000,-0.0000,-0.0891,0.7071,0.7071,0.0000,0.0000,0.0000,0.0000,-0.0000,0.5011,0.5011,0.5011,0.5011,0.0000,-0.0000,-9.8323,0.0000,0.0000,0.0000
871,3.4840,0.0000,-0.0000,-4.8790,0.0000,-0.0000,-4.8990,0.0000,-0.0000,-0.0892,0.7071,0.7071,0.0000,0.0000,0.0000,0.0000,-0.0000,0.5011,0.5011,0.5011,0.5011,0.0000,-0.0000,-9.8322,0.0000,0.0000,0.0000
872,3.4880,0.0000,-0.0000,-4.8794,0.0000,-0.0000,-4.8991,0.0000,-0.0000,-0.0893,0.7071,0.7071,0.0000,0.0000,0.0000,0.0000,-0.0000,0.5011,0.5011,0.5011,0.5011,0.0000,0.0000,-9.8320,0.0000,0.0000,0.0000
873,3.4920,0.0000,-0.0000,-4.8798,0.0000,-0.0000,-4.8993,0.0000,-0.0000,-0.0894,0.7071,0.7071,0.0000,0.0000,0.0000,0.0000,-0.0000,0.5011,0.5011,0.5011,0.5011,0.0000,0.0000,-9.8319,0.0000,0.0000,0.0000
874,3.4960,0.0000,-0.0000,-4.8801,0.0000,-0.0000,-4.8994,0.0000,-0.0000,-0.0894,0.7071,0.7071,0.0000,0.0000,0.0000,0.0000,-0.0000,0.5011,0.5011,0.5011,0.5011,0.0000,-0.0000,-9.8318,0.0000,0.0000,0.0000
875,3.5000,0.0000,-0.0000,-4.8805,0.0000,-0.0000,-4.8996,0.0000,-0.0000,-0.0895,0.7071,0.7071,0.0000,0.0000,0.0000,0.0000,-0.0000,0.5010,0.5010,0.5010,0.5010,0.0000,-0.0000,-9.8317,0.0000,0.0000,0.0000
876,3.5040,0.0000,-0.0000,-4.8808,0.0000,-0.0000,-4.8997,0.0000,-0.0000,-0.0896,0.7071,0.7071,0.0000,0.0000,0.0000,0.0000,-0.0000,0.5010,0.5010,0.5010,0.5010,0.0000,0.0000,-9.8315,0.0000,0.0000,0.0000
877,3.5080,0.0000,-0.0000,-4.8812,0.0000,-0.0000,-4.8999,0.0000,-0.0000,-0.0897,0.7071,0.7071,0.0000,0.0000,0.0000,0.0000,-0.0000,0.5010,0.5010,0.5010,0.5010,0.0000,0.0000,-9.8314,0.0000,0.0000,0.0000
878,3.5120,0.0000,-0.0000,-4.8816,0.0000,-0.0000,-4.9000,0.0000,-0.0000,-0.0898,0.7071,0.7071,0.0000,0.0000,0.0000,0.0000,-0.0000,0.5010,0.5010,0.5010,0.5010,0.0000,-0.0000,-9.8313,0.0000,0.0000,0.0000
879,3.5160,0.0000,-0.0000,-4.8819,0.0000,-0.0000,-4.9002,0.0000,-0.0000,-0.0899,0.7071,0.7071,0.0000,0.0000,0.0000,0.0000,-0.0000,0.5010,0.5010,0.5010,0.5010,0.0000,0.0000,-9.8312,0.0000,0.0000,0.0000
880,3.5200,0.0000,-0.0000,-4.8823,0.0000,-0.0000,-4.9003,0.0000,-0.0000,-0.0900,0.7071,0.7071,0.0000,0.0000,0.0000,0.0000,-0.0000,0.5010,0.5010,0.5010,0.5010,0.0000,-0.0000,-9.8310,0.0000,0.0000,0.0000
881,3.5240,0.0000,-0.0000,-4.8826,0.0000,-0.0000,-4.9005,0.0000,-0.0000,-0.0900,0.7071,0.7071,0.0000,0.0000,0.0000,0.0000,-0.0000,0.5010,0.5010,0.5010,0.5010,0.0000,0.0000,-9.8309,0.0000,0.0000,0.0000
882,3.5280,0.0000,-0.0000,-4.8830,0.0000,-0.0000,-4.9006,0.0000,-0.0000,-0.0901,0.7071,0.7071,0.0000,0.0000,0.0000,0.0000,-0.0000,0.5010,0.5010,0.5010,0.5010,0.0000,-0.0000,-9.8308,0.0000,0.0000,0.0000
883,3.5320,0.0000,-0.0000,-4.8834,0.0000,-0.0000,-4.9008,0.0000,-0.0000,-0.0902,0.7071,0.7071,0.0000,0.0000,0.0000,0.0000,-0.0000,0.5010,0.5010,0.5010,0.5010,0.0000,0.0000,-9.8306,0.0000,0.0000,0.0000
884,3.5360,0.0000,-0.0000,-4.8837,0.0000,-0.0000,-4.9009,0.0000,-0.0000,-0.0903,0.7071,0.7071,0.0000,0.0000,0.0000,0.0000,-0.0000,0.5010,0.5010,0.5010,0.5010,0.0000,-0.0000,-9.8305,0.0000,0.0000,0.0000
885,3.5400,0.0000,-0.0000,-4.8841,0.0000,-0.0000,-4.9011,0.0000,-0.0000,-0.0904,0.7071,0.7071,0.0000,0.0000,0.0000,0.0000,-0.0000,0.5010,0.5010,0.5010,0.5010,0.0000,0.0000,-9.8304,0.0000,0.0000,0.0000
886,3.5440,0.0000,-0.0000,-4.8844,0.0000,-0.0000,-4.9012,0.0000,-0.0000,-0.0904,0.7071,0.7071,0.0000,0.0000,0.0000,0.0000,-0.0000,0.5010,0.5010,0.5010,0.5010,0.0000,0.0000,-9.8303,0.0000,0.0000,0.0000
887,3.5480,0.0000,-0.0000,-4.8848,0.0000,-0.0000,-4.9014,0.0000,-0.0000,-0.0905,0.7071,0.7071,0.0000,0.0000,0.0000,0.0000,-0.0000,0.5010,0.5010,0.5010,0.5010,0.0000,0.0000,-9.8301,0.0000,0.0000,0.0000
888,3.5520,0.0000,-0.0000,-4.8852,0.0000,-0.0000,-4.9015,0.0000,-0.0000,-0.0906,0.7071,0.7071,0.0000,0.0000,0.0000,0.0000,-0.0000,0.5010,0.5010,0.5010,0.5010,0.0000,0.0000,-9.8300,0.0000,0.0000,0.0000
889,3.5560,0.0000,-0.0000,-4.8855,0.0000,-0.0000,-4.9017,0.0000,-0.0000,-0.0907,0.7071,0.7071,0.0000,0.0000,0.0000,0.0000,-0.0000,0.5009,0.5009,0.5009,0.5009,0.0000,-0.0000,-9.8299,0.0000,0.0000,0.0000
890,3.5600,0.0000,-0.0000,-4.8859,0.0000,-0.0000,-4.9018,0.0000,-0.0000,-0.0908,0.7071,0.7071,0.0000,0.0000,0.0000,0.0000,-0.0000,0.5009,0.5009,0.5009,0.5009,0.0000,-0.0000,-9.8297,0.0000,0.0000,0.0000
891,3.5640,0.0000,-0.0000,-4.8863,0.0000,-0.0000,-4.9020,0.0000,-0.0000,-0.0908,0.7071,0.7071,0.0000,0.0000,0.0000,0.0000,-0.0000,0.5009,0.5009,0.5009,0.5009,0.0000,0.0000,-9.8296,0.0000,0.0000,0.0000
892,3.5680,0.0000,-0.0000,-4.8866,0.0000,-0.0000,-4.9021,0.0000,-0.0000,-0.0909,0.7071,0.7071,0.0000,0.0000,0.0000,0.0000,-0.0000,0.5009,0.5009,0.5009,0.5009,0.0000,-0.0000,-9.8295,0.0000,0.0000,0.0000
893,3.5720,0.0000,-0.0000,-4.8870,0.0000,-0.0000,-4.9023,0.0000,-0.0000,-0.0910,0.7071,0.7071,0.0000,0.0000,0.0000,0.0000,-0.0000,0.5009,0.5009,0.5009,0.5009,0.0000,0.0000,-9.8293,0.0000,0.0000,0.0000
894,3.5760,0.0000,-0.0000,-4.8873,0.0000,-0.0000,-4.9024,0.0000,-0.0000,-0.0911,0.7071,0.7071,0.0000,0.0000,0.0000,0.0000,-0.0000,0.5009,0.5009,0.5009,0.5009,0.0000,-0.0000,-9.8292,0.0000,0.0000,0.0000
895,3.5800,0.0000,-0.0000,-4.8877,0.0000,-0.0000,-4.9026,0.0000,-0.0000,-0.0911,0.7071,0.7071,0.0000,0.0000,0.0000,0.0000,-0.0000,0.5009,0.5009,0.5009,0.5009,0.0000,-0.0000,-9.8290,0.0000,0.0000,0.0000
896,3.5840,0.0000,-0.0000,-4.8881,0.0000,-0.0000,-4.9027,0.0000,-0.0000,-0.0912,0.7071,0.7071,0.0000,0.0000,0.0000,0.0000,-0.0000,0.5009,0.5009,0.5009,0.5009,0.0000,0.0000,-9.8289,0.0000,0.0000,0.0000
897,3.5880,0.0000,-0.0000,-4.8884,0.0000,-0.0000,-4.9029,0.0000,-0.0000,-0.0913,0.7071,0.7071,0.0000,0.0000,0.0000,0.0000,-0.0000,0.5009,0.5009,0.5009,0.5009,0.0000,0.0000,-9.8288,0.0000,0.0000,0.0000
898,3.5920,0.0000,-0.0000,-4.8888,0.0000,-0.0000,-4.9030,0.0000,-0.0000,-0.0914,0.7071,0.7071,0.0000,0.0000,0.0000,0.0000,-0.0000,0.5009,0.5009,0.5009,0.5009,0.0000,0.0000,-9.8286,0.0000,0.0000,0.0000
899,3.5960,0.0000,-0.0000,-4.8892,0.0000,-0.0000,-4.9032,0.0000,-0.0000,-0.0914,0.7071,0.7071,0.0000,0.0000,0.0000,0.0000,-0.0000,0.5009,0.5009,0.5009,0.5009,0.0000,-0.0000,-9.8285,0.0000,0.0000,0.0000
900,3.6000,0.0000,-0.0000,-4.8895,0.0000,-0.0000,-4.9033,0.0000,-0.0000,-0.0915,0.7071,0.7071,0.0000,0.0000,0.0000,0.0000,-0.0000,0.5009,0.5009,0.5009,0.5009,0.0000,-0.0000,-9.8284,0.0000,0.0000,0.0000
901,3.6040,0.0000,-0.0000,-4.8899,0.0000,-0.0000,-4.9035,0.0000,-0.0000,-0.0916,0.7071,0.7071,0.0000,0.0000,0.0000,0.0000,-0.0000,0.5009,0.5009,0.5009,0.5009,0.0000,0.0000,-9.8282,0.0000,0.0000,0.0000
902,3.6080,0.0000,-0.0000,-4.8903,0.0000,-0.0000,-4.9036,0.0000,-0.0000,-0.0917,0.7071,0.7071,0.0000,0.0000,0.0000,0.0000,-0.0000,0.5009,0.5009,0.5009,0.5009,0.0000,0.0000,-9.8281,0.0000,0.0000,0.0000
903,3.6120,0.0000,-0.0000,-4.8906,0.0000,-0.0000,-4.9038,0.0000,-0.0000,-0.0917,0.7071,0.7071,0.0000,0.0000,0.0000,0.0000,-0.0000,0.5008,0.5008,0.5008,0.5008,0.0000,0.0000,-9.8279,0.0000,0.0000,0.0000
904,3.6160,0.0000,-0.0000,-4.8910,0.0000,-0.0000,-4.9039,0.0000,-0.0000,-0.0918,0.7071,0.7071,0.0000,0.0000,0.0000,0.0000,-0.0000,0.5008,0.5008,0.5008,0.5008,0.0000,0.0000,-9.8278,0.0000,0.0000,0.0000
905,3.6200,0.0000,-0.0000,-4.8914,0.0000,-0.0000,-4.9041,0.0000,-0.0000,-0.0919,0.7071,0.7071,0.0000,0.0000,0.0000,0.0000,-0.0000,0.5008,0.5008,0.5008,0.5008,0.0000,-0.0000,-9.8277,0.0000,0.0000,0.0000
906,3.6240,0.0000,-0.0000,-4.8917,0.0000,-0.0000,-4.9042,0.0000,-0.0000,-0.0919,0.7071,0.7071,0.0000,0.0000,0.0000,0.0000,-0.0000,0.5008,0.5008,0.5008,0.5008,0.0000,0.0000,-9.8275,0.0000,0.0000,0.0000
907,3.6280,0.0000,-0.0000,-4.8921,0.0000,-0.0000,-4.9044,0.0000,-0.0000,-0.0920,0.7071,0.7071,0.0000,0.0000,0.0000,0.0000,-0.0000,0.5008,0.5008,0.5008,0.5008,0.0000,0.0000,-9.8274,0.0000,0.0000,0.0000
908,3.6320,0.0000,-0.0000,-4.8925,0.0000,-0.0000,-4.9045,0.0000,-0.0000,-0.0921,0.7071,0.7071,0.0000,0.0000,0.0000,0.0000,-0.0000,0.5008,0.5008,0.5008,0.5008,0.0000,0.0000,-9.8272,0.0000,0.0000,0.0000
909,3.6360,0.0000,-0.0000,-4.8928,0.0000,-0.0000,-4.9047,0.0000,-0.0000,-0.0921,0.7071,0.7071,0.0000,0.0000,0.0000,0.0000,-0.0000,0.5008,0.5008,0.5008,0.5008,0.0000,-0.0000,-9.8271,0.0000,0.0000,0.0000
910,3.6400,0.0000,-0.0000,-4.8932,0.0000,-0.0000,-4.9048,0.0000,-0.0000,-0.0922,0.7071,0.7071,0.0000,0.0000,0.0000,0.0000,-0.0000,0.5008,0.5008,0.5008,0.5008,0.0000,0.0000,-9.8269,0.0000,0.0000,0.0000
911,3.6440,0.0000,-0.0000,-4.8936,0.0000,-0.0000,-4.9050,0.0000,-0.0000,-0.0923,0.7071,0.7071,0.0000,0.0000,0.0000,0.0000,-0.0000,0.5008,0.5008,0.5008,0.5008,0.0000,-0.0000,-9.8268,0.0000,0.0000,0.0000
912,3.6480,0.0000,-0.0000,-4.8940,0.0000,-0.0000,-4.9051,0.0000,-0.0000,-0.0923,0.7071,0.7071,0.0000,0.0000,0.0000,0.0000,-0.0000,0.5008,0.5008,0.5008,0.5008,0.0000,0.0000,-9.8266,0.0000,0.0000,0.0000
913,3.6520,0.0000,-0.0000,-4.8943,0.0000,-0.0000,-4.9053,0.0000,-0.0000,-0.0924,0.7071,0.7071,0.0000,0.0000,0.0000,0.0000,-0.0000,0.5008,0.5008,0.5008,0.5008,0.0000,0.0000,-9.8265,0.0000,0.0000,0.0000
914,3.6560,0.0000,-0.0000,-4.8947,0.0000,-0.0000,-4.9054,0.0000,-0.0000,-0.0925,0.7071,0.7071,0.0000,0.0000,0.0000,0.0000,-0.0000,0.5008,0.5008,0.5008,0.5008,0.0000,-0.0000,-9.8264,0.0000,0.0000,0.0000
915,3.6600,0.0000,-0.0000,-4.8951,0.0000,-0.0000,-4.9056,0.0000,-0.0000,-0.0925,0.7071,0.7071,0.0000,0.0000,0.0000,0.0000,-0.0000,0.5008,0.5008,0.5008,0.5008,0.0000,0.0000,-9.8262,0.0000,0.0000,0.0000
916,3.6640,0.0000,-0.0000,-4.8954,0.0000,-0.0000,-4.9058,0.0000,-0.0000,-0.0926,0.7071,0.7071,0.0000,0.0000,0.0000,0.0000,-0.0000,0.5007,0.5007,0.5007,0.5007,0.0000,-0.0000,-9.8261,0.0000,0.0000,0.0000
917,3.6680,0.0000,-0.0000,-4.8958,0.0000,-0.0000,-4.9059,0.0000,-0.0000,-0.0927,0.7071,0.7071,0.0000,0.0000,0.0000,0.0000,-0.0000,0.5007,0.5007,0.5007,0.5007,0.0000,-0.0000,-9.8259,0.0000,0.0000,0.0000
918,3.6720,0.0000,-0.0000,-4.8962,0.0000,-0.0000,-4.9061,0.0000,-0.0000,-0.0927,0.7071,0.7071,0.0000,0.0000,0.0000,0.0000,-0.0000,0.5007,0.5007,0.5007,0.5007,0.0000,0.0000,-9.8258,0.0000,0.0000,0.0000
919,3.6760,0.0000,-0.0000,-4.8965,0.0000,-0.0000,-4.9062,0.0000,-0.0000,-0.0928,0.7071,0.7071,0.0000,0.0000,0.0000,0.0000,-0.0000,0.5007,0.5007,0.5007,0.5007,0.0000,-0.0000,-9.8256,0.0000,0.0000,0.0000
920,3.6800,0.0000,-0.0000,-4.8969,0.0000,-0.0000,-4.9064,0.0000,-0.0000,-0.0928,0.7071,0.7071,0.0000,0.0000,0.0000,0.0000,-0.0000,0.5007,0.5007,0.5007,0.5007,0.0000,-0.0000,-9.8255,0.0000,0.0000,0.0000
921,3.6840,0.0000,-0.0000,-4.8973,0.0000,-0.0000,-4.9065,0.0000,-0.0000,-0.0929,0.7071,0.7071,0.0000,0.0000,0.0000,0.0000,-0.0000,0.5007,0.5007,0.5007,0.5007,0.0000,0.0000,-9.8253,0.0000,0.0000,0.0000
922,3.6880,0.0000,-0.0000,-4.8977,0.0000,-0.0000,-4.9067,0.0000,-0.0000,-0.0930,0.7071,0.7071,0.0000,0.0000,0.0000,0.0000,-0.0000,0.5007,0.5007,0.5007,0.5007,0.0000,0.0000,-9.8252,0.0000,0.0000,0.0000
923,3.6920,0.0000,-0.0000,-4.8980,0.0000,-0.0000,-4.9068,0.0000,-0.0000,-0.0930,0.7071,0.7071,0.0000,0.0000,0.0000,0.0000,-0.0000,0.5007,0.5007,0.5007,0.5007,0.0000,-0.0000,-9.8250,0.0000,0.0000,0.0000
924,3.6960,0.0000,-0.0000,-4.8984,0.0000,-0.0000,-4.9070,0.0000,-0.0000,-0.0931,0.7071,0.7071,0.0000,0.0000,0.0000,0.0000,-0.0000,0.5007,0.5007,0.5007,0.5007,0.0000,-0.0000,-9.8249,0.0000,0.0000,0.0000
925,3.7000,0.0000,-0.0000,-4.8988,0.0000,-0.0000,-4.9071,0.0000,-0.0000,-0.0931,0.7071,0.7071,0.0000,0.0000,0.0000,0.0000,-0.0000,0.5007,0.5007,0.5007,0.5007,0.0000,0.0000,-9.8247,0.0000,0.0000,0.0000
926,3.7040,0.0000,-0.0000,-4.8992,0.0000,-0.0000,-4.9073,0.0000,-0.0000,-0.0932,0.7071,0.7071,0.0000,0.0000,0.0000,0.0000,-0.0000,0.5007,0.5007,0.5007,0.5007,0.0000,-0.0000,-9.8246,0.0000,0.0000,0.0000
927,3.7080,0.0000,-0.0000,-4.8995,0.0000,-0.0000,-4.9074,0.0000,-0.0000,-0.0933,0.7071,0.7071,0.0000,0.0000,0.0000,0.0000,-0.0000,0.5007,0.5007,0.5007,0.5007,0.0000,-0.0000,-9.8244,0.0000,0.0000,0.0000
928,3.7120,0.0000,-0.0000,-4.8999,0.0000,-0.0000,-4.9076,0.0000,-0.0000,-0.0933,0.7071,0.7071,0.0000,0.0000,0.0000,0.0000,-0.0000,0.5007,0.5007,0.5007,0.5007,0.0000,-0.0000,-9.8243,0.0000,0.0000,0.0000
929,3.7160,0.0000,-0.0000,-4.9003,0.0000,-0.0000,-4.9077,0.0000,-0.0000,-0.0934,0.7071,0.7071,0.0000,0.0000,0.0000,0.0000,-0.0000,0.5006,0.5006,0.5006,0.5006,0.0000,-0.0000,-9.8241,0.0000,0.0000,0.0000
930,3.7200,0.0000,-0.0000,-4.9006,0.0000,-0.0000,-4.9079,0.0000,-0.0000,-0.0934,0.7071,0.7071,0.0000,0.0000,0.0000,0.0000,-0.0000,0.5006,0.5006,0.5006,0.5006,0.0000,0.0000,-9.8239,0.0000,0.0000,0.0000
931,3.7240,0.0000,-0.0000,-4.9010,0.0000,-0.0000,-4.9080,0.0000,-0.0000,-0.0935,0.7071,0.7071,0.0000,0.0000,0.0000,0.0000,-0.0000,0.5006,0.5006,0.5006,0.5006,0.0000,-0.0000,-9.8238,0.0000,0.0000,0.0000
932,3.7280,0.0000,-0.0000,-4.9014,0.0000,-0.0000,-4.9082,0.0000,-0.0000,-0.0935,0.7071,0.7071,0.0000,0.0000,0.0000,0.0000,-0.0000,0.5006,0.5006,0.5006,0.5006,0.0000,-0.0000,-9.8236,0.0000,0.0000,0.0000
933,3.7320,0.0000,-0.0000,-4.9018,0.0000,-0.0000,-4.9083,0.0000,-0.0000,-0.0936,0.7071,0.7071,0.0000,0.0000,0.0000,0.0000,-0.0000,0.5006,0.5006,0.5006,0.5006,0.0000,0.0000,-9.8235,0.0000,0.0000,0.0000
934,3.7360,0.0000,-0.0000,-4.9021,0.0000,-0.0000,-4.9085,0.0000,-0.0000,-0.0936,0.7071,0.7071,0.0000,0.0000,0.0000,0.0000,-0.0000,0.5006,0.5006,0.5006,0.5006,0.0000,-0.0000,-9.8233,0.0000,0.0000,0.0000
935,3.7400,0.0000,-0.0000,-4.9025,0.0000,-0.0000,-4.9087,0.0000,-0.0000,-0.0937,0.7071,0.7071,0.0000,0.0000,0.0000,0.0000,-0.0000,0.5006,0.5006,0.5006,0.5006,0.0000,0.0000,-9.8232,0.0000,0.0000,0.0000
936,3.7440,0.0000,-0.0000,-4.9029,0.0000,-0.0000,-4.9088,0.0000,-0.0000,-0.0937,0.7071,0.7071,0.0000,0.0000,0.0000,0.0000,-0.0000,0.5006,0.5006,0.5006,0.5006,0.0000,0.0000,-9.8230,0.0000,0.0000,0.0000
937,3.7480,0.0000,-0.0000,-4.9033,0.0000,-0.0000,-4.9090,0.0000,-0.0000,-0.0938,0.7071,0.7071,0.0000,0.0000,0.0000,0.0000,-0.0000,0.5006,0.5006,0.5006,0.5006,0.0000,-0.0000,-9.8228,0.0000,0.0000,0.0000
938,3.7520,0.0000,-0.0000,-4.9036,0.0000,-0.0000,-4.9091,0.0000,-0.0000,-0.0938,0.7071,0.7071,0.0000,0.0000,0.0000,0.0000,-0.0000,0.5006,0.5006,0.5006,0.5006,0.0000,-0.0000,-9.8227,0.0000,0.0000,0.0000
939,3.7560,0.0000,-0.0000,-4.9040,0.0000,-0.0000,-4.9093,0.0000,-0.0000,-0.0939,0.7071,0.7071,0.0000,0.0000,0.0000,0.0000,-0.0000,0.5006,0.5006,0.5006,0.5006,0.0000,-0.0000,-9.8225,0.0000,0.0000,0.0000
940,3.7600,0.0000,-0.0000,-4.9044,0.0000,-0.0000,-4.9094,0.0000,-0.0000,-0.0939,0.7071,0.7071,0.0000,0.0000,0.0000,0.0000,-0.0000,0.5006,0.5006,0.5006,0.5006,0.0000,-0.0000,-9.8224,0.0000,0.0000,0.0000
941,3.7640,0.0000,-0.0000,-4.9048,0.0000,-0.0000,-4.9096,0.0000,-0.0000,-0.0940,0.7071,0.7071,0.0000,0.0000,0.0000,0.0000,-0.0000,0.5005,0.5005,0.5005,0.5005,0.0000,-0.0000,-9.8222,0.0000,0.0000,0.0000
942,3.7680,0.0000,-0.0000,-4.9051,0.0000,-0.0000,-4.9097,0.0000,-0.0000,-0.0940,0.7071,0.7071,0.0000,0.0000,0.0000,0.0000,-0.0000,0.5005,0.5005,0.5005,0.5005,0.0000,-0.0000,-9.8220,0.0000,0.0000,0.0000
943,3.7720,0.0000,-0.0000,-4.9055,0.0000,-0.0000,-4.9099,0.0000,-0.0000,-0.0941,0.7071,0.7071,0.0000,0.0000,0.0000,0.0000,-0.0000,0.5005,0.5005,0.5005,0.5005,0.0000,-0.0000,-9.8219,0.0000,0.0000,0.0000
944,3.7760,0.0000,-0.0000,-4.9059,0.0000,-0.0000,-4.9100,0.0000,-0.0000,-0.0941,0.7071,0.7071,0.0000,0.0000,0.0000,0.0000,-0.0000,0.5005,0.5005,0.5005,0.5005,0.0000,0.0000,-9.8217,0.0000,0.0000,0.0000
945,3.7800,0.0000,-0.0000,-4.9063,0.0000,-0.0000,-4.9102,0.0000,-0.0000,-0.0942,0.7071,0.7071,0.0000,0.0000,0.0000,0.0000,-0.0000,0.5005,0.5005,0.5005,0.5005,0.0000,-0.0000,-9.8216,0.0000,0.0000,0.0000
946,3.7840,0.0000,-0.0000,-4.9067,0.0000,-0.0000,-4.9103,0.0000,-0.0000,-0.0942,0.7071,0.7071,0.0000,0.0000,0.0000,0.0000,-0.0000,0.5005,0.5005,0.5005,0.5005,0.0000,-0.0000,-9.8214,0.0000,0.0000,0.0000
947,3.7880,0.0000,-0.0000,-4.9070,0.0000,-0.0000,-4.9105,0.0000,-0.0000,-0.0943,0.7071,0.7071,0.0000,0.0000,0.0000,0.0000,-0.0000,0.5005,0.5005,0.5005,0.5005,0.0000,0.0000,-9.8212,0.0000,0.0000,0.0000
948,3.7920,0.0000,-0.0000,-4.9074,0.0000,-0.0000,-4.9107,0.0000,-0.0000,-0.0943,0.7071,0.7071,0.0000,0.0000,0.0000,0.0000,-0.0000,0.5005,0.5005,0.5005,0.5005,0.0000,-0.0000,-9.8211,0.0000,0.0000,0.0000
949,3.7960,0.0000,-0.0000,-4.9078,0.0000,-0.0000,-4.9108,0.0000,-0.0000,-0.0944,0.7071,0.7071,0.0000,0.0000,0.0000,0.0000,-0.0000,0.5005,0.5005,0.5005,0.5005,0.0000,0.0000,-9.8209,0.0000,0.0000,0.0000
950,3.8000,0.0000,-0.0000,-4.9082,0.0000,-0.0000,-4.9110,0.0000,-0.0000,-0.0944,0.7071,0.7071,0.0000,0.0000,0.0000,0.0000,-0.0000,0.5005,0.5005,0.5005,0.5005,0.0000,0.0000,-9.8207,0.0000,0.0000,0.0000
951,3.8040,0.0000,-0.0000,-4.9085,0.0000,-0.0000,-4.9111,0.0000,-0.0000,-0.0944,0.7071,0.7071,0.0000,0.0000,0.0000,0.0000,-0.0000,0.5005,0.5005,0.5005,0.5005,0.0000,0.0000,-9.8206,0.0000,0.0000,0.0000
952,3.8080,0.0000,-0.0000,-4.9089,0.0000,-0.0000,-4.9113,0.0000,-0.0000,-0.0945,0.7071,0.7071,0.0000,0.0000,0.0000,0.0000,-0.0000,0.5004,0.5004,0.5004,0.5004,0.0000,0.0000,-9.8204,0.0000,0.0000,0.0000
953,3.8120,0.0000,-0.0000,-4.9093,0.0000,-0.0000,-4.9114,0.0000,-0.0000,-0.0945,0.7071,0.7071,0.0000,0.0000,0.0000,0.0000,-0.0000,0.5004,0.5004,0.5004,0.5004,0.0000,0.0000,-9.8202,0.0000,0.0000,0.0000
954,3.8160,0.0000,-0.0000,-4.9097,0.0000,-0.0000,-4.9116,0.0000,-0.0000,-0.0946,0.7071,0.7071,0.0000,0.0000,0.0000,0.0000,-0.0000,0.5004,0.5004,0.5004,0.5004,0.0000,0.0000,-9.8201,0.0000,0.0000,0.0000
955,3.8200,0.0000,-0.0000,-4.9101,0.0000,-0.0000,-4.9117,0.0000,-0.0000,-0.0946,0.7071,0.7071,0.0000,0.0000,0.0000,0.0000,-0.0000,0.5004,0.5004,0.5004,0.5004,0.0000,-0.0000,-9.8199,0.0000,0.0000,0.0000
956,3.8240,0.0000,-0.0000,-4.9104,0.0000,-0.0000,-4.9119,0.0000,-0.0000,-0.0946,0.7071,0.7071,0.0000,0.0000,0.0000,0.0000,-0.0000,0.5004,0.5004,0.5004,0.5004,0.0000,0.0000,-9.8197,0.0000,0.0000,0.0000
957,3.8280,0.0000,-0.0000,-4.9108,0.0000,-0.0000,-4.9121,0.0000,-0.0000,-0.0947,0.7071,0.7071,0.0000,0.0000,0.0000,0.0000,-0.0000,0.5004,0.5004,0.5004,0.5004,0.0000,-0.0000,-9.8196,0.0000,0.0000,0.0000
958,3.8320,0.0000,-0.0000,-4.9112,0.0000,-0.0000,-4.9122,0.0000,-0.0000,-0.0947,0.7071,0.7071,0.0000,0.0000,0.0000,0.0000,-0.0000,0.5004,0.5004,0.5004,0.5004,0.0000,0.0000,-9.8194,0.0000,0.0000,0.0000
959,3.8360,0.0000,-0.0000,-4.9116,0.0000,-0.0000,-4.9124,0.0000,-0.0000,-0.0947,0.7071,0.7071,0.0000,0.0000,0.0000,0.0000,-0.0000,0.5004,0.5004,0.5004,0.5004,0.0000,-0.0000,-9.8192,0.0000,0.0000,0.0000
960,3.8400,0.0000,-0.0000,-4.9119,0.0000,-0.0000,-4.9125,0.0000,-0.0000,-0.0948,0.7071,0.7071,0.0000,0.0000,0.0000,0.0000,-0.0000,0.5004,0.5004,0.5004,0.5004,0.0000,-0.0000,-9.8191,0.0000,0.0000,0.0000
961,3.8440,0.0000,-0.0000,-4.9123,0.0000,-0.0000,-4.9127,0.0000,-0.0000,-0.0948,0.7071,0.7071,0.0000,0.0000,0.0000,0.0000,-0.0000,0.5004,0.5004,0.5004,0.5004,0.0000,-0.0000,-9.8189,0.0000,0.0000,0.0000
962,3.8480,0.0000,-0.0000,-4.9127,0.0000,-0.0000,-4.9128,0.0000,-0.0000,-0.0949,0.7071,0.7071,0.0000,0.0000,0.0000,0.0000,-0.0000,0.5004,0.5004,0.5004,0.5004,0.0000,-0.0000,-9.8187,0.0000,0.0000,0.0000
963,3.8520,0.0000,-0.0000,-4.9131,0.0000,-0.0000,-4.9130,0.0000,-0.0000,-0.0949,0.7071,0.7071,0.0000,0.0000,0.0000,0.0000,-0.0000,0.5004,0.5004,0.5004,0.5004,0.0000,-0.0000,-9.8186,0.0000,0.0000,0.0000
964,3.8560,0.0000,-0.0000,-4.9135,0.0000,-0.0000,-4.9132,0.0000,-0.0000,-0.0949,0.7071,0.7071,0.0000,0.0000,0.0000,0.0000,-0.0000,0.5003,0.5003,0.5003,0.5003,0.0000,0.0000,-9.8184,0.0000,0.0000,0.0000
965,3.8600,0.0000,-0.0000,-4.9138,0.0000,-0.0000,-4.9133,0.0000,-0.0000,-0.0950,0.7071,0.7071,0.0000,0.0000,0.0000,0.0000,-0.0000,0.5003,0.5003,0.5003,0.5003,0.0000,0.0000,-9.8182,0.0000,0.0000,0.0000
966,3.8640,0.0000,-0.0000,-4.9142,0.0000,-0.0000,-4.9135,0.0000,-0.0000,-0.0950,0.7071,0.7071,0.0000,0.0000,0.0000,0.0000,-0.0000,0.5003,0.5003,0.5003,0.5003,0.0000,-0.0000,-9.8180,0.0000,0.0000,0.0000
967,3.8680,0.0000,-0.0000,-4.9146,0.0000,-0.0000,-4.9136,0.0000,-0.0000,-0.0950,0.7071,0.7071,0.0000,0.0000,0.0000,0.0000,-0.0000,0.5003,0.5003,0.5003,0.5003,0.0000,0.0000,-9.8179,0.0000,0.0000,0.0000
968,3.8720,0.0000,-0.0000,-4.9150,0.0000,-0.0000,-4.9138,0.0000,-0.0000,-0.0950,0.7071,0.7071,0.0000,0.0000,0.0000,0.0000,-0.0000,0.5003,0.5003,0.5003,0.5003,0.0000,0.0000,-9.8177,0.0000,0.0000,0.0000
969,3.8760,0.0000,-0.0000,-4.9154,0.0000,-0.0000,-4.9139,0.0000,-0.0000,-0.0951,0.7071,0.7071,0.0000,0.0000,0.0000,0.0000,-0.0000,0.5003,0.5003,0.5003,0.5003,0.0000,0.0000,-9.8175,0.0000,0.0000,0.0000
970,3.8800,0.0000,-0.0000,-4.9157,0.0000,-0.0000,-4.9141,0.0000,-0.0000,-0.0951,0.7071,0.7071,0.0000,0.0000,0.0000,0.0000,-0.0000,0.5003,0.5003,0.5003,0.5003,0.0000,0.0000,-9.8174,0.0000,0.0000,0.0000
971,3.8840,0.0000,-0.0000,-4.9161,0.0000,-0.0000,-4.9143,0.0000,-0.0000,-0.0951,0.7071,0.7071,0.0000,0.0000,0.0000,0.0000,-0.0000,0.5003,0.5003,0.5003,0.5003,0.0000,-0.0000,-9.8172,0.0000,0.0000,0.0000
972,3.8880,0.0000,-0.0000,-4.9165,0.0000,-0.0000,-4.9144,0.0000,-0.0000,-0.0952,0.7071,0.7071,0.0000,0.0000,0.0000,0.0000,-0.0000,0.5003,0.5003,0.5003,0.5003,0.0000,0.0000,-9.8170,0.0000,0.0000,0.0000
973,3.8920,0.0000,-0.0000,-4.9169,0.0000,-0.0000,-4.9146,0.0000,-0.0000,-0.0952,0.7071,0.7071,0.0000,0.0000,0.0000,0.0000,-0.0000,0.5003,0.5003,0.5003,0.5003,0.0000,0.0000,-9.8168,0.0000,0.0000,0.0000
974,3.8960,0.0000,-0.0000,-4.9173,0.0000,-0.0000,-4.9147,0.0000,-0.0000,-0.0952,0.7071,0.7071,0.0000,0.0000,0.0000,0.0000,-0.0000,0.5003,0.5003,0.5003,0.5003,0.0000,0.0000,-9.8167,0.0000,0.0000,0.0000
975,3.9000,0.0000,-0.0000,-4.9176,0.0000,-0.0000,-4.9149,0.0000,-0.0000,-0.0952,0.7071,0.7071,0.0000,0.0000,0.0000,0.0000,-0.0000,0.5002,0.5002,0.5002,0.5002,0.0000,0.0000,-9.8165,0.0000,0.0000,0.0000
976,3.9040,0.0000,-0.0000,-4.9180,0.0000,-0.0000,-4.9150,0.0000,-0.0000,-0.0953,0.7071,0.7071,0.0000,0.0000,0.0000,0.0000,-0.0000,0.5002,0.5002,0.5002,0.5002,0.0000,-0.0000,-9.8163,0.0000,0.0000,0.0000
977,3.9080,0.0000,-0.0000,-4.9184,0.0000,-0.0000,-4.9152,0.0000,-0.0000,-0.0953,0.7071,0.7071,0.0000,0.0000,0.0000,0.0000,-0.0000,0.5002,0.5002,0.5002,0.5002,0.0000,0.0000,-9.8161,0.0000,0.0000,0.0000
978,3.9120,0.0000,-0.0000,-4.9188,0.0000,-0.0000,-4.9154,0.0000,-0.0000,-0.0953,0.7071,0.7071,0.0000,0.0000,0.0000,0.0000,-0.0000,0.5002,0.5002,0.5002,0.5002,0.0000,-0.0000,-9.8160,0.0000,0.0000,0.0000
979,3.9160,0.0000,-0.0000,-4.9192,0.0000,-0.0000,-4.9155,0.0000,-0.0000,-0.0953,0.7071,0.7071,0.0000,0.0000,0.0000,0.0000,-0.0000,0.5002,0.5002,0.5002,0.5002,0.0000,-0.0000,-9.8158,0.0000,0.0000,0.0000
980,3.9200,0.0000,-0.0000,-4.9196,0.0000,-0.0000,-4.9157,0.0000,-0.0000,-0.0954,0.7071,0.7071,0.0000,0.0000,0.0000,0.0000,-0.0000,0.5002,0.5002,0.5002,0.5002,0.0000,0.0000,-9.8156,0.0000,0.0000,0.0000
981,3.9240,0.0000,-0.0000,-4.9199,0.0000,-0.0000,-4.9158,0.0000,-0.0000,-0.0954,0.7071,0.7071,0.0000,0.0000,0.0000,0.0000,-0.0000,0.5002,0.5002,0.5002,0.5002,0.0000,0.0000,-9.8154,0.0000,0.0000,0.0000
982,3.9280,0.0000,-0.0000,-4.9203,0.0000,-0.0000,-4.9160,0.0000,-0.0000,-0.0954,0.7071,0.7071,0.0000,0.0000,0.0000,0.0000,-0.0000,0.5002,0.5002,0.5002,0.5002,0.0000,0.0000,-9.8152,0.0000,0.0000,0.0000
983,3.9320,0.0000,-0.0000,-4.9207,0.0000,-0.0000,-4.9162,0.0000,-0.0000,-0.0954,0.7071,0.7071,0.0000,0.0000,0.0000,0.0000,-0.0000,0.5002,0.5002,0.5002,0.5002,0.0000,0.0000,-9.8151,0.0000,0.0000,0.0000
984,3.9360,0.0000,-0.0000,-4.9211,0.0000,-0.0000,-4.9163,0.0000,-0.0000,-0.0954,0.7071,0.7071,0.0000,0.0000,0.0000,0.0000,-0.0000,0.5002,0.5002,0.5002,0.5002,0.0000,0.0000,-9.8149,0.0000,0.0000,0.0000
985,3.9400,0.0000,-0.0000,-4.9215,0.0000,-0.0000,-4.9165,0.0000,-0.0000,-0.0954,0.7071,0.7071,0.0000,0.0000,0.0000,0.0000,-0.0000,0.5001,0.5001,0.5001,0.5001,0.0000,-0.0000,-9.8147,0.0000,0.0000,0.0000
986,3.9440,0.0000,-0.0000,-4.9218,0.0000,-0.0000,-4.9166,0.0000,-0.0000,-0.0955,0.7071,0.7071,0.0000,0.0000,0.0000,0.0000,-0.0000,0.5001,0.5001,0.5001,0.5001,0.0000,-0.0000,-9.8145,0.0000,0.0000,0.0000
987,3.9480,0.0000,-0.0000,-4.9222,0.0000,-0.0000,-4.9168,0.0000,-0.0000,-0.0955,0.7071,0.7071,0.0000,0.0000,0.0000,0.0000,-0.0000,0.5001,0.5001,0.5001,0.5001,0.0000,0.0000,-9.8143,0.0000,0.0000,0.0000
988,3.9520,0.0000,-0.0000,-4.9226,0.0000,-0.0000,-4.9170,0.0000,-0.0000,-0.0955,0.7071,0.7071,0.0000,0.0000,0.0000,0.0000,-0.0000,0.5001,0.5001,0.5001,0.5001,0.0000,0.0000,-9.8142,0.0000,0.0000,0.0000
989,3.9560,0.0000,-0.0000,-4.9230,0.0000,-0.0000,-4.9171,0.0000,-0.0000,-0.0955,0.7071,0.7071,0.0000,0.0000,0.0000,0.0000,-0.0000,0.5001,0.5001,0.5001,0.5001,0.0000,0.0000,-9.8140,0.0000,0.0000,0.0000
990,3.9600,0.0000,-0.0000,-4.9234,0.0000,-0.0000,-4.9173,0.0000,-0.0000,-0.0955,0.7071,0.7071,0.0000,0.0000,0.0000,0.0000,-0.0000,0.5001,0.5001,0.5001,0.5001,0.0000,0.0000,-9.8138,0.0000,0.0000,0.0000
991,3.9640,0.0000,-0.0000,-4.9238,0.0000,-0.0000,-4.9174,0.0000,-0.0000,-0.0955,0.7071,0.7071,0.0000,0.0000,0.0000,0.0000,-0.0000,0.5001,0.5001,0.5001,0.5001,0.0000,0.0000,-9.8136,0.0000,0.0000,0.0000
992,3.9680,0.0000,-0.0000,-4.9241,0.0000,-0.0000,-4.9176,0.0000,-0.0000,-0.0956,0.7071,0.7071,0.0000,0.0000,0.0000,0.0000,-0.0000,0.5001,0.5001,0.5001,0.5001,0.0000,-0.0000,-9.8134,0.0000,0.0000,0.0000
993,3.9720,0.0000,-0.0000,-4.9245,0.0000,-0.0000,-4.9178,0.0000,-0.0000,-0.0956,0.7071,0.7071,0.0000,0.0000,0.0000,0.0000,-0.0000,0.5001,0.5001,0.5001,0.5001,0.0000,-0.0000,-9.8132,0.0000,0.0000,0.0000
994,3.9760,0.0000,-0.0000,-4.9249,0.0000,-0.0000,-4.9179,0.0000,-0.0000,-0.0956,0.7071,0.7071,0.0000,0.0000,0.0000,0.0000,-0.0000,0.5001,0.5001,0.5001,0.5001,0.0000,0.0000,-9.8131,0.0000,0.0000,0.0000
995,3.9800,0.0000,-0.0000,-4.9253,0.0000,-0.0000,-4.9181,0.0000,-0.0000,-0.0956,0.7071,0.7071,0.0000,0.0000,0.0000,0.0000,-0.0000,0.5001,0.5001,0.5001,0.5001,0.0000,-0.0000,-9.8129,0.0000,0.0000,0.0000
996,3.9840,0.0000,-0.0000,-4.9257,0.0000,-0.0000,-4.9182,0.0000,-0.0000,-0.0956,0.7071,0.7071,0.0000,0.0000,0.0000,0.0000,-0.0000,0.5000,0.5000,0.5000,0.5000,0.0000,-0.0000,-9.8127,0.0000,0.0000,0.0000
997,3.9880,0.0000,-0.0000,-4.9260,0.0000,-0.0000,-4.9184,0.0000,-0.0000,-0.0956,0.7071,0.7071,0.0000,0.0000,0.0000,0.0000,-0.0000,0.5000,0.5000,0.5000,0.5000,0.0000,0.0000,-9.8125,0.0000,0.0000,0.0000
998,3.9920,0.0000,-0.0000,-4.9264,0.0000,-0.0000,-4.9186,0.0000,-0.0000,-0.0956,0.7071,0.7071,0.0000,0.0000,0.0000,0.0000,-0.0000,0.5000,0.5000,0.5000,0.5000,0.0000,0.0000,-9.8123,0.0000,0.0000,0.0000
999,3.9960,0.0000,-0.0000,-4.9268,0.0000,-0.0000,-4.9187,0.0000,-0.0000,-0.0956,0.7071,0.7071,0.0000,0.0000,0.0000,0.0000,-0.0000,0.5000,0.5000,0.5000,0.5000,0.0000,0.0000,-9.8121,0.0000,0.0000,0.0000
1000,4.0000,0.0000,-0.0000,-4.9272,0.0000,-0.0000,-4.9189,0.0000,-0.0000,-0.0956,0.7071,0.7071,0.0000,0.0000,0.0000,0.0000,-0.0000,0.5000,0.5000,0.5000,0.5000,0.0000,0.0000,-9.8120,0.0000,0.0000,0.0000
1001,4.0040,0.0000,-0.0000,-4.9276,0.0000,-0.0000,-4.9190,0.0000,-0.0000,-0.0956,0.7071,0.7071,0.0000,0.0000,0.0000,0.0000,-0.0000,0.5000,0.5000,0.5000,0.5000,0.0000,-0.0000,-9.8118,0.0000,0.0000,0.0000
1002,4.0080,0.0000,-0.0000,-4.9280,0.0000,-0.0000,-4.9192,0.0000,-0.0000,-0.0956,0.7071,0.7071,0.0000,0.0000,0.0000,0.0000,-0.0000,0.5000,0.5000,0.5000,0.5000,0.0000,-0.0000,-9.8116,0.0000,0.0000,0.0000
1003,4.0120,0.0000,-0.0000,-4.9283,0.0000,-0.0000,-4.9194,0.0000,-0.0000,-0.0956,0.7071,0.7071,0.0000,0.0000,0.0000,0.0000,-0.0000,0.5000,0.5000,0.5000,0.5000,0.0000,0.0000,-9.8114,0.0000,0.0000,0.0000
1004,4.0160,0.0000,-0.0000,-4.9287,0.0000,-0.0000,-4.9195,0.0000,-0.0000,-0.0957,0.7071,0.7071,0.0000,0.0000,0.0000,0.0000,-0.0000,0.5000,0.5000,0.5000,0.5000,0.0000,-0.0000,-9.8112,0.0000,0.0000,0.0000
1005,4.0200,0.0000,-0.0000,-4.9291,0.0000,-0.0000,-4.9197,0.0000,-0.0000,-0.0957,0.7071,0.7071,0.0000,0.0000,0.0000,0.0000,-0.0000,0.5000,0.5000,0.5000,0.5000,0.0000,0.0000,-9.8110,0.0000,0.0000,0.0000
1006,4.0240,0.0000,-0.0000,-4.9295,0.0000,-0.0000,-4.9199,0.0000,-0.0000,-0.0957,0.7071,0.7071,0.0000,0.0000,0.0000,0.0000,-0.0000,0.4999,0.4999,0.4999,0.4999,0.0000,-0.0000,-9.8108,0.0000,0.0000,0.0000
1007,4.0280,0.0000,-0.0000,-4.9299,0.0000,-0.0000,-4.9200,0.0000,-0.0000,-0.0957,0.7071,0.7071,0.0000,0.0000,0.0000,0.0000,-0.0000,0.4999,0.4999,0.4999,0.4999,0.0000,-0.0000,-9.8106,0.0000,0.0000,0.0000
1008,4.0320,0.0000,-0.0000,-4.9303,0.0000,-0.0000,-4.9202,0.0000,-0.0000,-0.0957,0.7071,0.7071,0.0000,0.0000,0.0000,0.0000,-0.0000,0.4999,0.4999,0.4999,0.4999,0.0000,-0.0000,-9.8105,0.0000,0.0000,0.0000
1009,4.0360,0.0000,-0.0000,-4.9306,0.0000,-0.0000,-4.9203,0.0000,-0.0000,-0.0957,0.7071,0.7071,0.0000,0.0000,0.0000,0.0000,-0.0000,0.4999,0.4999,0.4999,0.4999,0.0000,0.0000,-9.8103,0.0000,0.0000,0.0000
1010,4.0400,0.0000,-0.0000,-4.9310,0.0000,-0.0000,-4.9205,0.0000,-0.0000,-0.0957,0.7071,0.7071,0.0000,0.0000,0.0000,0.0000,-0.0000,0.4999,0.4999,0.4999,0.4999,0.0000,0.0000,-9.8101,0.0000,0.0000,0.0000
1011,4.0440,0.0000,-0.0000,-4.9314,0.0000,-0.0000,-4.9207,0.0000,-0.0000,-0.0957,0.7071,0.7071,0.0000,0.0000,0.0000,0.0000,-0.0000,0.4999,0.4999,0.4999,0.4999,0.0000,-0.0000,-9.8099,0.0000,0.0000,0.0000
1012,4.0480,0.0000,-0.0000,-4.9318,0.0000,-0.0000,-4.9208,0.0000,-0.0000,-0.0957,0.7071,0.7071,0.0000,0.0000,0.0000,0.0000,-0.0000,0.4999,0.4999,0.4999,0.4999,0.0000,0.0000,-9.8097,0.0000,0.0000,0.0000
1013,4.0520,0.0000,-0.0000,-4.9322,0.0000,-0.0000,-4.9210,0.0000,-0.0000,-0.0957,0.7071,0.7071,0.0000,0.0000,0.0000,0.0000,-0.0000,0.4999,0.4999,0.4999,0.4999,0.0000,-0.0000,-9.8095,0.0000,0.0000,0.0000
1014,4.0560,0.0000,-0.0000,-4.9326,0.0000,-0.0000,-4.9212,0.0000,-0.0000,-0.0957,0.7071,0.7071,0.0000,0.0000,0.0000,0.0000,-0.0000,0.4999,0.4999,0.4999,0.4999,0.0000,0.0000,-9.8093,0.0000,0.0000,0.0000
1015,4.0600,0.0000,-0.0000,-4.9329,0.0000,-0.0000,-4.9213,0.0000,-0.0000,-0.0956,0.7071,0.7071,0.0000,0.0000,0.0000,0.0000,-0.0000,0.4999,0.4999,0.4999,0.4999,0.0000,0.0000,-9.8091,0.0000,0.0000,0.0000
1016,4.0640,0.0000,-0.0000,-4.9333,0.0000,-0.0000,-4.9215,0.0000,-0.0000,-0.0956,0.7071,0.7071,0.0000,0.0000,0.0000,0.0000,-0.0000,0.4998,0.4998,0.4998,0.4998,0.0000,0.0000,-9.8089,0.0000,0.0000,0.0000
1017,4.0680,0.0000,-0.0000,-4.9337,0.0000,-0.0000,-4.9217,0.0000,-0.0000,-0.0956,0.7071,0.7071,0.0000,0.0000,0.0000,0.0000,-0.0000,0.4998,0.4998,0.4998,0.4998,0.0000,0.0000,-9.8087,0.0000,0.0000,0.0000
1018,4.0720,0.0000,-0.0000,-4.9341,0.0000,-0.0000,-4.9218,0.0000,-0.0000,-0.0956,0.7071,0.7071,0.0000,0.0000,0.0000,0.0000,-0.0000,0.4998,0.4998,0.4998,0.4998,0.0000,-0.0000,-9.8086,0.0000,0.0000,0.0000
1019,4.0760,0.0000,-0.0000,-4.9345,0.0000,-0.0000,-4.9220,0.0000,-0.0000,-0.0956,0.7071,0.7071,0.0000,0.0000,0.0000,0.0000,-0.0000,0.4998,0.4998,0.4998,0.4998,0.0000,-0.0000,-9.8084,0.0000,0.0000,0.0000
1020,4.0800,0.0000,-0.0000,-4.9348,0.0000,-0.0000,-4.9222,0.0000,-0.0000,-0.0956,0.7071,0.7071,0.0000,0.0000,0.0000,0.0000,-0.0000,0.4998,0.4998,0.4998,0.4998,0.0000,-0.0000,-9.8082,0.0000,0.0000,0.0000
1021,4.0840,0.0000,-0.0000,-4.9352,0.0000,-0.0000,-4.9223,0.0000,-0.0000,-0.0956,0.7071,0.7071,0.0000,0.0000,0.0000,0.0000,-0.0000,0.4998,0.4998,0.4998,0.4998,0.0000,-0.0000,-9.8080,0.0000,0.0000,0.0000
1022,4.0880,0.0000,-0.0000,-4.9356,0.0000,-0.0000,-4.9225,0.0000,-0.0000,-0.0956,0.7071,0.7071,0.0000,0.0000,0.0000,0.0000,-0.0000,0.4998,0.4998,0.4998,0.4998,0.0000,-0.0000,-9.8078,0.0000,0.0000,0.0000
1023,4.0920,0.0000,-0.0000,-4.9360,0.0000,-0.0000,-4.9227,0.0000,-0.0000,-0.0956,0.7071,0.7071,0.0000,0.0000,0.0000,0.0000,-0.0000,0.4998,0.4998,0.4998,0.4998,0.0000,0.0000,-9.8076,0.0000,0.0000,0.0000
1024,4.0960,0.0000,-0.0000,-4.9364,0.0000,-0.0000,-4.9228,0.0000,-0.0000,-0.0956,0.7071,0.7071,0.0000,0.0000,0.0000,0.0000,-0.0000,0.4998,0.4998,0.4998,0.4998,0.0000,-0.0000,-9.8074,0.0000,0.0000,0.0000
1025,4.1000,0.0000,-0.0000,-4.9368,0.0000,-0.0000,-4.9230,0.0000,-0.0000,-0.0956,0.7071,0.7071,0.0000,0.0000,0.0000,0.0000,-0.0000,0.4998,0.4998,0.4998,0.4998,0.0000,-0.0000,-9.8072,0.0000,0.0000,0.0000
1026,4.1040,0.0000,-0.0000,-4.9371,0.0000,-0.0000,-4.9231,0.0000,-0.0000,-0.0956,0.7071,0.7071,0.0000,0.0000,0.0000,0.0000,-0.0000,0.4997,0.4997,0.4997,0.4997,0.0000,0.0000,-9.8070,0.0000,0.0000,0.0000
1027,4.1080,0.0000,-0.0000,-4.9375,0.0000,-0.0000,-4.9233,0.0000,-0.0000,-0.0955,0.7071,0.7071,0.0000,0.0000,0.0000,0.0000,-0.0000,0.4997,0.4997,0.4997,0.4997,0.0000,0.0000,-9.8068,0.0000,0.0000,0.0000
1028,4.1120,0.0000,-0.0000,-4.9379,0.0000,-0.0000,-4.9235,0.0000,-0.0000,-0.0955,0.7071,0.7071,0.0000,0.0000,0.0000,0.0000,-0.0000,0.4997,0.4997,0.4997,0.4997,0.0000,-0.0000,-9.8066,0.0000,0.0000,0.0000
1029,4.1160,0.0000,-0.0000,-4.9383,0.0000,-0.0000,-4.9236,0.0000,-0.0000,-0.0955,0.7071,0.7071,0.0000,0.0000,0.0000,0.0000,-0.0000,0.4997,0.4997,0.4997,0.4997,0.0000,0.0000,-9.8064,0.0000,0.0000,0.0000
1030,4.1200,0.0000,-0.0000,-4.9387,0.0000,-0.0000,-4.9238,0.0000,-0.0000,-0.0955,0.7071,0.7071,0.0000,0.0000,0.0000,0.0000,-0.0000,0.4997,0.4997,0.4997,0.4997,0.0000,0.0000,-9.8062,0.0000,0.0000,0.0000
1031,4.1240,0.0000,-0.0000,-4.9391,0.0000,-0.0000,-4.9240,0.0000,-0.0000,-0.0955,0.7071,0.7071,0.0000,0.0000,0.0000,0.0000,-0.0000,0.4997,0.4997,0.4997,0.4997,0.0000,-0.0000,-9.8060,0.0000,0.0000,0.0000
1032,4.1280,0.0000,-0.0000,-4.9394,0.0000,-0.0000,-4.9241,0.0000,-0.0000,-0.0955,0.7071,0.7071,0.0000,0.0000,0.0000,0.0000,-0.0000,0.4997,0.4997,0.4997,0.4997,0.0000,0.0000,-9.8058,0.0000,0.0000,0.0000
1033,4.1320,0.0000,-0.0000,-4.9398,0.0000,-0.0000,-4.9243,0.0000,-0.0000,-0.0954,0.7071,0.7071,0.0000,0.0000,0.0000,0.0000,-0.0000,0.4997,0.4997,0.4997,0.4997,0.0000,0.0000,-9.8056,0.0000,0.0000,0.0000
1034,4.1360,0.0000,-0.0000,-4.9402,0.0000,-0.0000,-4.9245,0.0000,-0.0000,-0.0954,0.7071,0.7071,0.0000,0.0000,0.0000,0.0000,-0.0000,0.4997,0.4997,0.4997,0.4997,0.0000,0.0000,-9.8054,0.0000,0.0000,0.0000
1035,4.1400,0.0000,-0.0000,-4.9406,0.0000,-0.0000,-4.9246,0.0000,-0.0000,-0.0954,0.7071,0.7071,0.0000,0.0000,0.0000,0.0000,-0.0000,0.4997,0.4997,0.4997,0.4997,0.0000,-0.0000,-9.8052,0.0000,0.0000,0.0000
1036,4.1440,0.0000,-0.0000,-4.9410,0.0000,-0.0000,-4.9248,0.0000,-0.0000,-0.0954,0.7071,0.7071,0.0000,0.0000,0.0000,0.0000,-0.0000,0.4996,0.4996,0.4996,0.4996,0.0000,0.0000,-9.8050,0.0000,0.0000,0.0000
1037,4.1480,0.0000,-0.0000,-4.9413,0.0000,-0.0000,-4.9250,0.0000,-0.0000,-0.0954,0.7071,0.7071,0.0000,0.0000,0.0000,0.0000,-0.0000,0.4996,0.4996,0.4996,0.4996,0.0000,-0.0000,-9.8049,0.0000,0.0000,0.0000
1038,4.1520,0.0000,-0.0000,-4.9417,0.0000,-0.0000,-4.9252,0.0000,-0.0000,-0.0953,0.7071,0.7071,0.0000,0.0000,0.0000,0.0000,-0.0000,0.4996,0.4996,0.4996,0.4996,0.0000,-0.0000,-9.8047,0.0000,0.0000,0.0000
1039,4.1560,0.0000,-0.0000,-4.9421,0.0000,-0.0000,-4.9253,0.0000,-0.0000,-0.0953,0.7071,0.7071,0.0000,0.0000,0.0000,0.0000,-0.0000,0.4996,0.4996,0.4996,0.4996,0.0000,-0.0000,-9.8045,0.0000,0.0000,0.0000
1040,4.1600,0.0000,-0.0000,-4.9425,0.0000,-0.0000,-4.9255,0.0000,-0.0000,-0.0953,0.7071,0.7071,0.0000,0.0000,0.0000,0.0000,-0.0000,0.4996,0.4996,0.4996,0.4996,0.0000,-0.0000,-9.8043,0.0000,0.0000,0.0000
1041,4.1640,0.0000,-0.0000,-4.9429,0.0000,-0.0000,-4.9257,0.0000,-0.0000,-0.0953,0.7071,0.7071,0.0000,0.0000,0.0000,0.0000,-0.0000,0.4996,0.4996,0.4996,0.4996,0.0000,0.0000,-9.8041,0.0000,0.0000,0.0000
1042,4.1680,0.0000,-0.0000,-4.9432,0.0000,-0.0000,-4.9258,0.0000,-0.0000,-0.0952,0.7071,0.7071,0.0000,0.0000,0.0000,0.0000,-0.0000,0.4996,0.4996,0.4996,0.4996,0.0000,-0.0000,-9.8039,0.0000,0.0000,0.0000
1043,4.1720,0.0000,-0.0000,-4.9436,0.0000,-0.0000,-4.9260,0.0000,-0.0000,-0.0952,0.7071,0.7071,0.0000,0.0000,0.0000,0.0000,-0.0000,0.4996,0.4996,0.4996,0.4996,0.0000,0.0000,-9.8037,0.0000,0.0000,0.0000
1044,4.1760,0.0000,-0.0000,-4.9440,0.0000,-0.0000,-4.9262,0.0000,-0.0000,-0.0952,0.7071,0.7071,0.0000,0.0000,0.0000,0.0000,-0.0000,0.4996,0.4996,0.4996,0.4996,0.0000,0.0000,-9.8035,0.0000,0.0000,0.0000
1045,4.1800,0.0000,-0.0000,-4.9444,0.0000,-0.0000,-4.9263,0.0000,-0.0000,-0.0952,0.7071,0.7071,0.0000,0.0000,0.0000,0.0000,-0.0000,0.4996,0.4996,0.4996,0.4996,0.0000,-0.0000,-9.8033,0.0000,0.0000,0.0000
1046,4.1840,0.0000,-0.0000,-4.9448,0.0000,-0.0000,-4.9265,0.0000,-0.0000,-0.0951,0.7071,0.7071,0.0000,0.0000,0.0000,0.0000,-0.0000,0.4995,0.4995,0.4995,0.4995,0.0000,-0.0000,-9.8031,0.0000,0.0000,0.0000
1047,4.1880,0.0000,-0.0000,-4.9452,0.0000,-0.0000,-4.9267,0.0000,-0.0000,-0.0951,0.7071,0.7071,0.0000,0.0000,0.0000,0.0000,-0.0000,0.4995,0.4995,0.4995,0.4995,0.0000,0.0000,-9.8029,0.0000,0.0000,0.0000
1048,4.1920,0.0000,-0.0000,-4.9455,0.0000,-0.0000,-4.9268,0.0000,-0.0000,-0.0951,0.7071,0.7071,0.0000,0.0000,0.0000,0.0000,-0.0000,0.4995,0.4995,0.4995,0.4995,0.0000,0.0000,-9.8027,0.0000,0.0000,0.0000
1049,4.1960,0.0000,-0.0000,-4.9459,0.0000,-0.0000,-4.9270,0.0000,-0.0000,-0.0950,0.7071,0.7071,0.0000,0.0000,0.0000,0.0000,-0.0000,0.4995,0.4995,0.4995,0.4995,0.0000,0.0000,-9.8025,0.0000,0.0000,0.0000
1050,4.2000,0.0000,-0.0000,-4.9463,0.0000,-0.0000,-4.9272,0.0000,-0.0000,-0.0950,0.7071,0.7071,0.0000,0.0000,0.0000,0.0000,-0.0000,0.4995,0.4995,0.4995,0.4995,0.0000,-0.0000,-9.8023,0.0000,0.0000,0.0000
1051,4.2040,0.0000,-0.0000,-4.9467,0.0000,-0.0000,-4.9274,0.0000,-0.0000,-0.0950,0.7071,0.7071,0.0000,0.0000,0.0000,0.0000,-0.0000,0.4995,0.4995,0.4995,0.4995,0.0000,0.0000,-9.8021,0.0000,0.0000,0.0000
1052,4.2080,0.0000,-0.0000,-4.9471,0.0000,-0.0000,-4.9275,0.0000,-0.0000,-0.0949,0.7071,0.7071,0.0000,0.0000,0.0000,0.0000,-0.0000,0.4995,0.4995,0.4995,0.4995,0.0000,-0.0000,-9.8019,0.0000,0.0000,0.0000
1053,4.2120,0.0000,-0.0000,-4.9474,0.0000,-0.0000,-4.9277,0.0000,-0.0000,-0.0949,0.7071,0.7071,0.0000,0.0000,0.0000,0.0000,-0.0000,0.4995,0.4995,0.4995,0.4995,0.0000,0.0000,-9.8017,0.0000,0.0000,0.0000
1054,4.2160,0.0000,-0.0000,-4.9478,0.0000,-0.0000,-4.9279,0.0000,-0.0000,-0.0949,0.7071,0.7071,0.0000,0.0000,0.0000,0.0000,-0.0000,0.4995,0.4995,0.4995,0.4995,0.0000,0.0000,-9.8015,0.0000,0.0000,0.0000
1055,4.2200,0.0000,-0.0000,-4.9482,0.0000,-0.0000,-4.9280,0.0000,-0.0000,-0.0948,0.7071,0.7071,0.0000,0.0000,0.0000,0.0000,-0.0000,0.4994,0.4994,0.4994,0.4994,0.0000,0.0000,-9.8013,0.0000,0.0000,0.0000
1056,4.2240,0.0000,-0.0000,-4.9486,0.0000,-0.0000,-4.9282,0.0000,-0.0000,-0.0948,0.7071,0.7071,0.0000,0.0000,0.0000,0.0000,-0.0000,0.4994,0.4994,0.4994,0.4994,0.0000,-0.0000,-9.8011,0.0000,0.0000,0.0000
1057,4.2280,0.0000,-0.0000,-4.9489,0.0000,-0.0000,-4.9284,0.0000,-0.0000,-0.0948,0.7071,0.7071,0.0000,0.0000,0.0000,0.0000,-0.0000,0.4994,0.4994,0.4994,0.4994,0.0000,-0.0000,-9.8009,0.0000,0.0000,0.0000
1058,4.2320,0.0000,-0.0000,-4.9493,0.0000,-0.0000,-4.9285,0.0000,-0.0000,-0.0947,0.7071,0.7071,0.0000,0.0000,0.0000,0.0000,-0.0000,0.4994,0.4994,0.4994,0.4994,0.0000,0.0000,-9.8006,0.0000,0.0000,0.0000
1059,4.2360,0.0000,-0.0000,-4.9497,0.0000,-0.0000,-4.9287,0.0000,-0.0000,-0.0947,0.7071,0.7071,0.0000,0.0000,0.0000,0.0000,-0.0000,0.4994,0.4994,0.4994,0.4994,0.0000,-0.0000,-9.8004,0.0000,0.0000,0.0000
1060,4.2400,0.0000,-0.0000,-4.9501,0.0000,-0.0000,-4.9289,0.0000,-0.0000,-0.0946,0.7071,0.7071,0.0000,0.0000,0.0000,0.0000,-0.0000,0.4994,0.4994,0.4994,0.4994,0.0000,0.0000,-9.8002,0.0000,0.0000,0.0000
1061,4.2440,0.0000,-0.0000,-4.9505,0.0000,-0.0000,-4.9291,0.0000,-0.0000,-0.0946,0.7071,0.7071,0.0000,0.0000,0.0000,0.0000,-0.0000,0.4994,0.4994,0.4994,0.4994,0.0000,-0.0000,-9.8000,0.0000,0.0000,0.0000
1062,4.2480,0.0000,-0.0000,-4.9508,0.0000,-0.0000,-4.9292,0.0000,-0.0000,-0.0946,0.7071,0.7071,0.0000,0.0000,0.0000,0.0000,-0.0000,0.4994,0.4994,0.4994,0.4994,0.0000,0.0000,-9.7998,0.0000,0.0000,0.0000
1063,4.2520,0.0000,-0.0000,-4.9512,0.0000,-0.0000,-4.9294,0.0000,-0.0000,-0.0945,0.7071,0.7071,0.0000,0.0000,0.0000,0.0000,-0.0000,0.4994,0.4994,0.4994,0.4994,0.0000,0.0000,-9.7996,0.0000,0.0000,0.0000
1064,4.2560,0.0000,-0.0000,-4.9516,0.0000,-0.0000,-4.9296,0.0000,-0.0000,-0.0945,0.7071,0.7071,0.0000,0.0000,0.0000,0.0000,-0.0000,0.4994,0.4994,0.4994,0.4994,0.0000,-0.0000,-9.7994,0.0000,0.0000,0.0000
1065,4.2600,0.0000,-0.0000,-4.9520,0.0000,-0.0000,-4.9298,0.0000,-0.0000,-0.0944,0.7071,0.7071,0.0000,0.0000,0.0000,0.0000,-0.0000,0.4993,0.4993,0.4993,0.4993,0.0000,-0.0000,-9.7992,0.0000,0.0000,0.0000
1066,4.2640,0.0000,-0.0000,-4.9524,0.0000,-0.0000,-4.9299,0.0000,-0.0000,-0.0944,0.7071,0.7071,0.0000,0.0000,0.0000,0.0000,-0.0000,0.4993,0.4993,0.4993,0.4993,0.0000,-0.0000,-9.7990,0.0000,0.0000,0.0000
1067,4.2680,0.0000,-0.0000,-4.9527,0.0000,-0.0000,-4.9301,0.0000,-0.0000,-0.0943,0.7071,0.7071,0.0000,0.0000,0.0000,0.0000,-0.0000,0.4993,0.4993,0.4993,0.4993,0.0000,-0.0000,-9.7988,0.0000,0.0000,0.0000
1068,4.2720,0.0000,-0.0000,-4.9531,0.0000,-0.0000,-4.9303,0.0000,-0.0000,-0.0943,0.7071,0.7071,0.0000,0.0000,0.0000,0.0000,-0.0000,0.4993,0.4993,0.4993,0.4993,0.0000,-0.0000,-9.7986,0.0000,0.0000,0.0000
1069,4.2760,0.0000,-0.0000,-4.9535,0.0000,-0.0000,-4.9304,0.0000,-0.0000,-0.0943,0.7071,0.7071,0.0000,0.0000,0.0000,0.0000,-0.0000,0.4993,0.4993,0.4993,0.4993,0.0000,-0.0000,-9.7984,0.0000,0.0000,0.0000
1070,4.2800,0.0000,-0.0000,-4.9539,0.0000,-0.0000,-4.9306,0.0000,-0.0000,-0.0942,0.7071,0.7071,0.0000,0.0000,0.0000,0.0000,-0.0000,0.4993,0.4993,0.4993,0.4993,0.0000,-0.0000,-9.7982,0.0000,0.0000,0.0000
1071,4.2840,0.0000,-0.0000,-4.9542,0.0000,-0.0000,-4.9308,0.0000,-0.0000,-0.0942,0.7071,0.7071,0.0000,0.0000,0.0000,0.0000,-0.0000,0.4993,0.4993,0.4993,0.4993,0.0000,0.0000,-9.7980,0.0000,0.0000,0.0000
1072,4.2880,0.0000,-0.0000,-4.9546,0.0000,-0.0000,-4.9310,0.0000,-0.0000,-0.0941,0.7071,0.7071,0.0000,0.0000,0.0000,0.0000,-0.0000,0.4993,0.4993,0.4993,0.4993,0.0000,-0.0000,-9.7978,0.0000,0.0000,0.0000
1073,4.2920,0.0000,-0.0000,-4.9550,0.0000,-0.0000,-4.9311,0.0000,-0.0000,-0.0941,0.7071,0.7071,0.0000,0.0000,0.0000,0.0000,-0.0000,0.4993,0.4993,0.4993,0.4993,0.0000,0.0000,-9.7976,0.0000,0.0000,0.0000
1074,4.2960,0.0000,-0.0000,-4.9554,0.0000,-0.0000,-4.9313,0.0000,-0.0000,-0.0940,0.7071,0.7071,0.0000,0.0000,0.0000,0.0000,-0.0000,0.4992,0.4992,0.4992,0.4992,0.0000,-0.0000,-9.7974,0.0000,0.0000,0.0000
1075,4.3000,0.0000,-0.0000,-4.9557,0.0000,-0.0000,-4.9315,0.0000,-0.0000,-0.0940,0.7071,0.7071,0.0000,0.0000,0.0000,0.0000,-0.0000,0.4992,0.4992,0.4992,0.4992,0.0000,0.0000,-9.7972,0.0000,0.0000,0.0000
1076,4.3040,0.0000,-0.0000,-4.9561,0.0000,-0.0000,-4.9317,0.0000,-0.0000,-0.0939,0.7071,0.7071,0.0000,0.0000,0.0000,0.0000,-0.0000,0.4992,0.4992,0.4992,0.4992,0.0000,-0.0000,-9.7970,0.0000,0.0000,0.0000
1077,4.3080,0.0000,-0.0000,-4.9565,0.0000,-0.0000,-4.9318,0.0000,-0.0000,-0.0938,0.7071,0.7071,0.0000,0.0000,0.0000,0.0000,-0.0000,0.4992,0.4992,0.4992,0.4992,0.0000,-0.0000,-9.7968,0.0000,0.0000,0.0000
1078,4.3120,0.0000,-0.0000,-4.9569,0.0000,-0.0000,-4.9320,0.0000,-0.0000,-0.0938,0.7071,0.7071,0.0000,0.0000,0.0000,0.0000,-0.0000,0.4992,0.4992,0.4992,0.4992,0.0000,0.0000,-9.7966,0.0000,0.0000,0.0000
1079,4.3160,0.0000,-0.0000,-4.9572,0.0000,-0.0000,-4.9322,0.0000,-0.0000,-0.0937,0.7071,0.7071,0.0000,0.0000,0.0000,0.0000,-0.0000,0.4992,0.4992,0.4992,0.4992,0.0000,0.0000,-9.7964,0.0000,0.0000,0.0000
1080,4.3200,0.0000,-0.0000,-4.9576,0.0000,-0.0000,-4.9324,0.0000,-0.0000,-0.0937,0.7071,0.7071,0.0000,0.0000,0.0000,0.0000,-0.0000,0.4992,0.4992,0.4992,0.4992,0.0000,-0.0000,-9.7962,0.0000,0.0000,0.0000
1081,4.3240,0.0000,-0.0000,-4.9580,0.0000,-0.0000,-4.9325,0.0000,-0.0000,-0.0936,0.7071,0.7071,0.0000,0.0000,0.0000,0.0000,-0.0000,0.4992,0.4992,0.4992,0.4992,0.0000,-0.0000,-9.7959,0.0000,0.0000,0.0000
1082,4.3280,0.0000,-0.0000,-4.9584,0.0000,-0.0000,-4.9327,0.0000,-0.0000,-0.0936,0.7071,0.7071,0.0000,0.0000,0.0000,0.0000,-0.0000,0.4992,0.4992,0.4992,0.4992,0.0000,-0.0000,-9.7957,0.0000,0.0000,0.0000
1083,4.3320,0.0000,-0.0000,-4.9587,0.0000,-0.0000,-4.9329,0.0000,-0.0000,-0.0935,0.7071,0.7071,0.0000,0.0000,0.0000,0.0000,-0.0000,0.4992,0.4992,0.4992,0.4992,0.0000,0.0000,-9.7955,0.0000,0.0000,0.0000
1084,4.3360,0.0000,-0.0000,-4.9591,0.0000,-0.0000,-4.9331,0.0000,-0.0000,-0.0934,0.7071,0.7071,0.0000,0.0000,0.0000,0.0000,-0.0000,0.4991,0.4991,0.4991,0.4991,0.0000,0.0000,-9.7953,0.0000,0.0000,0.0000
1085,4.3400,0.0000,-0.0000,-4.9595,0.0000,-0.0000,-4.9332,0.0000,-0.0000,-0.0934,0.7071,0.7071,0.0000,0.0000,0.0000,0.0000,-0.0000,0.4991,0.4991,0.4991,0.4991,0.0000,0.0000,-9.7951,0.0000,0.0000,0.0000
1086,4.3440,0.0000,-0.0000,-4.9599,0.0000,-0.0000,-4.9334,0.0000,-0.0000,-0.0933,0.7071,0.7071,0.0000,0.0000,0.0000,0.0000,-0.0000,0.4991,0.4991,0.4991,0.4991,0.0000,0.0000,-9.7949,0.0000,0.0000,0.0000
1087,4.3480,0.0000,-0.0000,-4.9602,0.0000,-0.0000,-4.9336,0.0000,-0.0000,-0.0933,0.7071,0.7071,0.0000,0.0000,0.0000,0.0000,-0.0000,0.4991,0.4991,0.4991,0.4991,0.0000,0.0000,-9.7947,0.0000,0.0000,0.0000
1088,4.3520,0.0000,-0.0000,-4.9606,0.0000,-0.0000,-4.9338,0.0000,-0.0000,-0.0932,0.7071,0.7071,0.0000,0.0000,0.0000,0.0000,-0.0000,0.4991,0.4991,0.4991,0.4991,0.0000,-0.0000,-9.7945,0.0000,0.0000,0.0000
1089,4.3560,0.0000,-0.0000,-4.9610,0.0000,-0.0000,-4.9339,0.0000,-0.0000,-0.0931,0.7071,0.7071,0.0000,0.0000,0.0000,0.0000,-0.0000,0.4991,0.4991,0.4991,0.4991,0.0000,-0.0000,-9.7943,0.0000,0.0000,0.0000
1090,4.3600,0.0000,-0.0000,-4.9614,0.0000,-0.0000,-4.9341,0.0000,-0.0000,-0.0931,0.7071,0.7071,0.0000,0.0000,0.0000,0.0000,-0.0000,0.4991,0.4991,0.4991,0.4991,0.0000,-0.0000,-9.7941,0.0000,0.0000,0.0000
1091,4.3640,0.0000,-0.0000,-4.9617,0.0000,-0.0000,-4.9343,0.0000,-0.0000,-0.0930,0.7071,0.7071,0.0000,0.0000,0.0000,0.0000,-0.0000,0.4991,0.4991,0.4991,0.4991,0.0000,-0.0000,-9.7939,0.0000,0.0000,0.0000
1092,4.3680,0.0000,-0.0000,-4.9621,0.0000,-0.0000,-4.9345,0.0000,-0.0000,-0.0929,0.7071,0.7071,0.0000,0.0000,0.0000,0.0000,-0.0000,0.4991,0.4991,0.4991,0.4991,0.0000,-0.0000,-9.7937,0.0000,0.0000,0.0000
1093,4.3720,0.0000,-0.0000,-4.9625,0.0000,-0.0000,-4.9346,0.0000,-0.0000,-0.0929,0.7071,0.7071,0.0000,0.0000,0.0000,0.0000,-0.0000,0.4990,0.4990,0.4990,0.4990,0.0000,0.0000,-9.7935,0.0000,0.0000,0.0000
1094,4.3760,0.0000,-0.0000,-4.9628,0.0000,-0.0000,-4.9348,0.0000,-0.0000,-0.0928,0.7071,0.7071,0.0000,0.0000,0.0000,0.0000,-0.0000,0.4990,0.4990,0.4990,0.4990,0.0000,-0.0000,-9.7933,0.0000,0.0000,0.0000
1095,4.3800,0.0000,-0.0000,-4.9632,0.0000,-0.0000,-4.9350,0.0000,-0.0000,-0.0927,0.7071,0.7071,0.0000,0.0000,0.0000,0.0000,-0.0000,0.4990,0.4990,0.4990,0.4990,0.0000,0.0000,-9.7930,0.0000,0.0000,0.0000
1096,4.3840,0.0000,-0.0000,-4.9636,0.0000,-0.0000,-4.9352,0.0000,-0.0000,-0.0927,0.7071,0.7071,0.0000,0.0000,0.0000,0.0000,-0.0000,0.4990,0.4990,0.4990,0.4990,0.0000,0.0000,-9.7928,0.0000,0.0000,0.0000
1097,4.3880,0.0000,-0.0000,-4.9639,0.0000,-0.0000,-4.9354,0.0000,-0.0000,-0.0926,0.7071,0.7071,0.0000,0.0000,0.0000,0.0000,-0.0000,0.4990,0.4990,0.4990,0.4990,0.0000,0.0000,-9.7926,0.0000,0.0000,0.0000
1098,4.3920,0.0000,-0.0000,-4.9643,0.0000,-0.0000,-4.9355,0.0000,-0.0000,-0.0925,0.7071,0.7071,0.0000,0.0000,0.0000,0.0000,-0.0000,0.4990,0.4990,0.4990,0.4990,0.0000,-0.0000,-9.7924,0.0000,0.0000,0.0000
1099,4.3960,0.0000,-0.0000,-4.9647,0.0000,-0.0000,-4.9357,0.0000,-0.0000,-0.0925,0.7071,0.7071,0.0000,0.0000,0.0000,0.0000,-0.0000,0.4990,0.4990,0.4990,0.4990,0.0000,-0.0000,-9.7922,0.0000,0.0000,0.0000
1100,4.4000,0.0000,-0.0000,-4.9651,0.0000,-0.0000,-4.9359,0.0000,-0.0000,-0.0924,0.7071,0.7071,0.0000,0.0000,0.0000,0.0000,-0.0000,0.4990,0.4990,0.4990,0.4990,0.0000,0.0000,-9.7920,0.0000,0.0000,0.0000
1101,4.4040,0.0000,-0.0000,-4.9654,0.0000,-0.0000,-4.9361,0.0000,-0.0000,-0.0923,0.7071,0.7071,0.0000,0.0000,0.0000,0.0000,-0.0000,0.4990,0.4990,0.4990,0.4990,0.0000,0.0000,-9.7918,0.0000,0.0000,0.0000
1102,4.4080,0.0000,-0.0000,-4.9658,0.0000,-0.0000,-4.9363,0.0000,-0.0000,-0.0922,0.7071,0.7071,0.0000,0.0000,0.0000,0.0000,-0.0000,0.4990,0.4990,0.4990,0.4990,0.0000,-0.0000,-9.7916,0.0000,0.0000,0.0000
1103,4.4120,0.0000,-0.0000,-4.9662,0.0000,-0.0000,-4.9364,0.0000,-0.0000,-0.0922,0.7071,0.7071,0.0000,0.0000,0.0000,0.0000,-0.0000,0.4989,0.4989,0.4989,0.4989,0.0000,-0.0000,-9.7914,0.0000,0.0000,0.0000
1104,4.4160,0.0000,-0.0000,-4.9665,0.0000,-0.0000,-4.9366,0.0000,-0.0000,-0.0921,0.7071,0.7071,0.0000,0.0000,0.0000,0.0000,-0.0000,0.4989,0.4989,0.4989,0.4989,0.0000,0.0000,-9.7912,0.0000,0.0000,0.0000
1105,4.4200,0.0000,-0.0000,-4.9669,0.0000,-0.0000,-4.9368,0.0000,-0.0000,-0.0920,0.7071,0.7071,0.0000,0.0000,0.0000,0.0000,-0.0000,0.4989,0.4989,0.4989,0.4989,0.0000,0.0000,-9.7910,0.0000,0.0000,0.0000
1106,4.4240,0.0000,-0.0000,-4.9673,0.0000,-0.0000,-4.9370,0.0000,-0.0000,-0.0919,0.7071,0.7071,0.0000,0.0000,0.0000,0.0000,-0.0000,0.4989,0.4989,0.4989,0.4989,0.0000,-0.0000,-9.7908,0.0000,0.0000,0.0000
1107,4.4280,0.0000,-0.0000,-4.9676,0.0000,-0.0000,-4.9371,0.0000,-0.0000,-0.0918,0.7071,0.7071,0.0000,0.0000,0.0000,0.0000,-0.0000,0.4989,0.4989,0.4989,0.4989,0.0000,-0.0000,-9.7906,0.0000,0.0000,0.0000
1108,4.4320,0.0000,-0.0000,-4.9680,0.0000,-0.0000,-4.9373,0.0000,-0.0000,-0.0918,0.7071,0.7071,0.0000,0.0000,0.0000,0.0000,-0.0000,0.4989,0.4989,0.4989,0.4989,0.0000,-0.0000,-9.7903,0.0000,0.0000,0.0000
1109,4.4360,0.0000,-0.0000,-4.9684,0.0000,-0.0000,-4.9375,0.0000,-0.0000,-0.0917,0.7071,0.7071,0.0000,0.0000,0.0000,0.0000,-0.0000,0.4989,0.4989,0.4989,0.4989,0.0000,-0.0000,-9.7901,0.0000,0.0000,0.0000
1110,4.4400,0.0000,-0.0000,-4.9687,0.0000,-0.0000,-4.9377,0.0000,-0.0000,-0.0916,0.7071,0.7071,0.0000,0.0000,0.0000,0.0000,-0.0000,0.4989,0.4989,0.4989,0.4989,0.0000,0.0000,-9.7899,0.0000,0.0000,0.0000
1111,4.4440,0.0000,-0.0000,-4.9691,0.0000,-0.0000,-4.9379,0.0000,-0.0000,-0.0915,0.7071,0.7071,0.0000,0.0000,0.0000,0.0000,-0.0000,0.4989,0.4989,0.4989,0.4989,0.0000,-0.0000,-9.7897,0.0000,0.0000,0.0000
1112,4.4480,0.0000,-0.0000,-4.9695,0.0000,-0.0000,-4.9380,0.0000,-0.0000,-0.0914,0.7071,0.7071,0.0000,0.0000,0.0000,0.0000,-0.0000,0.4988,0.4988,0.4988,0.4988,0.0000,0.0000,-9.7895,0.0000,0.0000,0.0000
1113,4.4520,0.0000,-0.0000,-4.9698,0.0000,-0.0000,-4.9382,0.0000,-0.0000,-0.0914,0.7071,0.7071,0.0000,0.0000,0.0000,0.0000,-0.0000,0.4988,0.4988,0.4988,0.4988,0.0000,-0.0000,-9.7893,0.0000,0.0000,0.0000
1114,4.4560,0.0000,-0.0000,-4.9702,0.0000,-0.0000,-4.9384,0.0000,-0.0000,-0.0913,0.7071,0.7071,0.0000,0.0000,0.0000,0.0000,-0.0000,0.4988,0.4988,0.4988,0.4988,0.0000,-0.0000,-9.7891,0.0000,0.0000,0.0000
1115,4.4600,0.0000,-0.0000,-4.9706,0.0000,-0.0000,-4.9386,0.0000,-0.0000,-0.0912,0.7071,0.7071,0.0000,0.0000,0.0000,0.0000,-0.0000,0.4988,0.4988,0.4988,0.4988,0.0000,0.0000,-9.7889,0.0000,0.0000,0.0000
1116,4.4640,0.0000,-0.0000,-4.9709,0.0000,-0.0000,-4.9388,0.0000,-0.0000,-0.0911,0.7071,0.7071,0.0000,0.0000,0.0000,0.0000,-0.0000,0.4988,0.4988,0.4988,0.4988,0.0000,0.0000,-9.7887,0.0000,0.0000,0.0000
1117,4.4680,0.0000,-0.0000,-4.9713,0.0000,-0.0000,-4.9390,0.0000,-0.0000,-0.0910,0.7071,0.7071,0.0000,0.0000,0.0000,0.0000,-0.0000,0.4988,0.4988,0.4988,0.4988,0.0000,0.0000,-9.7885,0.0000,0.0000,0.0000
1118,4.4720,0.0000,-0.0000,-4.9717,0.0000,-0.0000,-4.9391,0.0000,-0.0000,-0.0909,0.7071,0.7071,0.0000,0.0000,0.0000,0.0000,-0.0000,0.4988,0.4988,0.4988,0.4988,0.0000,0.0000,-9.7883,0.0000,0.0000,0.0000
1119,4.4760,0.0000,-0.0000,-4.9720,0.0000,-0.0000,-4.9393,0.0000,-0.0000,-0.0908,0.7071,0.7071,0.0000,0.0000,0.0000,0.0000,-0.0000,0.4988,0.4988,0.4988,0.4988,0.0000,-0.0000,-9.7880,0.0000,0.0000,0.0000
1120,4.4800,0.0000,-0.0000,-4.9724,0.0000,-0.0000,-4.9395,0.0000,-0.0000,-0.0907,0.7071,0.7071,0.0000,0.0000,0.0000,0.0000,-0.0000,0.4988,0.4988,0.4988,0.4988,0.0000,-0.0000,-9.7878,0.0000,0.0000,0.0000
1121,4.4840,0.0000,-0.0000,-4.9727,0.0000,-0.0000,-4.9397,0.0000,-0.0000,-0.0907,0.7071,0.7071,0.0000,0.0000,0.0000,0.0000,-0.0000,0.4987,0.4987,0.4987,0.4987,0.0000,-0.0000,-9.7876,0.0000,0.0000,0.0000
1122,4.4880,0.0000,-0.0000,-4.9731,0.0000,-0.0000,-4.9399,0.0000,-0.0000,-0.0906,0.7071,0.7071,0.0000,0.0000,0.0000,0.0000,-0.0000,0.4987,0.4987,0.4987,0.4987,0.0000,-0.0000,-9.7874,0.0000,0.0000,0.0000
1123,4.4920,0.0000,-0.0000,-4.9735,0.0000,-0.0000,-4.9400,0.0000,-0.0000,-0.0905,0.7071,0.7071,0.0000,0.0000,0.0000,0.0000,-0.0000,0.4987,0.4987,0.4987,0.4987,0.0000,-0.0000,-9.7872,0.0000,0.0000,0.0000
1124,4.4960,0.0000,-0.0000,-4.9738,0.0000,-0.0000,-4.9402,0.0000,-0.0000,-0.0904,0.7071,0.7071,0.0000,0.0000,0.0000,0.0000,-0.0000,0.4987,0.4987,0.4987,0.4987,0.0000,0.0000,-9.7870,0.0000,0.0000,0.0000
1125,4.5000,0.0000,-0.0000,-4.9742,0.0000,-0.0000,-4.9404,0.0000,-0.0000,-0.0903,0.7071,0.7071,0.0000,0.0000,0.0000,0.0000,-0.0000,0.4987,0.4987,0.4987,0.4987,0.0000,0.0000,-9.7868,0.0000,0.0000,0.0000
1126,4.5040,0.0000,-0.0000,-4.9746,0.0000,-0.0000,-4.9406,0.0000,-0.0000,-0.0902,0.7071,0.7071,0.0000,0.0000,0.0000,0.0000,-0.0000,0.4987,0.4987,0.4987,0.4987,0.0000,-0.0000,-9.7866,0.0000,0.0000,0.0000
1127,4.5080,0.0000,-0.0000,-4.9749,0.0000,-0.0000,-4.9408,0.0000,-0.0000,-0.0901,0.7071,0.7071,0.0000,0.0000,0.0000,0.0000,-0.0000,0.4987,0.4987,0.4987,0.4987,0.0000,-0.0000,-9.7864,0.0000,0.0000,0.0000
1128,4.5120,0.0000,-0.0000,-4.9753,0.0000,-0.0000,-4.9410,0.0000,-0.0000,-0.0900,0.7071,0.7071,0.0000,0.0000,0.0000,0.0000,-0.0000,0.4987,0.4987,0.4987,0.4987,0.0000,-0.0000,-9.7862,0.0000,0.0000,0.0000
1129,4.5160,0.0000,-0.0000,-4.9756,0.0000,-0.0000,-4.9411,0.0000,-0.0000,-0.0899,0.7071,0.7071,0.0000,0.0000,0.0000,0.0000,-0.0000,0.4987,0.4987,0.4987,0.4987,0.0000,-0.0000,-9.7860,0.0000,0.0000,0.0000
1130,4.5200,0.0000,-0.0000,-4.9760,0.0000,-0.0000,-4.9413,0.0000,-0.0000,-0.0898,0.7071,0.7071,0.0000,0.0000,0.0000,0.0000,-0.0000,0.4987,0.4987,0.4987,0.4987,0.0000,0.0000,-9.7858,0.0000,0.0000,0.0000
1131,4.5240,0.0000,-0.0000,-4.9764,0.0000,-0.0000,-4.9415,0.0000,-0.0000,-0.0897,0.7071,0.7071,0.0000,0.0000,0.0000,0.0000,-0.0000,0.4986,0.4986,0.4986,0.4986,0.0000,0.0000,-9.7855,0.0000,0.0000,0.0000
1132,4.5280,0.0000,-0.0000,-4.9767,0.0000,-0.0000,-4.9417,0.0000,-0.0000,-0.0896,0.7071,0.7071,0.0000,0.0000,0.0000,0.0000,-0.0000,0.4986,0.4986,0.4986,0.4986,0.0000,-0.0000,-9.7853,0.0000,0.0000,0.0000
1133,4.5320,0.0000,-0.0000,-4.9771,0.0000,-0.0000,-4.9419,0.0000,-0.0000,-0.0895,0.7071,0.7071,0.0000,0.0000,0.0000,0.0000,-0.0000,0.4986,0.4986,0.4986,0.4986,0.0000,-0.0000,-9.7851,0.0000,0.0000,0.0000
1134,4.5360,0.0000,-0.0000,-4.9774,0.0000,-0.0000,-4.9421,0.0000,-0.0000,-0.0894,0.7071,0.7071,0.0000,0.0000,0.0000,0.0000,-0.0000,0.4986,0.4986,0.4986,0.4986,0.0000,-0.0000,-9.7849,0.0000,0.0000,0.0000
1135,4.5400,0.0000,-0.0000,-4.9778,0.0000,-0.0000,-4.9422,0.0000,-0.0000,-0.0893,0.7071,0.7071,0.0000,0.0000,0.0000,0.0000,-0.0000,0.4986,0.4986,0.4986,0.4986,0.0000,-0.0000,-9.7847,0.0000,0.0000,0.0000
1136,4.5440,0.0000,-0.0000,-4.9781,0.0000,-0.0000,-4.9424,0.0000,-0.0000,-0.0892,0.7071,0.7071,0.0000,0.0000,0.0000,0.0000,-0.0000,0.4986,0.4986,0.4986,0.4986,0.0000,-0.0000,-9.7845,0.0000,0.0000,0.0000
1137,4.5480,0.0000,-0.0000,-4.9785,0.0000,-0.0000,-4.9426,0.0000,-0.0000,-0.0891,0.7071,0.7071,0.0000,0.0000,0.0000,0.0000,-0.0000,0.4986,0.4986,0.4986,0.4986,0.0000,0.0000,-9.7843,0.0000,0.0000,0.0000
1138,4.5520,0.0000,-0.0000,-4.9789,0.0000,-0.0000,-4.9428,0.0000,-0.0000,-0.0890,0.7071,0.7071,0.0000,0.0000,0.0000,0.0000,-0.0000,0.4986,0.4986,0.4986,0.4986,0.0000,0.0000,-9.7841,0.0000,0.0000,0.0000
1139,4.5560,0.0000,-0.0000,-4.9792,0.0000,-0.0000,-4.9430,0.0000,-0.0000,-0.0889,0.7071,0.7071,0.0000,0.0000,0.0000,0.0000,-0.0000,0.4986,0.4986,0.4986,0.4986,0.0000,-0.0000,-9.7839,0.0000,0.0000,0.0000
1140,4.5600,0.0000,-0.0000,-4.9796,0.0000,-0.0000,-4.9432,0.0000,-0.0000,-0.0888,0.7071,0.7071,0.0000,0.0000,0.0000,0.0000,-0.0000,0.4985,0.4985,0.4985,0.4985,0.0000,-0.0000,-9.7837,0.0000,0.0000,0.0000
1141,4.5640,0.0000,-0.0000,-4.9799,0.0000,-0.0000,-4.9434,0.0000,-0.0000,-0.0887,0.7071,0.7071,0.0000,0.0000,0.0000,0.0000,-0.0000,0.4985,0.4985,0.4985,0.4985,0.0000,0.0000,-9.7835,0.0000,0.0000,0.0000
1142,4.5680,0.0000,-0.0000,-4.9803,0.0000,-0.0000,-4.9435,0.0000,-0.0000,-0.0886,0.7071,0.7071,0.0000,0.0000,0.0000,0.0000,-0.0000,0.4985,0.4985,0.4985,0.4985,0.0000,-0.0000,-9.7833,0.0000,0.0000,0.0000
1143,4.5720,0.0000,-0.0000,-4.9806,0.0000,-0.0000,-4.9437,0.0000,-0.0000,-0.0885,0.7071,0.7071,0.0000,0.0000,0.0000,0.0000,-0.0000,0.4985,0.4985,0.4985,0.4985,0.0000,-0.0000,-9.7831,0.0000,0.0000,0.0000
1144,4.5760,0.0000,-0.0000,-4.9810,0.0000,-0.0000,-4.9439,0.0000,-0.0000,-0.0884,0.7071,0.7071,0.0000,0.0000,0.0000,0.0000,-0.0000,0.4985,0.4985,0.4985,0.4985,0.0000,0.0000,-9.7828,0.0000,0.0000,0.0000
1145,4.5800,0.0000,-0.0000,-4.9813,0.0000,-0.0000,-4.9441,0.0000,-0.0000,-0.0882,0.7071,0.7071,0.0000,0.0000,0.0000,0.0000,-0.0000,0.4985,0.4985,0.4985,0.4985,0.0000,0.0000,-9.7826,0.0000,0.0000,0.0000
1146,4.5840,0.0000,-0.0000,-4.9817,0.0000,-0.0000,-4.9443,0.0000,-0.0000,-0.0881,0.7071,0.7071,0.0000,0.0000,0.0000,0.0000,-0.0000,0.4985,0.4985,0.4985,0.4985,0.0000,0.0000,-9.7824,0.0000,0.0000,0.0000
1147,4.5880,0.0000,-0.0000,-4.9820,0.0000,-0.0000,-4.9445,0.0000,-0.0000,-0.0880,0.7071,0.7071,0.0000,0.0000,0.0000,0.0000,-0.0000,0.4985,0.4985,0.4985,0.4985,0.0000,-0.0000,-9.7822,0.0000,0.0000,0.0000
1148,4.5920,0.0000,-0.0000,-4.9824,0.0000,-0.0000,-4.9447,0.0000,-0.0000,-0.0879,0.7071,0.7071,0.0000,0.0000,0.0000,0.0000,-0.0000,0.4985,0.4985,0.4985,0.4985,0.0000,-0.0000,-9.7820,0.0000,0.0000,0.0000
1149,4.5960,0.0000,-0.0000,-4.9827,0.0000,-0.0000,-4.9448,0.0000,-0.0000,-0.0878,0.7071,0.7071,0.0000,0.0000,0.0000,0.0000,-0.0000,0.4985,0.4985,0.4985,0.4985,0.0000,-0.0000,-9.7818,0.0000,0.0000,0.0000
1150,4.6000,0.0000,-0.0000,-4.9831,0.0000,-0.0000,-4.9450,0.0000,-0.0000,-0.0877,0.7071,0.7071,0.0000,0.0000,0.0000,0.0000,-0.0000,0.4984,0.4984,0.4984,0.4984,0.0000,-0.0000,-9.7816,0.0000,0.0000,0.0000
1151,4.6040,0.0000,-0.0000,-4.9834,0.0000,-0.0000,-4.9452,0.0000,-0.0000,-0.0876,0.7071,0.7071,0.0000,0.0000,0.0000,0.0000,-0.0000,0.4984,0.4984,0.4984,0.4984,0.0000,0.0000,-9.7814,0.0000,0.0000,0.0000
1152,4.6080,0.0000,-0.0000,-4.9838,0.0000,-0.0000,-4.9454,0.0000,-0.0000,-0.0874,0.7071,0.7071,0.0000,0.0000,0.0000,0.0000,-0.0000,0.4984,0.4984,0.4984,0.4984,0.0000,-0.0000,-9.7812,0.0000,0.0000,0.0000
1153,4.6120,0.0000,-0.0000,-4.9841,0.0000,-0.0000,-4.9456,0.0000,-0.0000,-0.0873,0.7071,0.7071,0.0000,0.0000,0.0000,0.0000,-0.0000,0.4984,0.4984,0.4984,0.4984,0.0000,0.0000,-9.7810,0.0000,0.0000,0.0000
1154,4.6160,0.0000,-0.0000,-4.9845,0.0000,-0.0000,-4.9458,0.0000,-0.0000,-0.0872,0.7071,0.7071,0.0000,0.0000,0.0000,0.0000,-0.0000,0.4984,0.4984,0.4984,0.4984,0.0000,-0.0000,-9.7808,0.0000,0.0000,0.0000
1155,4.6200,0.0000,-0.0000,-4.9848,0.0000,-0.0000,-4.9460,0.0000,-0.0000,-0.0871,0.7071,0.7071,0.0000,0.0000,0.0000,0.0000,-0.0000,0.4984,0.4984,0.4984,0.4984,0.0000,0.0000,-9.7806,0.0000,0.0000,0.0000
1156,4.6240,0.0000,-0.0000,-4.9852,0.0000,-0.0000,-4.9461,0.0000,-0.0000,-0.0870,0.7071,0.7071,0.0000,0.0000,0.0000,0.0000,-0.0000,0.4984,0.4984,0.4984,0.4984,0.0000,-0.0000,-9.7804,0.0000,0.0000,0.0000
1157,4.6280,0.0000,-0.0000,-4.9855,0.0000,-0.0000,-4.9463,0.0000,-0.0000,-0.0869,0.7071,0.7071,0.0000,0.0000,0.0000,0.0000,-0.0000,0.4984,0.4984,0.4984,0.4984,0.0000,-0.0000,-9.7802,0.0000,0.0000,0.0000
1158,4.6320,0.0000,-0.0000,-4.9859,0.0000,-0.0000,-4.9465,0.0000,-0.0000,-0.0867,0.7071,0.7071,0.0000,0.0000,0.0000,0.0000,-0.0000,0.4984,0.4984,0.4984,0.4984,0.0000,-0.0000,-9.7800,0.0000,0.0000,0.0000
1159,4.6360,0.0000,-0.0000,-4.9862,0.0000,-0.0000,-4.9467,0.0000,-0.0000,-0.0866,0.7071,0.7071,0.0000,0.0000,0.0000,0.0000,-0.0000,0.4983,0.4983,0.4983,0.4983,0.0000,-0.0000,-9.7797,0.0000,0.0000,0.0000
1160,4.6400,0.0000,-0.0000,-4.9866,0.0000,-0.0000,-4.9469,0.0000,-0.0000,-0.0865,0.7071,0.7071,0.0000,0.0000,0.0000,0.0000,-0.0000,0.4983,0.4983,0.4983,0.4983,0.0000,0.0000,-9.7795,0.0000,0.0000,0.0000
1161,4.6440,0.0000,-0.0000,-4.9869,0.0000,-0.0000,-4.9471,0.0000,-0.0000,-0.0864,0.7071,0.7071,0.0000,0.0000,0.0000,0.0000,-0.0000,0.4983,0.4983,0.4983,0.4983,0.0000,0.0000,-9.7793,0.0000,0.0000,0.0000
1162,4.6480,0.0000,-0.0000,-4.9873,0.0000,-0.0000,-4.9473,0.0000,-0.0000,-0.0862,0.7071,0.7071,0.0000,0.0000,0.0000,0.0000,-0.0000,0.4983,0.4983,0.4983,0.4983,0.0000,0.0000,-9.7791,0.0000,0.0000,0.0000
1163,4.6520,0.0000,-0.0000,-4.9876,0.0000,-0.0000,-4.9475,0.0000,-0.0000,-0.0861,0.7071,0.7071,0.0000,0.0000,0.0000,0.0000,-0.0000,0.4983,0.4983,0.4983,0.4983,0.0000,0.0000,-9.7789,0.0000,0.0000,0.0000
1164,4.6560,0.0000,-0.0000,-4.9879,0.0000,-0.0000,-4.9476,0.0000,-0.0000,-0.0860,0.7071,0.7071,0.0000,0.0000,0.0000,0.0000,-0.0000,0.4983,0.4983,0.4983,0.4983,0.0000,0.0000,-9.7787,0.0000,0.0000,0.0000
1165,4.6600,0.0000,-0.0000,-4.9883,0.0000,-0.0000,-4.9478,0.0000,-0.0000,-0.0859,0.7071,0.7071,0.0000,0.0000,0.0000,0.0000,-0.0000,0.4983,0.4983,0.4983,0.4983,0.0000,-0.0000,-9.7785,0.0000,0.0000,0.0000
1166,4.6640,0.0000,-0.0000,-4.9886,0.0000,-0.0000,-4.9480,0.0000,-0.0000,-0.0857,0.7071,0.7071,0.0000,0.0000,0.0000,0.0000,-0.0000,0.4983,0.4983,0.4983,0.4983,0.0000,0.0000,-9.7783,0.0000,0.0000,0.0000
1167,4.6680,0.0000,-0.0000,-4.9890,0.0000,-0.0000,-4.9482,0.0000,-0.0000,-0.0856,0.7071,0.7071,0.0000,0.0000,0.0000,0.0000,-0.0000,0.4983,0.4983,0.4983,0.4983,0.0000,0.0000,-9.7781,0.0000,0.0000,0.0000
1168,4.6720,0.0000,-0.0000,-4.9893,0.0000,-0.0000,-4.9484,0.0000,-0.0000,-0.0855,0.7071,0.7071,0.0000,0.0000,0.0000,0.0000,-0.0000,0.4983,0.4983,0.4983,0.4983,0.0000,-0.0000,-9.7779,0.0000,0.0000,0.0000
1169,4.6760,0.0000,-0.0000,-4.9897,0.0000,-0.0000,-4.9486,0.0000,-0.0000,-0.0853,0.7071,0.7071,0.0000,0.0000,0.0000,0.0000,-0.0000,0.4982,0.4982,0.4982,0.4982,0.0000,-0.0000,-9.7777,0.0000,0.0000,0.0000
1170,4.6800,0.0000,-0.0000,-4.9900,0.0000,-0.0000,-4.9488,0.0000,-0.0000,-0.0852,0.7071,0.7071,0.0000,0.0000,0.0000,0.0000,-0.0000,0.4982,0.4982,0.4982,0.4982,0.0000,0.0000,-9.7775,0.0000,0.0000,0.0000
1171,4.6840,0.0000,-0.0000,-4.9903,0.0000,-0.0000,-4.9490,0.0000,-0.0000,-0.0851,0.7071,0.7071,0.0000,0.0000,0.0000,0.0000,-0.0000,0.4982,0.4982,0.4982,0.4982,0.0000,-0.0000,-9.7773,0.0000,0.0000,0.0000
1172,4.6880,0.0000,-0.0000,-4.9907,0.0000,-0.0000,-4.9491,0.0000,-0.0000,-0.0850,0.7071,0.7071,0.0000,0.0000,0.0000,0.0000,-0.0000,0.4982,0.4982,0.4982,0.4982,0.0000,-0.0000,-9.7771,0.0000,0.0000,0.0000
1173,4.6920,0.0000,-0.0000,-4.9910,0.0000,-0.0000,-4.9493,0.0000,-0.0000,-0.0848,0.7071,0.7071,0.0000,0.0000,0.0000,0.0000,-0.0000,0.4982,0.4982,0.4982,0.4982,0.0000,0.0000,-9.7769,0.0000,0.0000,0.0000
1174,4.6960,0.0000,-0.0000,-4.9914,0.0000,-0.0000,-4.9495,0.0000,-0.0000,-0.0847,0.7071,0.7071,0.0000,0.0000,0.0000,0.0000,-0.0000,0.4982,0.4982,0.4982,0.4982,0.0000,0.0000,-9.7767,0.0000,0.0000,0.0000
1175,4.7000,0.0000,-0.0000,-4.9917,0.0000,-0.0000,-4.9497,0.0000,-0.0000,-0.0845,0.7071,0.7071,0.0000,0.0000,0.0000,0.0000,-0.0000,0.4982,0.4982,0.4982,0.4982,0.0000,-0.0000,-9.7765,0.0000,0.0000,0.0000
1176,4.7040,0.0000,-0.0000,-4.9920,0.0000,-0.0000,-4.9499,0.0000,-0.0000,-0.0844,0.7071,0.7071,0.0000,0.0000,0.0000,0.0000,-0.0000,0.4982,0.4982,0.4982,0.4982,0.0000,-0.0000,-9.7763,0.0000,0.0000,0.0000
1177,4.7080,0.0000,-0.0000,-4.9924,0.0000,-0.0000,-4.9501,0.0000,-0.0000,-0.0843,0.7071,0.7071,0.0000,0.0000,0.0000,0.0000,-0.0000,0.4982,0.4982,0.4982,0.4982,0.0000,0.0000,-9.7761,0.0000,0.0000,0.0000
1178,4.7120,0.0000,-0.0000,-4.9927,0.0000,-0.0000,-4.9503,0.0000,-0.0000,-0.0841,0.7071,0.7071,0.0000,0.0000,0.0000,0.0000,-0.0000,0.4981,0.4981,0.4981,0.4981,0.0000,0.0000,-9.7759,0.0000,0.0000,0.0000
1179,4.7160,0.0000,-0.0000,-4.9930,0.0000,-0.0000,-4.9505,0.0000,-0.0000,-0.0840,0.7071,0.7071,0.0000,0.0000,0.0000,0.0000,-0.0000,0.4981,0.4981,0.4981,0.4981,0.0000,-0.0000,-9.7757,0.0000,0.0000,0.0000
1180,4.7200,0.0000,-0.0000,-4.9934,0.0000,-0.0000,-4.9507,0.0000,-0.0000,-0.0839,0.7071,0.7071,0.0000,0.0000,0.0000,0.0000,-0.0000,0.4981,0.4981,0.4981,0.4981,0.0000,0.0000,-9.7755,0.0000,0.0000,0.0000
1181,4.7240,0.0000,-0.0000,-4.9937,0.0000,-0.0000,-4.9509,0.0000,-0.0000,-0.0837,0.7071,0.7071,0.0000,0.0000,0.0000,0.0000,-0.0000,0.4981,0.4981,0.4981,0.4981,0.0000,-0.0000,-9.7753,0.0000,0.0000,0.0000
1182,4.7280,0.0000,-0.0000,-4.9941,0.0000,-0.0000,-4.9510,0.0000,-0.0000,-0.0836,0.7071,0.7071,0.0000,0.0000,0.0000,0.0000,-0.0000,0.4981,0.4981,0.4981,0.4981,0.0000,0.0000,-9.7751,0.0000,0.0000,0.0000
1183,4.7320,0.0000,-0.0000,-4.9944,0.0000,-0.0000,-4.9512,0.0000,-0.0000,-0.0834,0.7071,0.7071,0.0000,0.0000,0.0000,0.0000,-0.0000,0.4981,0.4981,0.4981,0.4981,0.0000,0.0000,-9.7749,0.0000,0.0000,0.0000
1184,4.7360,0.0000,-0.0000,-4.9947,0.0000,-0.0000,-4.9514,0.0000,-0.0000,-0.0833,0.7071,0.7071,0.0000,0.0000,0.0000,0.0000,-0.0000,0.4981,0.4981,0.4981,0.4981,0.0000,-0.0000,-9.7747,0.0000,0.0000,0.0000
1185,4.7400,0.0000,-0.0000,-4.9950,0.0000,-0.0000,-4.9516,0.0000,-0.0000,-0.0832,0.7071,0.7071,0.0000,0.0000,0.0000,0.0000,-0.0000,0.4981,0.4981,0.4981,0.4981,0.0000,-0.0000,-9.7745,0.0000,0.0000,0.0000
1186,4.7440,0.0000,-0.0000,-4.9954,0.0000,-0.0000,-4.9518,0.0000,-0.0000,-0.0830,0.7071,0.7071,0.0000,0.0000,0.0000,0.0000,-0.0000,0.4981,0.4981,0.4981,0.4981,0.0000,-0.0000,-9.7743,0.0000,0.0000,0.0000
1187,4.7480,0.0000,-0.0000,-4.9957,0.0000,-0.0000,-4.9520,0.0000,-0.0000,-0.0829,0.7071,0.7071,0.0000,0.0000,0.0000,0.0000,-0.0000,0.4981,0.4981,0.4981,0.4981,0.0000,0.0000,-9.7741,0.0000,0.0000,0.0000
1188,4.7520,0.0000,-0.0000,-4.9960,0.0000,-0.0000,-4.9522,0.0000,-0.0000,-0.0827,0.7071,0.7071,0.0000,0.0000,0.0000,0.0000,-0.0000,0.4980,0.4980,0.4980,0.4980,0.0000,-0.0000,-9.7739,0.0000,0.0000,0.0000
1189,4.7560,0.0000,-0.0000,-4.9964,0.0000,-0.0000,-4.9524,0.0000,-0.0000,-0.0826,0.7071,0.7071,0.0000,0.0000,0.0000,0.0000,-0.0000,0.4980,0.4980,0.4980,0.4980,0.0000,0.0000,-9.7737,0.0000,0.0000,0.0000
1190,4.7600,0.0000,-0.0000,-4.9967,0.0000,-0.0000,-4.9526,0.0000,-0.0000,-0.0824,0.7071,0.7071,0.0000,0.0000,0.0000,0.0000,-0.0000,0.4980,0.4980,0.4980,0.4980,0.0000,-0.0000,-9.7735,0.0000,0.0000,0.0000
1191,4.7640,0.0000,-0.0000,-4.9970,0.0000,-0.0000,-4.9528,0.0000,-0.0000,-0.0823,0.7071,0.7071,0.0000,0.0000,0.0000,0.0000,-0.0000,0.4980,0.4980,0.4980,0.4980,0.0000,-0.0000,-9.7733,0.0000,0.0000,0.0000
1192,4.7680,0.0000,-0.0000,-4.9974,0.0000,-0.0000,-4.9530,0.0000,-0.0000,-0.0821,0.7071,0.7071,0.0000,0.0000,0.0000,0.0000,-0.0000,0.4980,0.4980,0.4980,0.4980,0.0000,-0.0000,-9.7731,0.0000,0.0000,0.0000
1193,4.7720,0.0000,-0.0000,-4.9977,0.0000,-0.0000,-4.9531,0.0000,-0.0000,-0.0820,0.7071,0.7071,0.0000,0.0000,0.0000,0.0000,-0.0000,0.4980,0.4980,0.4980,0.4980,0.0000,-0.0000,-9.7729,0.0000,0.0000,0.0000
1194,4.7760,0.0000,-0.0000,-4.9980,0.0000,-0.0000,-4.9533,0.0000,-0.0000,-0.0818,0.7071,0.7071,0.0000,0.0000,0.0000,0.0000,-0.0000,0.4980,0.4980,0.4980,0.4980,0.0000,0.0000,-9.7727,0.0000,0.0000,0.0000
1195,4.7800,0.0000,-0.0000,-4.9983,0.0000,-0.0000,-4.9535,0.0000,-0.0000,-0.0817,0.7071,0.7071,0.0000,0.0000,0.0000,0.0000,-0.0000,0.4980,0.4980,0.4980,0.4980,0.0000,0.0000,-9.7725,0.0000,0.0000,0.0000
1196,4.7840,0.0000,-0.0000,-4.9987,0.0000,-0.0000,-4.9537,0.0000,-0.0000,-0.0815,0.7071,0.7071,0.0000,0.0000,0.0000,0.0000,-0.0000,0.4980,0.4980,0.4980,0.4980,0.0000,0.0000,-9.7723,0.0000,0.0000,0.0000
1197,4.7880,0.0000,-0.0000,-4.9990,0.0000,-0.0000,-4.9539,0.0000,-0.0000,-0.0814,0.7071,0.7071,0.0000,0.0000,0.0000,0.0000,-0.0000,0.4980,0.4980,0.4980,0.4980,0.0000,-0.0000,-9.7721,0.0000,0.0000,0.0000
1198,4.7920,0.0000,-0.0000,-4.9993,0.0000,-0.0000,-4.9541,0.0000,-0.0000,-0.0812,0.7071,0.7071,0.0000,0.0000,0.0000,0.0000,-0.0000,0.4979,0.4979,0.4979,0.4979,0.0000,-0.0000,-9.7719,0.0000,0.0000,0.0000
1199,4.7960,0.0000,-0.0000,-4.9996,0.0000,-0.0000,-4.9543,0.0000,-0.0000,-0.0811,0.7071,0.7071,0.0000,0.0000,0.0000,0.0000,-0.0000,0.4979,0.4979,0.4979,0.4979,0.0000,-0.0000,-9.7717,0.0000,0.0000,0.0000
1200,4.8000,0.0000,-0.0000,-5.0000,0.0000,-0.0000,-4.9545,0.0000,-0.0000,-0.0809,0.7071,0.7071,0.0000,0.0000,0.0000,0.0000,-0.0000,0.4979,0.4979,0.4979,0.4979,0.0000,0.0000,-9.7715,0.0000,0.0000,0.0000
1201,4.8040,0.0000,-0.0000,-5.0003,0.0000,-0.0000,-4.9547,0.0000,-0.0000,-0.0808,0.7071,0.7071,0.0000,0.0000,0.0000,0.0000,-0.0000,0.4979,0.4979,0.4979,0.4979,0.0000,-0.0000,-9.7713,0.0000,0.0000,0.0000
1202,4.8080,0.0000,-0.0000,-5.0006,0.0000,-0.0000,-4.9549,0.0000,-0.0000,-0.0806,0.7071,0.7071,0.0000,0.0000,0.0000,0.0000,-0.0000,0.4979,0.4979,0.4979,0.4979,0.0000,-0.0000,-9.7711,0.0000,0.0000,0.0000
1203,4.8120,0.0000,-0.0000,-5.0009,0.0000,-0.0000,-4.9551,0.0000,-0.0000,-0.0804,0.7071,0.7071,0.0000,0.0000,0.0000,0.0000,-0.0000,0.4979,0.4979,0.4979,0.4979,0.0000,0.0000,-9.7709,0.0000,0.0000,0.0000
1204,4.8160,0.0000,-0.0000,-5.0013,0.0000,-0.0000,-4.9553,0.0000,-0.0000,-0.0803,0.7071,0.7071,0.0000,0.0000,0.0000,0.0000,-0.0000,0.4979,0.4979,0.4979,0.4979,0.0000,-0.0000,-9.7707,0.0000,0.0000,0.0000
1205,4.8200,0.0000,-0.0000,-5.0016,0.0000,-0.0000,-4.9554,0.0000,-0.0000,-0.0801,0.7071,0.7071,0.0000,0.0000,0.0000,0.0000,-0.0000,0.4979,0.4979,0.4979,0.4979,0.0000,0.0000,-9.7705,0.0000,0.0000,0.0000
1206,4.8240,0.0000,-0.0000,-5.0019,0.0000,-0.0000,-4.9556,0.0000,-0.0000,-0.0800,0.7071,0.7071,0.0000,0.0000,0.0000,0.0000,-0.0000,0.4979,0.4979,0.4979,0.4979,0.0000,0.0000,-9.7703,0.0000,0.0000,0.0000
1207,4.8280,0.0000,-0.0000,-5.0022,0.0000,-0.0000,-4.9558,0.0000,-0.0000,-0.0798,0.7071,0.7071,0.0000,0.0000,0.0000,0.0000,-0.0000,0.4979,0.4979,0.4979,0.4979,0.0000,-0.0000,-9.7701,0.0000,0.0000,0.0000
1208,4.8320,0.0000,-0.0000,-5.0025,0.0000,-0.0000,-4.9560,0.0000,-0.0000,-0.0797,0.7071,0.7071,0.0000,0.0000,0.0000,0.0000,-0.0000,0.4979,0.4979,0.4979,0.4979,0.0000,0.0000,-9.7699,0.0000,0.0000,0.0000
1209,4.8360,0.0000,-0.0000,-5.0029,0.0000,-0.0000,-4.9562,0.0000,-0.0000,-0.0795,0.7071,0.7071,0.0000,0.0000,0.0000,0.0000,-0.0000,0.4978,0.4978,0.4978,0.4978,0.0000,0.0000,-9.7697,0.0000,0.0000,0.0000
1210,4.8400,0.0000,-0.0000,-5.0032,0.0000,-0.0000,-4.9564,0.0000,-0.0000,-0.0793,0.7071,0.7071,0.0000,0.0000,0.0000,0.0000,-0.0000,0.4978,0.4978,0.4978,0.4978,0.0000,-0.0000,-9.7695,0.0000,0.0000,0.0000
1211,4.8440,0.0000,-0.0000,-5.0035,0.0000,-0.0000,-4.9566,0.0000,-0.0000,-0.0792,0.7071,0.7071,0.0000,0.0000,0.0000,0.0000,-0.0000,0.4978,0.4978,0.4978,0.4978,0.0000,-0.0000,-9.7694,0.0000,0.0000,0.0000
1212,4.8480,0.0000,-0.0000,-5.0038,0.0000,-0.0000,-4.9568,0.0000,-0.0000,-0.0790,0.7071,0.7071,0.0000,0.0000,0.0000,0.0000,-0.0000,0.4978,0.4978,0.4978,0.4978,0.0000,0.0000,-9.7692,0.0000,0.0000,0.0000
1213,4.8520,0.0000,-0.0000,-5.0041,0.0000,-0.0000,-4.9570,0.0000,-0.0000,-0.0788,0.7071,0.7071,0.0000,0.0000,0.0000,0.0000,-0.0000,0.4978,0.4978,0.4978,0.4978,0.0000,0.0000,-9.7690,0.0000,0.0000,0.0000
1214,4.8560,0.0000,-0.0000,-5.0044,0.0000,-0.0000,-4.9572,0.0000,-0.0000,-0.0787,0.7071,0.7071,0.0000,0.0000,0.0000,0.0000,-0.0000,0.4978,0.4978,0.4978,0.4978,0.0000,0.0000,-9.7688,0.0000,0.0000,0.0000
1215,4.8600,0.0000,-0.0000,-5.0047,0.0000,-0.0000,-4.9574,0.0000,-0.0000,-0.0785,0.7071,0.7071,0.0000,0.0000,0.0000,0.0000,-0.0000,0.4978,0.4978,0.4978,0.4978,0.0000,0.0000,-9.7686,0.0000,0.0000,0.0000
1216,4.8640,0.0000,-0.0000,-5.0051,0.0000,-0.0000,-4.9576,0.0000,-0.0000,-0.0783,0.7071,0.7071,0.0000,0.0000,0.0000,0.0000,-0.0000,0.4978,0.4978,0.4978,0.4978,0.0000,0.0000,-9.7684,0.0000,0.0000,0.0000
1217,4.8680,0.0000,-0.0000,-5.0054,0.0000,-0.0000,-4.9578,0.0000,-0.0000,-0.0782,0.7071,0.7071,0.0000,0.0000,0.0000,0.0000,-0.0000,0.4978,0.4978,0.4978,0.4978,0.0000,0.0000,-9.7682,0.0000,0.0000,0.0000
1218,4.8720,0.0000,-0.0000,-5.0057,0.0000,-0.0000,-4.9580,0.0000,-0.0000,-0.0780,0.7071,0.7071,0.0000,0.0000,0.0000,0.0000,-0.0000,0.4978,0.4978,0.4978,0.4978,0.0000,0.0000,-9.7680,0.0000,0.0000,0.0000
1219,4.8760,0.0000,-0.0000,-5.0060,0.0000,-0.0000,-4.9582,0.0000,-0.0000,-0.0778,0.7071,0.7071,0.0000,0.0000,0.0000,0.0000,-0.0000,0.4977,0.4977,0.4977,0.4977,0.0000,0.0000,-9.7678,0.0000,0.0000,0.0000
1220,4.8800,0.0000,-0.0000,-5.0063,0.0000,-0.0000,-4.9583,0.0000,-0.0000,-0.0777,0.7071,0.7071,0.0000,0.0000,0.0000,0.0000,-0.0000,0.4977,0.4977,0.4977,0.4977,0.0000,-0.0000,-9.7676,0.0000,0.0000,0.0000
1221,4.8840,0.0000,-0.0000,-5.0066,0.0000,-0.0000,-4.9585,0.0000,-0.0000,-0.0775,0.7071,0.7071,0.0000,0.0000,0.0000,0.0000,-0.0000,0.4977,0.4977,0.4977,0.4977,0.0000,-0.0000,-9.7674,0.0000,0.0000,0.0000
1222,4.8880,0.0000,-0.0000,-5.0069,0.0000,-0.0000,-4.9587,0.0000,-0.0000,-0.0773,0.7071,0.7071,0.0000,0.0000,0.0000,0.0000,-0.0000,0.4977,0.4977,0.4977,0.4977,0.0000,-0.0000,-9.7673,0.0000,0.0000,0.0000
1223,4.8920,0.0000,-0.0000,-5.0072,0.0000,-0.0000,-4.9589,0.0000,-0.0000,-0.0771,0.7071,0.7071,0.0000,0.0000,0.0000,0.0000,-0.0000,0.4977,0.4977,0.4977,0.4977,0.0000,0.0000,-9.7671,0.0000,0.0000,0.0000
1224,4.8960,0.0000,-0.0000,-5.0075,0.0000,-0.0000,-4.9591,0.0000,-0.0000,-0.0770,0.7071,0.7071,0.0000,0.0000,0.0000,0.0000,-0.0000,0.4977,0.4977,0.4977,0.4977,0.0000,0.0000,-9.7669,0.0000,0.0000,0.0000
1225,4.9000,0.0000,-0.0000,-5.0079,0.0000,-0.0000,-4.9593,0.0000,-0.0000,-0.0768,0.7071,0.7071,0.0000,0.0000,0.0000,0.0000,-0.0000,0.4977,0.4977,0.4977,0.4977,0.0000,-0.0000,-9.7667,0.0000,0.0000,0.0000
1226,4.9040,0.0000,-0.0000,-5.0082,0.0000,-0.0000,-4.9595,0.0000,-0.0000,-0.0766,0.7071,0.7071,0.0000,0.0000,0.0000,0.0000,-0.0000,0.4977,0.4977,0.4977,0.4977,0.0000,0.0000,-9.7665,0.0000,0.0000,0.0000
1227,4.9080,0.0000,-0.0000,-5.0085,0.0000,-0.0000,-4.9597,0.0000,-0.0000,-0.0764,0.7071,0.7071,0.0000,0.0000,0.0000,0.0000,-0.0000,0.4977,0.4977,0.4977,0.4977,0.0000,0.0000,-9.7663,0.0000,0.0000,0.0000
1228,4.9120,0.0000,-0.0000,-5.0088,0.0000,-0.0000,-4.9599,0.0000,-0.0000,-0.0763,0.7071,0.7071,0.0000,0.0000,0.0000,0.0000,-0.0000,0.4977,0.4977,0.4977,0.4977,0.0000,0.0000,-9.7661,0.0000,0.0000,0.0000
1229,4.9160,0.0000,-0.0000,-5.0091,0.0000,-0.0000,-4.9601,0.0000,-0.0000,-0.0761,0.7071,0.7071,0.0000,0.0000,0.0000,0.0000,-0.0000,0.4976,0.4976,0.4976,0.4976,0.0000,-0.0000,-9.7659,0.0000,0.0000,0.0000
1230,4.9200,0.0000,-0.0000,-5.0094,0.0000,-0.0000,-4.9603,0.0000,-0.0000,-0.0759,0.7071,0.7071,0.0000,0.0000,0.0000,0.0000,-0.0000,0.4976,0.4976,0.4976,0.4976,0.0000,-0.0000,-9.7657,0.0000,0.0000,0.0000
1231,4.9240,0.0000,-0.0000,-5.0097,0.0000,-0.0000,-4.9605,0.0000,-0.0000,-0.0757,0.7071,0.7071,0.0000,0.0000,0.0000,0.0000,-0.0000,0.4976,0.4976,0.4976,0.4976,0.0000,0.0000,-9.7656,0.0000,0.0000,0.0000
1232,4.9280,0.0000,-0.0000,-5.0100,0.0000,-0.0000,-4.9607,0.0000,-0.0000,-0.0756,0.7071,0.7071,0.0000,0.0000,0.0000,0.0000,-0.0000,0.4976,0.4976,0.4976,0.4976,0.0000,0.0000,-9.7654,0.0000,0.0000,0.0000
1233,4.9320,0.0000,-0.0000,-5.0103,0.0000,-0.0000,-4.9609,0.0000,-0.0000,-0.0754,0.7071,0.7071,0.0000,0.0000,0.0000,0.0000,-0.0000,0.4976,0.4976,0.4976,0.4976,0.0000,-0.0000,-9.7652,0.0000,0.0000,0.0000
1234,4.9360,0.0000,-0.0000,-5.0106,0.0000,-0.0000,-4.9611,0.0000,-0.0000,-0.0752,0.7071,0.7071,0.0000,0.0000,0.0000,0.0000,-0.0000,0.4976,0.4976,0.4976,0.4976,0.0000,-0.0000,-9.7650,0.0000,0.0000,0.0000
1235,4.9400,0.0000,-0.0000,-5.0109,0.0000,-0.0000,-4.9613,0.0000,-0.0000,-0.0750,0.7071,0.7071,0.0000,0.0000,0.0000,0.0000,-0.0000,0.4976,0.4976,0.4976,0.4976,0.0000,-0.0000,-9.7648,0.0000,0.0000,0.0000
1236,4.9440,0.0000,-0.0000,-5.0112,0.0000,-0.0000,-4.9615,0.0000,-0.0000,-0.0748,0.7071,0.7071,0.0000,0.0000,0.0000,0.0000,-0.0000,0.4976,0.4976,0.4976,0.4976,0.0000,0.0000,-9.7646,0.0000,0.0000,0.0000
1237,4.9480,0.0000,-0.0000,-5.0115,0.0000,-0.0000,-4.9617,0.0000,-0.0000,-0.0746,0.7071,0.7071,0.0000,0.0000,0.0000,0.0000,-0.0000,0.4976,0.4976,0.4976,0.4976,0.0000,0.0000,-9.7645,0.0000,0.0000,0.0000
1238,4.9520,0.0000,-0.0000,-5.0118,0.0000,-0.0000,-4.9618,0.0000,-0.0000,-0.0745,0.7071,0.7071,0.0000,0.0000,0.0000,0.0000,-0.0000,0.4976,0.4976,0.4976,0.4976,0.0000,0.0000,-9.7643,0.0000,0.0000,0.0000
1239,4.9560,0.0000,-0.0000,-5.0121,0.0000,-0.0000,-4.9620,0.0000,-0.0000,-0.0743,0.7071,0.7071,0.0000,0.0000,0.0000,0.0000,-0.0000,0.4976,0.4976,0.4976,0.4976,0.0000,0.0000,-9.7641,0.0000,0.0000,0.0000
1240,4.9600,0.0000,-0.0000,-5.0124,0.0000,-0.0000,-4.9622,0.0000,-0.0000,-0.0741,0.7071,0.7071,0.0000,0.0000,0.0000,0.0000,-0.0000,0.4975,0.4975,0.4975,0.4975,0.0000,0.0000,-9.7639,0.0000,0.0000,0.0000
1241,4.9640,0.0000,-0.0000,-5.0127,0.0000,-0.0000,-4.9624,0.0000,-0.0000,-0.0739,0.7071,0.7071,0.0000,0.0000,0.0000,0.0000,-0.0000,0.4975,0.4975,0.4975,0.4975,0.0000,-0.0000,-9.7637,0.0000,0.0000,0.0000
1242,4.9680,0.0000,-0.0000,-5.0130,0.0000,-0.0000,-4.9626,0.0000,-0.0000,-0.0737,0.7071,0.7071,0.0000,0.0000,0.0000,0.0000,-0.0000,0.4975,0.4975,0.4975,0.4975,0.0000,-0.0000,-9.7635,0.0000,0.0000,0.0000
1243,4.9720,0.0000,-0.0000,-5.0133,0.0000,-0.0000,-4.9628,0.0000,-0.0000,-0.0735,0.7071,0.7071,0.0000,0.0000,0.0000,0.0000,-0.0000,0.4975,0.4975,0.4975,0.4975,0.0000,-0.0000,-9.7634,0.0000,0.0000,0.0000
1244,4.9760,0.0000,-0.0000,-5.0136,0.0000,-0.0000,-4.9630,0.0000,-0.0000,-0.0733,0.7071,0.7071,0.0000,0.0000,0.0000,0.0000,-0.0000,0.4975,0.4975,0.4975,0.4975,0.0000,0.0000,-9.7632,0.0000,0.0000,0.0000
1245,4.9800,0.0000,-0.0000,-5.0138,0.0000,-0.0000,-4.9632,0.0000,-0.0000,-0.0732,0.7071,0.7071,0.0000,0.0000,0.0000,0.0000,-0.0000,0.4975,0.4975,0.4975,0.4975,0.0000,0.0000,-9.7630,0.0000,0.0000,0.0000
1246,4.9840,0.0000,-0.0000,-5.0141,0.0000,-0.0000,-4.9634,0.0000,-0.0000,-0.0730,0.7071,0.7071,0.0000,0.0000,0.0000,0.0000,-0.0000,0.4975,0.4975,0.4975,0.4975,0.0000,0.0000,-9.7628,0.0000,0.0000,0.0000
1247,4.9880,0.0000,-0.0000,-5.0144,0.0000,-0.0000,-4.9636,0.0000,-0.0000,-0.0728,0.7071,0.7071,0.0000,0.0000,0.0000,0.0000,-0.0000,0.4975,0.4975,0.4975,0.4975,0.0000,0.0000,-9.7626,0.0000,0.0000,0.0000
1248,4.9920,0.0000,-0.0000,-5.0147,0.0000,-0.0000,-4.9638,0.0000,-0.0000,-0.0726,0.7071,0.7071,0.0000,0.0000,0.0000,0.0000,-0.0000,0.4975,0.4975,0.4975,0.4975,0.0000,-0.0000,-9.7625,0.0000,0.0000,0.0000
1249,4.9960,0.0000,-0.0000,-5.0150,0.0000,-0.0000,-4.9640,0.0000,-0.0000,-0.0724,0.7071,0.7071,0.0000,0.0000,0.0000,0.0000,-0.0000,0.4975,0.4975,0.4975,0.4975,0.0000,0.0000,-9.7623,0.0000,0.0000,0.0000
1250,5.0000,0.0000,-0.0000,-5.0153,0.0000,-0.0000,-4.9642,0.0000,-0.0000,-0.0722,0.7071,0.7071,0.0000,0.0000,0.0000,0.0000,-0.0000,0.4975,0.4975,0.4975,0.4975,0.0000,0.0000,-9.7621,0.0000,0.0000,0.0000
1251,5.0040,0.0000,-0.0000,-5.0156,0.0000,-0.0000,-4.9644,0.0000,-0.0000,-0.0720,0.7071,0.7071,0.0000,0.0000,0.0000,0.0000,-0.0000,0.4975,0.4975,0.4975,0.4975,0.0000,-0.0000,-9.7619,0.0000,0.0000,0.0000
1252,5.0080,0.0000,-0.0000,-5.0159,0.0000,-0.0000,-4.9646,0.0000,-0.0000,-0.0718,0.7071,0.7071,0.0000,0.0000,0.0000,0.0000,-0.0000,0.4974,0.4974,0.4974,0.4974,0.0000,0.0000,-9.7618,0.0000,0.0000,0.0000
1253,5.0120,0.0000,-0.0000,-5.0162,0.0000,-0.0000,-4.9648,0.0000,-0.0000,-0.0716,0.7071,0.7071,0.0000,0.0000,0.0000,0.0000,-0.0000,0.4974,0.4974,0.4974,0.4974,0.0000,0.0000,-9.7616,0.0000,0.0000,0.0000
1254,5.0160,0.0000,-0.0000,-5.0164,0.0000,-0.0000,-4.9650,0.0000,-0.0000,-0.0714,0.7071,0.7071,0.0000,0.0000,0.0000,0.0000,-0.0000,0.4974,0.4974,0.4974,0.4974,0.0000,-0.0000,-9.7614,0.0000,0.0000,0.0000
1255,5.0200,0.0000,-0.0000,-5.0167,0.0000,-0.0000,-4.9652,0.0000,-0.0000,-0.0712,0.7071,0.7071,0.0000,0.0000,0.0000,0.0000,-0.0000,0.4974,0.4974,0.4974,0.4974,0.0000,0.0000,-9.7612,0.0000,0.0000,0.0000
1256,5.0240,0.0000,-0.0000,-5.0170,0.0000,-0.0000,-4.9654,0.0000,-0.0000,-0.0710,0.7071,0.7071,0.0000,0.0000,0.0000,0.0000,-0.0000,0.4974,0.4974,0.4974,0.4974,0.0000,-0.0000,-9.7611,0.0000,0.0000,0.0000
1257,5.0280,0.0000,-0.0000,-5.0173,0.0000,-0.0000,-4.9656,0.0000,-0.0000,-0.0708,0.7071,0.7071,0.0000,0.0000,0.0000,0.0000,-0.0000,0.4974,0.4974,0.4974,0.4974,0.0000,-0.0000,-9.7609,0.0000,0.0000,0.0000
1258,5.0320,0.0000,-0.0000,-5.0176,0.0000,-0.0000,-4.9658,0.0000,-0.0000,-0.0706,0.7071,0.7071,0.0000,0.0000,0.0000,0.0000,-0.0000,0.4974,0.4974,0.4974,0.4974,0.0000,0.0000,-9.7607,0.0000,0.0000,0.0000
1259,5.0360,0.0000,-0.0000,-5.0179,0.0000,-0.0000,-4.9660,0.0000,-0.0000,-0.0704,0.7071,0.7071,0.0000,0.0000,0.0000,0.0000,-0.0000,0.4974,0.4974,0.4974,0.4974,0.0000,0.0000,-9.7605,0.0000,0.0000,0.0000
1260,5.0400,0.0000,-0.0000,-5.0181,0.0000,-0.0000,-4.9662,0.0000,-0.0000,-0.0702,0.7071,0.7071,0.0000,0.0000,0.0000,0.0000,-0.0000,0.4974,0.4974,0.4974,0.4974,0.0000,0.0000,-9.7604,0.0000,0.0000,0.0000
1261,5.0440,0.0000,-0.0000,-5.0184,0.0000,-0.0000,-4.9663,0.0000,-0.0000,-0.0700,0.7071,0.7071,0.0000,0.0000,0.0000,0.0000,-0.0000,0.4974,0.4974,0.4974,0.4974,0.0000,-0.0000,-9.7602,0.0000,0.0000,0.0000
1262,5.0480,0.0000,-0.0000,-5.0187,0.0000,-0.0000,-4.9665,0.0000,-0.0000,-0.0698,0.7071,0.7071,0.0000,0.0000,0.0000,0.0000,-0.0000,0.4974,0.4974,0.4974,0.4974,0.0000,-0.0000,-9.7600,0.0000,0.0000,0.0000
1263,5.0520,0.0000,-0.0000,-5.0190,0.0000,-0.0000,-4.9667,0.0000,-0.0000,-0.0696,0.7071,0.7071,0.0000,0.0000,0.0000,0.0000,-0.0000,0.4973,0.4973,0.4973,0.4973,0.0000,-0.0000,-9.7598,0.0000,0.0000,0.0000
1264,5.0560,0.0000,-0.0000,-5.0193,0.0000,-0.0000,-4.9669,0.0000,-0.0000,-0.0694,0.7071,0.7071,0.0000,0.0000,0.0000,0.0000,-0.0000,0.4973,0.4973,0.4973,0.4973,0.0000,0.0000,-9.7597,0.0000,0.0000,0.0000
1265,5.0600,0.0000,-0.0000,-5.0195,0.0000,-0.0000,-4.9671,0.0000,-0.0000,-0.0692,0.7071,0.7071,0.0000,0.0000,0.0000,0.0000,-0.0000,0.4973,0.4973,0.4973,0.4973,0.0000,0.0000,-9.7595,0.0000,0.0000,0.0000
1266,5.0640,0.0000,-0.0000,-5.0198,0.0000,-0.0000,-4.9673,0.0000,-0.0000,-0.0690,0.7071,0.7071,0.0000,0.0000,0.0000,0.0000,-0.0000,0.4973,0.4973,0.4973,0.4973,0.0000,-0.0000,-9.7593,0.0000,0.0000,0.0000
1267,5.0680,0.0000,-0.0000,-5.0201,0.0000,-0.0000,-4.9675,0.0000,-0.0000,-0.0688,0.7071,0.7071,0.0000,0.0000,0.0000,0.0000,-0.0000,0.4973,0.4973,0.4973,0.4973,0.0000,-0.0000,-9.7592,0.0000,0.0000,0.0000
1268,5.0720,0.0000,-0.0000,-5.0204,0.0000,-0.0000,-4.9677,0.0000,-0.0000,-0.0686,0.7071,0.7071,0.0000,0.0000,0.0000,0.0000,-0.0000,0.4973,0.4973,0.4973,0.4973,0.0000,0.0000,-9.7590,0.0000,0.0000,0.0000
1269,5.0760,0.0000,-0.0000,-5.0206,0.0000,-0.0000,-4.9679,0.0000,-0.0000,-0.0684,0.7071,0.7071,0.0000,0.0000,0.0000,0.0000,-0.0000,0.4973,0.4973,0.4973,0.4973,0.0000,0.0000,-9.7588,0.0000,0.0000,0.0000
1270,5.0800,0.0000,-0.0000,-5.0209,0.0000,-0.0000,-4.9681,0.0000,-0.0000,-0.0682,0.7071,0.7071,0.0000,0.0000,0.0000,0.0000,-0.0000,0.4973,0.4973,0.4973,0.4973,0.0000,-0.0000,-9.7587,0.0000,0.0000,0.0000
1271,5.0840,0.0000,-0.0000,-5.0212,0.0000,-0.0000,-4.9683,0.0000,-0.0000,-0.0680,0.7071,0.7071,0.0000,0.0000,0.0000,0.0000,-0.0000,0.4973,0.4973,0.4973,0.4973,0.0000,0.0000,-9.7585,0.0000,0.0000,0.0000
1272,5.0880,0.0000,-0.0000,-5.0214,0.0000,-0.0000,-4.9685,0.0000,-0.0000,-0.0678,0.7071,0.7071,0.0000,0.0000,0.0000,0.0000,-0.0000,0.4973,0.4973,0.4973,0.4973,0.0000,-0.0000,-9.7583,0.0000,0.0000,0.0000
1273,5.0920,0.0000,-0.0000,-5.0217,0.0000,-0.0000,-4.9687,0.0000,-0.0000,-0.0676,0.7071,0.7071,0.0000,0.0000,0.0000,0.0000,-0.0000,0.4973,0.4973,0.4973,0.4973,0.0000,-0.0000,-9.7582,0.0000,0.0000,0.0000
1274,5.0960,0.0000,-0.0000,-5.0220,0.0000,-0.0000,-4.9689,0.0000,-0.0000,-0.0674,0.7071,0.7071,0.0000,0.0000,0.0000,0.0000,-0.0000,0.4973,0.4973,0.4973,0.4973,0.0000,0.0000,-9.7580,0.0000,0.0000,0.0000
1275,5.1000,0.0000,-0.0000,-5.0223,0.0000,-0.0000,-4.9691,0.0000,-0.0000,-0.0672,0.7071,0.7071,0.0000,0.0000,0.0000,0.0000,-0.0000,0.4972,0.4972,0.4972,0.4972,0.0000,-0.0000,-9.7578,0.0000,0.0000,0.0000
1276,5.1040,0.0000,-0.0000,-5.0225,0.0000,-0.0000,-4.9693,0.0000,-0.0000,-0.0670,0.7071,0.7071,0.0000,0.0000,0.0000,0.0000,-0.0000,0.4972,0.4972,0.4972,0.4972,0.0000,-0.0000,-9.7577,0.0000,0.0000,0.0000
1277,5.1080,0.0000,-0.0000,-5.0228,0.0000,-0.0000,-4.9695,0.0000,-0.0000,-0.0668,0.7071,0.7071,0.0000,0.0000,0.0000,0.0000,-0.0000,0.4972,0.4972,0.4972,0.4972,0.0000,0.0000,-9.7575,0.0000,0.0000,0.0000
1278,5.1120,0.0000,-0.0000,-5.0231,0.0000,-0.0000,-4.9697,0.0000,-0.0000,-0.0665,0.7071,0.7071,0.0000,0.0000,0.0000,0.0000,-0.0000,0.4972,0.4972,0.4972,0.4972,0.0000,-0.0000,-9.7573,0.0000,0.0000,0.0000
1279,5.1160,0.0000,-0.0000,-5.0233,0.0000,-0.0000,-4.9699,0.0000,-0.0000,-0.0663,0.7071,0.7071,0.0000,0.0000,0.0000,0.0000,-0.0000,0.4972,0.4972,0.4972,0.4972,0.0000,-0.0000,-9.7572,0.0000,0.0000,0.0000
1280,5.1200,0.0000,-0.0000,-5.0236,0.0000,-0.0000,-4.9701,0.0000,-0.0000,-0.0661,0.7071,0.7071,0.0000,0.0000,0.0000,0.0000,-0.0000,0.4972,0.4972,0.4972,0.4972,0.0000,0.0000,-9.7570,0.0000,0.0000,0.0000
1281,5.1240,0.0000,-0.0000,-5.0239,0.0000,-0.0000,-4.9703,0.0000,-0.0000,-0.0659,0.7071,0.7071,0.0000,0.0000,0.0000,0.0000,-0.0000,0.4972,0.4972,0.4972,0.4972,0.0000,-0.0000,-9.7568,0.0000,0.0000,0.0000
1282,5.1280,0.0000,-0.0000,-5.0241,0.0000,-0.0000,-4.9705,0.0000,-0.0000,-0.0657,0.7071,0.7071,0.0000,0.0000,0.0000,0.0000,-0.0000,0.4972,0.4972,0.4972,0.4972,0.0000,0.0000,-9.7567,0.0000,0.0000,0.0000
1283,5.1320,0.0000,-0.0000,-5.0244,0.0000,-0.0000,-4.9707,0.0000,-0.0000,-0.0655,0.7071,0.7071,0.0000,0.0000,0.0000,0.0000,-0.0000,0.4972,0.4972,0.4972,0.4972,0.0000,0.0000,-9.7565,0.0000,0.0000,0.0000
1284,5.1360,0.0000,-0.0000,-5.0246,0.0000,-0.0000,-4.9709,0.0000,-0.0000,-0.0653,0.7071,0.7071,0.0000,0.0000,0.0000,0.0000,-0.0000,0.4972,0.4972,0.4972,0.4972,0.0000,0.0000,-9.7564,0.0000,0.0000,0.0000
1285,5.1400,0.0000,-0.0000,-5.0249,0.0000,-0.0000,-4.9711,0.0000,-0.0000,-0.0650,0.7071,0.7071,0.0000,0.0000,0.0000,0.0000,-0.0000,0.4972,0.4972,0.4972,0.4972,0.0000,0.0000,-9.7562,0.0000,0.0000,0.0000
1286,5.1440,0.0000,-0.0000,-5.0252,0.0000,-0.0000,-4.9713,0.0000,-0.0000,-0.0648,0.7071,0.7071,0.0000,0.0000,0.0000,0.0000,-0.0000,0.4972,0.4972,0.4972,0.4972,0.0000,0.0000,-9.7560,0.0000,0.0000,0.0000
1287,5.1480,0.0000,-0.0000,-5.0254,0.0000,-0.0000,-4.9715,0.0000,-0.0000,-0.0646,0.7071,0.7071,0.0000,0.0000,0.0000,0.0000,-0.0000,0.4972,0.4972,0.4972,0.4972,0.0000,0.0000,-9.7559,0.0000,0.0000,0.0000
1288,5.1520,0.0000,-0.0000,-5.0257,0.0000,-0.0000,-4.9717,0.0000,-0.0000,-0.0644,0.7071,0.7071,0.0000,0.0000,0.0000,0.0000,-0.0000,0.4971,0.4971,0.4971,0.4971,0.0000,-0.0000,-9.7557,0.0000,0.0000,0.0000
1289,5.1560,0.0000,-0.0000,-5.0259,0.0000,-0.0000,-4.9718,0.0000,-0.0000,-0.0642,0.7071,0.7071,0.0000,0.0000,0.0000,0.0000,-0.0000,0.4971,0.4971,0.4971,0.4971,0.0000,0.0000,-9.7556,0.0000,0.0000,0.0000
1290,5.1600,0.0000,-0.0000,-5.0262,0.0000,-0.0000,-4.9720,0.0000,-0.0000,-0.0640,0.7071,0.7071,0.0000,0.0000,0.0000,0.0000,-0.0000,0.4971,0.4971,0.4971,0.4971,0.0000,-0.0000,-9.7554,0.0000,0.0000,0.0000
1291,5.1640,0.0000,-0.0000,-5.0264,0.0000,-0.0000,-4.9722,0.0000,-0.0000,-0.0637,0.7071,0.7071,0.0000,0.0000,0.0000,0.0000,-0.0000,0.4971,0.4971,0.4971,0.4971,0.0000,-0.0000,-9.7553,0.0000,0.0000,0.0000
1292,5.1680,0.0000,-0.0000,-5.0267,0.0000,-0.0000,-4.9724,0.0000,-0.0000,-0.0635,0.7071,0.7071,0.0000,0.0000,0.0000,0.0000,-0.0000,0.4971,0.4971,0.4971,0.4971,0.0000,0.0000,-9.7551,0.0000,0.0000,0.0000
1293,5.1720,0.0000,-0.0000,-5.0269,0.0000,-0.0000,-4.9726,0.0000,-0.0000,-0.0633,0.7071,0.7071,0.0000,0.0000,0.0000,0.0000,-0.0000,0.4971,0.4971,0.4971,0.4971,0.0000,-0.0000,-9.7549,0.0000,0.0000,0.0000
1294,5.1760,0.0000,-0.0000,-5.0272,0.0000,-0.0000,-4.9728,0.0000,-0.0000,-0.0631,0.7071,0.7071,0.0000,0.0000,0.0000,0.0000,-0.0000,0.4971,0.4971,0.4971,0.4971,0.0000,0.0000,-9.7548,0.0000,0.0000,0.0000
1295,5.1800,0.0000,-0.0000,-5.0275,0.0000,-0.0000,-4.9730,0.0000,-0.0000,-0.0629,0.7071,0.7071,0.0000,0.0000,0.0000,0.0000,-0.0000,0.4971,0.4971,0.4971,0.4971,0.0000,0.0000,-9.7546,0.0000,0.0000,0.0000
1296,5.1840,0.0000,-0.0000,-5.0277,0.0000,-0.0000,-4.9732,0.0000,-0.0000,-0.0626,0.7071,0.7071,0.0000,0.0000,0.0000,0.0000,-0.0000,0.4971,0.4971,0.4971,0.4971,0.0000,0.0000,-9.7545,0.0000,0.0000,0.0000
1297,5.1880,0.0000,-0.0000,-5.0280,0.0000,-0.0000,-4.9734,0.0000,-0.0000,-0.0624,0.7071,0.7071,0.0000,0.0000,0.0000,0.0000,-0.0000,0.4971,0.4971,0.4971,0.4971,0.0000,-0.0000,-9.7543,0.0000,0.0000,0.0000
1298,5.1920,0.0000,-0.0000,-5.0282,0.0000,-0.0000,-4.9736,0.0000,-0.0000,-0.0622,0.7071,0.7071,0.0000,0.0000,0.0000,0.0000,-0.0000,0.4971,0.4971,0.4971,0.4971,0.0000,0.0000,-9.7542,0.0000,0.0000,0.0000
1299,5.1960,0.0000,-0.0000,-5.0284,0.0000,-0.0000,-4.9738,0.0000,-0.0000,-0.0620,0.7071,0.7071,0.0000,0.0000,0.0000,0.0000,-0.0000,0.4971,0.4971,0.4971,0.4971,0.0000,-0.0000,-9.7540,0.0000,0.0000,0.0000
1300,5.2000,0.0000,-0.0000,-5.0287,0.0000,-0.0000,-4.9740,0.0000,-0.0000,-0.0617,0.7071,0.7071,0.0000,0.0000,0.0000,0.0000,-0.0000,0.4971,0.4971,0.4971,0.4971,0.0000,-0.0000,-9.7539,0.0000,0.0000,0.0000
1301,5.2040,0.0000,-0.0000,-5.0289,0.0000,-0.0000,-4.9742,0.0000,-0.0000,-0.0615,0.7071,0.7071,0.0000,0.0000,0.0000,0.0000,-0.0000,0.4970,0.4970,0.4970,0.4970,0.0000,0.0000,-9.7537,0.0000,0.0000,0.0000
1302,5.2080,0.0000,-0.0000,-5.0292,0.0000,-0.0000,-4.9744,0.0000,-0.0000,-0.0613,0.7071,0.7071,0.0000,0.0000,0.0000,0.0000,-0.0000,0.4970,0.4970,0.4970,0.4970,0.0000,-0.0000,-9.7536,0.0000,0.0000,0.0000
1303,5.2120,0.0000,-0.0000,-5.0294,0.0000,-0.0000,-4.9746,0.0000,-0.0000,-0.0611,0.7071,0.7071,0.0000,0.0000,0.0000,0.0000,-0.0000,0.4970,0.4970,0.4970,0.4970,0.0000,0.0000,-9.7534,0.0000,0.0000,0.0000
1304,5.2160,0.0000,-0.0000,-5.0297,0.0000,-0.0000,-4.9748,0.0000,-0.0000,-0.0608,0.7071,0.7071,0.0000,0.0000,0.0000,0.0000,-0.0000,0.4970,0.4970,0.4970,0.4970,0.0000,0.0000,-9.7533,0.0000,0.0000,0.0000
1305,5.2200,0.0000,-0.0000,-5.0299,0.0000,-0.0000,-4.9750,0.0000,-0.0000,-0.0606,0.7071,0.7071,0.0000,0.0000,0.0000,0.0000,-0.0000,0.4970,0.4970,0.4970,0.4970,0.0000,-0.0000,-9.7531,0.0000,0.0000,0.0000
1306,5.2240,0.0000,-0.0000,-5.0302,0.0000,-0.0000,-4.9752,0.0000,-0.0000,-0.0604,0.7071,0.7071,0.0000,0.0000,0.0000,0.0000,-0.0000,0.4970,0.4970,0.4970,0.4970,0.0000,0.0000,-9.7530,0.0000,0.0000,0.0000
1307,5.2280,0.0000,-0.0000,-5.0304,0.0000,-0.0000,-4.9754,0.0000,-0.0000,-0.0601,0.7071,0.7071,0.0000,0.0000,0.0000,0.0000,-0.0000,0.4970,0.4970,0.4970,0.4970,0.0000,-0.0000,-9.7528,0.0000,0.0000,0.0000
1308,5.2320,0.0000,-0.0000,-5.0306,0.0000,-0.0000,-4.9756,0.0000,-0.0000,-0.0599,0.7071,0.7071,0.0000,0.0000,0.0000,0.0000,-0.0000,0.4970,0.4970,0.4970,0.4970,0.0000,0.0000,-9.7527,0.0000,0.0000,0.0000
1309,5.2360,0.0000,-0.0000,-5.0309,0.0000,-0.0000,-4.9758,0.0000,-0.0000,-0.0597,0.7071,0.7071,0.0000,0.0000,0.0000,0.0000,-0.0000,0.4970,0.4970,0.4970,0.4970,0.0000,0.0000,-9.7525,0.0000,0.0000,0.0000
1310,5.2400,0.0000,-0.0000,-5.0311,0.0000,-0.0000,-4.9760,0.0000,-0.0000,-0.0594,0.7071,0.7071,0.0000,0.0000,0.0000,0.0000,-0.0000,0.4970,0.4970,0.4970,0.4970,0.0000,0.0000,-9.7524,0.0000,0.0000,0.0000
1311,5.2440,0.0000,-0.0000,-5.0314,0.0000,-0.0000,-4.9762,0.0000,-0.0000,-0.0592,0.7071,0.7071,0.0000,0.0000,0.0000,0.0000,-0.0000,0.4970,0.4970,0.4970,0.4970,0.0000,0.0000,-9.7523,0.0000,0.0000,0.0000
1312,5.2480,0.0000,-0.0000,-5.0316,0.0000,-0.0000,-4.9764,0.0000,-0.0000,-0.0590,0.7071,0.7071,0.0000,0.0000,0.0000,0.0000,-0.0000,0.4970,0.4970,0.4970,0.4970,0.0000,0.0000,-9.7521,0.0000,0.0000,0.0000
1313,5.2520,0.0000,-0.0000,-5.0318,0.0000,-0.0000,-4.9766,0.0000,-0.0000,-0.0588,0.7071,0.7071,0.0000,0.0000,0.0000,0.0000,-0.0000,0.4970,0.4970,0.4970,0.4970,0.0000,-0.0000,-9.7520,0.0000,0.0000,0.0000
1314,5.2560,0.0000,-0.0000,-5.0321,0.0000,-0.0000,-4.9767,0.0000,-0.0000,-0.0585,0.7071,0.7071,0.0000,0.0000,0.0000,0.0000,-0.0000,0.4970,0.4970,0.4970,0.4970,0.0000,-0.0000,-9.7518,0.0000,0.0000,0.0000
1315,5.2600,0.0000,-0.0000,-5.0323,0.0000,-0.0000,-4.9769,0.0000,-0.0000,-0.0583,0.7071,0.7071,0.0000,0.0000,0.0000,0.0000,-0.0000,0.4969,0.4969,0.4969,0.4969,0.0000,0.0000,-9.7517,0.0000,0.0000,0.0000
1316,5.2640,0.0000,-0.0000,-5.0325,0.0000,-0.0000,-4.9771,0.0000,-0.0000,-0.0581,0.7071,0.7071,0.0000,0.0000,0.0000,0.0000,-0.0000,0.4969,0.4969,0.4969,0.4969,0.0000,-0.0000,-9.7515,0.0000,0.0000,0.0000
1317,5.2680,0.0000,-0.0000,-5.0328,0.0000,-0.0000,-4.9773,0.0000,-0.0000,-0.0578,0.7071,0.7071,0.0000,0.0000,0.0000,0.0000,-0.0000,0.4969,0.4969,0.4969,0.4969,0.0000,-0.0000,-9.7514,0.0000,0.0000,0.0000
1318,5.2720,0.0000,-0.0000,-5.0330,0.0000,-0.0000,-4.9775,0.0000,-0.0000,-0.0576,0.7071,0.7071,0.0000,0.0000,0.0000,0.0000,-0.0000,0.4969,0.4969,0.4969,0.4969,0.0000,-0.0000,-9.7513,0.0000,0.0000,0.0000
1319,5.2760,0.0000,-0.0000,-5.0332,0.0000,-0.0000,-4.9777,0.0000,-0.0000,-0.0573,0.7071,0.7071,0.0000,0.0000,0.0000,0.0000,-0.0000,0.4969,0.4969,0.4969,0.4969,0.0000,0.0000,-9.7511,0.0000,0.0000,0.0000
1320,5.2800,0.0000,-0.0000,-5.0334,0.0000,-0.0000,-4.9779,0.0000,-0.0000,-0.0571,0.7071,0.7071,0.0000,0.0000,0.0000,0.0000,-0.0000,0.4969,0.4969,0.4969,0.4969,0.0000,0.0000,-9.7510,0.0000,0.0000,0.0000
1321,5.2840,0.0000,-0.0000,-5.0337,0.0000,-0.0000,-4.9781,0.0000,-0.0000,-0.0569,0.7071,0.7071,0.0000,0.0000,0.0000,0.0000,-0.0000,0.4969,0.4969,0.4969,0.4969,0.0000,0.0000,-9.7509,0.0000,0.0000,0.0000
1322,5.2880,0.0000,-0.0000,-5.0339,0.0000,-0.0000,-4.9783,0.0000,-0.0000,-0.0566,0.7071,0.7071,0.0000,0.0000,0.0000,0.0000,-0.0000,0.4969,0.4969,0.4969,0.4969,0.0000,-0.0000,-9.7507,0.0000,0.0000,0.0000
1323,5.2920,0.0000,-0.0000,-5.0341,0.0000,-0.0000,-4.9785,0.0000,-0.0000,-0.0564,0.7071,0.7071,0.0000,0.0000,0.0000,0.0000,-0.0000,0.4969,0.4969,0.4969,0.4969,0.0000,-0.0000,-9.7506,0.0000,0.0000,0.0000
1324,5.2960,0.0000,-0.0000,-5.0343,0.0000,-0.0000,-4.9787,0.0000,-0.0000,-0.0562,0.7071,0.7071,0.0000,0.0000,0.0000,0.0000,-0.0000,0.4969,0.4969,0.4969,0.4969,0.0000,0.0000,-9.7504,0.0000,0.0000,0.0000
1325,5.3000,0.0000,-0.0000,-5.0346,0.0000,-0.0000,-4.9789,0.0000,-0.0000,-0.0559,0.7071,0.7071,0.0000,0.0000,0.0000,0.0000,-0.0000,0.4969,0.4969,0.4969,0.4969,0.0000,0.0000,-9.7503,0.0000,0.0000,0.0000
1326,5.3040,0.0000,-0.0000,-5.0348,0.0000,-0.0000,-4.9791,0.0000,-0.0000,-0.0557,0.7071,0.7071,0.0000,0.0000,0.0000,0.0000,-0.0000,0.4969,0.4969,0.4969,0.4969,0.0000,-0.0000,-9.7502,0.0000,0.0000,0.0000
1327,5.3080,0.0000,-0.0000,-5.0350,0.0000,-0.0000,-4.9793,0.0000,-0.0000,-0.0554,0.7071,0.7071,0.0000,0.0000,0.0000,0.0000,-0.0000,0.4969,0.4969,0.4969,0.4969,0.0000,0.0000,-9.7500,0.0000,0.0000,0.0000
1328,5.3120,0.0000,-0.0000,-5.0352,0.0000,-0.0000,-4.9795,0.0000,-0.0000,-0.0552,0.7071,0.7071,0.0000,0.0000,0.0000,0.0000,-0.0000,0.4969,0.4969,0.4969,0.4969,0.0000,-0.0000,-9.7499,0.0000,0.0000,0.0000
1329,5.3160,0.0000,-0.0000,-5.0355,0.0000,-0.0000,-4.9797,0.0000,-0.0000,-0.0550,0.7071,0.7071,0.0000,0.0000,0.0000,0.0000,-0.0000,0.4969,0.4969,0.4969,0.4969,0.0000,-0.0000,-9.7498,0.0000,0.0000,0.0000
1330,5.3200,0.0000,-0.0000,-5.0357,0.0000,-0.0000,-4.9799,0.0000,-0.0000,-0.0547,0.7071,0.7071,0.0000,0.0000,0.0000,0.0000,-0.0000,0.4968,0.4968,0.4968,0.4968,0.0000,0.0000,-9.7497,0.0000,0.0000,0.0000
1331,5.3240,0.0000,-0.0000,-5.0359,0.0000,-0.0000,-4.9801,0.0000,-0.0000,-0.0545,0.7071,0.7071,0.0000,0.0000,0.0000,0.0000,-0.0000,0.4968,0.4968,0.4968,0.4968,0.0000,-0.0000,-9.7495,0.0000,0.0000,0.0000
1332,5.3280,0.0000,-0.0000,-5.0361,0.0000,-0.0000,-4.9803,0.0000,-0.0000,-0.0542,0.7071,0.7071,0.0000,0.0000,0.0000,0.0000,-0.0000,0.4968,0.4968,0.4968,0.4968,0.0000,-0.0000,-9.7494,0.0000,0.0000,0.0000
1333,5.3320,0.0000,-0.0000,-5.0363,0.0000,-0.0000,-4.9805,0.0000,-0.0000,-0.0540,0.7071,0.7071,0.0000,0.0000,0.0000,0.0000,-0.0000,0.4968,0.4968,0.4968,0.4968,0.0000,-0.0000,-9.7493,0.0000,0.0000,0.0000
1334,5.3360,0.0000,-0.0000,-5.0365,0.0000,-0.0000,-4.9806,0.0000,-0.0000,-0.0537,0.7071,0.7071,0.0000,0.0000,0.0000,0.0000,-0.0000,0.4968,0.4968,0.4968,0.4968,0.0000,0.0000,-9.7491,0.0000,0.0000,0.0000
1335,5.3400,0.0000,-0.0000,-5.0368,0.0000,-0.0000,-4.9808,0.0000,-0.0000,-0.0535,0.7071,0.7071,0.0000,0.0000,0.0000,0.0000,-0.0000,0.4968,0.4968,0.4968,0.4968,0.0000,0.0000,-9.7490,0.0000,0.0000,0.0000
1336,5.3440,0.0000,-0.0000,-5.0370,0.0000,-0.0000,-4.9810,0.0000,-0.0000,-0.0533,0.7071,0.7071,0.0000,0.0000,0.0000,0.0000,-0.0000,0.4968,0.4968,0.4968,0.4968,0.0000,0.0000,-9.7489,0.0000,0.0000,0.0000
1337,5.3480,0.0000,-0.0000,-5.0372,0.0000,-0.0000,-4.9812,0.0000,-0.0000,-0.0530,0.7071,0.7071,0.0000,0.0000,0.0000,0.0000,-0.0000,0.4968,0.4968,0.4968,0.4968,0.0000,0.0000,-9.7488,0.0000,0.0000,0.0000
1338,5.3520,0.0000,-0.0000,-5.0374,0.0000,-0.0000,-4.9814,0.0000,-0.0000,-0.0528,0.7071,0.7071,0.0000,0.0000,0.0000,0.0000,-0.0000,0.4968,0.4968,0.4968,0.4968,0.0000,-0.0000,-9.7486,0.0000,0.0000,0.0000
1339,5.3560,0.0000,-0.0000,-5.0376,0.0000,-0.0000,-4.9816,0.0000,-0.0000,-0.0525,0.7071,0.7071,0.0000,0.0000,0.0000,0.0000,-0.0000,0.4968,0.4968,0.4968,0.4968,0.0000,0.0000,-9.7485,0.0000,0.0000,0.0000
1340,5.3600,0.0000,-0.0000,-5.0378,0.0000,-0.0000,-4.9818,0.0000,-0.0000,-0.0523,0.7071,0.7071,0.0000,0.0000,0.0000,0.0000,-0.0000,0.4968,0.4968,0.4968,0.4968,0.0000,0.0000,-9.7484,0.0000,0.0000,0.0000
1341,5.3640,0.0000,-0.0000,-5.0380,0.0000,-0.0000,-4.9820,0.0000,-0.0000,-0.0520,0.7071,0.7071,0.0000,0.0000,0.0000,0.0000,-0.0000,0.4968,0.4968,0.4968,0.4968,0.0000,-0.0000,-9.7483,0.0000,0.0000,0.0000
1342,5.3680,0.0000,-0.0000,-5.0382,0.0000,-0.0000,-4.9822,0.0000,-0.0000,-0.0518,0.7071,0.7071,0.0000,0.0000,0.0000,0.0000,-0.0000,0.4968,0.4968,0.4968,0.4968,0.0000,-0.0000,-9.7481,0.0000,0.0000,0.0000
1343,5.3720,0.0000,-0.0000,-5.0384,0.0000,-0.0000,-4.9824,0.0000,-0.0000,-0.0515,0.7071,0.7071,0.0000,0.0000,0.0000,0.0000,-0.0000,0.4968,0.4968,0.4968,0.4968,0.0000,0.0000,-9.7480,0.0000,0.0000,0.0000
1344,5.3760,0.0000,-0.0000,-5.0386,0.0000,-0.0000,-4.9826,0.0000,-0.0000,-0.0513,0.7071,0.7071,0.0000,0.0000,0.0000,0.0000,-0.0000,0.4968,0.4968,0.4968,0.4968,0.0000,0.0000,-9.7479,0.0000,0.0000,0.0000
1345,5.3800,0.0000,-0.0000,-5.0388,0.0000,-0.0000,-4.9828,0.0000,-0.0000,-0.0510,0.7071,0.7071,0.0000,0.0000,0.0000,0.0000,-0.0000,0.4968,0.4968,0.4968,0.4968,0.0000,0.0000,-9.7478,0.0000,0.0000,0.0000
1346,5.3840,0.0000,-0.0000,-5.0390,0.0000,-0.0000,-4.9830,0.0000,-0.0000,-0.0508,0.7071,0.7071,0.0000,0.0000,0.0000,0.0000,-0.0000,0.4968,0.4968,0.4968,0.4968,0.0000,-0.0000,-9.7477,0.0000,0.0000,0.0000
1347,5.3880,0.0000,-0.0000,-5.0392,0.0000,-0.0000,-4.9832,0.0000,-0.0000,-0.0505,0.7071,0.7071,0.0000,0.0000,0.0000,0.0000,-0.0000,0.4967,0.4967,0.4967,0.4967,0.0000,-0.0000,-9.7475,0.0000,0.0000,0.0000
1348,5.3920,0.0000,-0.0000,-5.0394,0.0000,-0.0000,-4.9834,0.0000,-0.0000,-0.0503,0.7071,0.7071,0.0000,0.0000,0.0000,0.0000,-0.0000,0.4967,0.4967,0.4967,0.4967,0.0000,0.0000,-9.7474,0.0000,0.0000,0.0000
1349,5.3960,0.0000,-0.0000,-5.0396,0.0000,-0.0000,-4.9835,0.0000,-0.0000,-0.0500,0.7071,0.7071,0.0000,0.0000,0.0000,0.0000,-0.0000,0.4967,0.4967,0.4967,0.4967,0.0000,0.0000,-9.7473,0.0000,0.0000,0.0000
1350,5.4000,0.0000,-0.0000,-5.0398,0.0000,-0.0000,-4.9837,0.0000,-0.0000,-0.0498,0.7071,0.7071,0.0000,0.0000,0.0000,0.0000,-0.0000,0.4967,0.4967,0.4967,0.4967,0.0000,-0.0000,-9.7472,0.0000,0.0000,0.0000
1351,5.4040,0.0000,-0.0000,-5.0400,0.0000,-0.0000,-4.9839,0.0000,-0.0000,-0.0495,0.7071,0.7071,0.0000,0.0000,0.0000,0.0000,-0.0000,0.4967,0.4967,0.4967,0.4967,0.0000,-0.0000,-9.7471,0.0000,0.0000,0.0000
1352,5.4080,0.0000,-0.0000,-5.0402,0.0000,-0.0000,-4.9841,0.0000,-0.0000,-0.0493,0.7071,0.7071,0.0000,0.0000,0.0000,0.0000,-0.0000,0.4967,0.4967,0.4967,0.4967,0.0000,-0.0000,-9.7469,0.0000,0.0000,0.0000
1353,5.4120,0.0000,-0.0000,-5.0404,0.0000,-0.0000,-4.9843,0.0000,-0.0000,-0.0490,0.7071,0.7071,0.0000,0.0000,0.0000,0.0000,-0.0000,0.4967,0.4967,0.4967,0.4967,0.0000,0.0000,-9.7468,0.0000,0.0000,0.0000
1354,5.4160,0.0000,-0.0000,-5.0406,0.0000,-0.0000,-4.9845,0.0000,-0.0000,-0.0488,0.7071,0.7071,0.0000,0.0000,0.0000,0.0000,-0.0000,0.4967,0.4967,0.4967,0.4967,0.0000,0.0000,-9.7467,0.0000,0.0000,0.0000
1355,5.4200,0.0000,-0.0000,-5.0408,0.0000,-0.0000,-4.9847,0.0000,-0.0000,-0.0485,0.7071,0.7071,0.0000,0.0000,0.0000,0.0000,-0.0000,0.4967,0.4967,0.4967,0.4967,0.0000,-0.0000,-9.7466,0.0000,0.0000,0.0000
1356,5.4240,0.0000,-0.0000,-5.0410,0.0000,-0.0000,-4.9849,0.0000,-0.0000,-0.0482,0.7071,0.7071,0.0000,0.0000,0.0000,0.0000,-0.0000,0.4967,0.4967,0.4967,0.4967,0.0000,-0.0000,-9.7465,0.0000,0.0000,0.0000
1357,5.4280,0.0000,-0.0000,-5.0412,0.0000,-0.0000,-4.9851,0.0000,-0.0000,-0.0480,0.7071,0.7071,0.0000,0.0000,0.0000,0.0000,-0.0000,0.4967,0.4967,0.4967,0.4967,0.0000,-0.0000,-9.7464,0.0000,0.0000,0.0000
1358,5.4320,0.0000,-0.0000,-5.0414,0.0000,-0.0000,-4.9853,0.0000,-0.0000,-0.0477,0.7071,0.7071,0.0000,0.0000,0.0000,0.0000,-0.0000,0.4967,0.4967,0.4967,0.4967,0.0000,-0.0000,-9.7463,0.0000,0.0000,0.0000
1359,5.4360,0.0000,-0.0000,-5.0416,0.0000,-0.0000,-4.9855,0.0000,-0.0000,-0.0475,0.7071,0.7071,0.0000,0.0000,0.0000,0.0000,-0.0000,0.4967,0.4967,0.4967,0.4967,0.0000,0.0000,-9.7462,0.0000,0.0000,0.0000
1360,5.4400,0.0000,-0.0000,-5.0418,0.0000,-0.0000,-4.9857,0.0000,-0.0000,-0.0472,0.7071,0.7071,0.0000,0.0000,0.0000,0.0000,-0.0000,0.4967,0.4967,0.4967,0.4967,0.0000,0.0000,-9.7461,0.0000,0.0000,0.0000
1361,5.4440,0.0000,-0.0000,-5.0420,0.0000,-0.0000,-4.9858,0.0000,-0.0000,-0.0470,0.7071,0.7071,0.0000,0.0000,0.0000,0.0000,-0.0000,0.4967,0.4967,0.4967,0.4967,0.0000,-0.0000,-9.7459,0.0000,0.0000,0.0000
1362,5.4480,0.0000,-0.0000,-5.0422,0.0000,-0.0000,-4.9860,0.0000,-0.0000,-0.0467,0.7071,0.7071,0.0000,0.0000,0.0000,0.0000,-0.0000,0.4967,0.4967,0.4967,0.4967,0.0000,0.0000,-9.7458,0.0000,0.0000,0.0000
1363,5.4520,0.0000,-0.0000,-5.0423,0.0000,-0.0000,-4.9862,0.0000,-0.0000,-0.0465,0.7071,0.7071,0.0000,0.0000,0.0000,0.0000,-0.0000,0.4967,0.4967,0.4967,0.4967,0.0000,0.0000,-9.7457,0.0000,0.0000,0.0000
1364,5.4560,0.0000,-0.0000,-5.0425,0.0000,-0.0000,-4.9864,0.0000,-0.0000,-0.0462,0.7071,0.7071,0.0000,0.0000,0.0000,0.0000,-0.0000,0.4967,0.4967,0.4967,0.4967,0.0000,-0.0000,-9.7456,0.0000,0.0000,0.0000
1365,5.4600,0.0000,-0.0000,-5.0427,0.0000,-0.0000,-4.9866,0.0000,-0.0000,-0.0459,0.7071,0.7071,0.0000,0.0000,0.0000,0.0000,-0.0000,0.4967,0.4967,0.4967,0.4967,0.0000,0.0000,-9.7455,0.0000,0.0000,0.0000
1366,5.4640,0.0000,-0.0000,-5.0429,0.0000,-0.0000,-4.9868,0.0000,-0.0000,-0.0457,0.7071,0.7071,0.0000,0.0000,0.0000,0.0000,-0.0000,0.4966,0.4966,0.4966,0.4966,0.0000,0.0000,-9.7454,0.0000,0.0000,0.0000
1367,5.4680,0.0000,-0.0000,-5.0431,0.0000,-0.0000,-4.9870,0.0000,-0.0000,-0.0454,0.7071,0.7071,0.0000,0.0000,0.0000,0.0000,-0.0000,0.4966,0.4966,0.4966,0.4966,0.0000,-0.0000,-9.7453,0.0000,0.0000,0.0000
1368,5.4720,0.0000,-0.0000,-5.0433,0.0000,-0.0000,-4.9872,0.0000,-0.0000,-0.0452,0.7071,0.7071,0.0000,0.0000,0.0000,0.0000,-0.0000,0.4966,0.4966,0.4966,0.4966,0.0000,-0.0000,-9.7452,0.0000,0.0000,0.0000
1369,5.4760,0.0000,-0.0000,-5.0434,0.0000,-0.0000,-4.9874,0.0000,-0.0000,-0.0449,0.7071,0.7071,0.0000,0.0000,0.0000,0.0000,-0.0000,0.4966,0.4966,0.4966,0.4966,0.0000,-0.0000,-9.7451,0.0000,0.0000,0.0000
1370,5.4800,0.0000,-0.0000,-5.0436,0.0000,-0.0000,-4.9876,0.0000,-0.0000,-0.0446,0.7071,0.7071,0.0000,0.0000,0.0000,0.0000,-0.0000,0.4966,0.4966,0.4966,0.4966,0.0000,0.0000,-9.7450,0.0000,0.0000,0.0000
1371,5.4840,0.0000,-0.0000,-5.0438,0.0000,-0.0000,-4.9878,0.0000,-0.0000,-0.0444,0.7071,0.7071,0.0000,0.0000,0.0000,0.0000,-0.0000,0.4966,0.4966,0.4966,0.4966,0.0000,0.0000,-9.7449,0.0000,0.0000,0.0000
1372,5.4880,0.0000,-0.0000,-5.0440,0.0000,-0.0000,-4.9879,0.0000,-0.0000,-0.0441,0.7071,0.7071,0.0000,0.0000,0.0000,0.0000,-0.0000,0.4966,0.4966,0.4966,0.4966,0.0000,0.0000,-9.7448,0.0000,0.0000,0.0000
1373,5.4920,0.0000,-0.0000,-5.0441,0.0000,-0.0000,-4.9881,0.0000,-0.0000,-0.0439,0.7071,0.7071,0.0000,0.0000,0.0000,0.0000,-0.0000,0.4966,0.4966,0.4966,0.4966,0.0000,-0.0000,-9.7447,0.0000,0.0000,0.0000
1374,5.4960,0.0000,-0.0000,-5.0443,0.0000,-0.0000,-4.9883,0.0000,-0.0000,-0.0436,0.7071,0.7071,0.0000,0.0000,0.0000,0.0000,-0.0000,0.4966,0.4966,0.4966,0.4966,0.0000,0.0000,-9.7446,0.0000,0.0000,0.0000
1375,5.5000,0.0000,-0.0000,-5.0445,0.0000,-0.0000,-4.9885,0.0000,-0.0000,-0.0433,0.7071,0.7071,0.0000,0.0000,0.0000,0.0000,-0.0000,0.4966,0.4966,0.4966,0.4966,0.0000,-0.0000,-9.7445,0.0000,0.0000,0.0000
1376,5.5040,0.0000,-0.0000,-5.0447,0.0000,-0.0000,-4.9887,0.0000,-0.0000,-0.0431,0.7071,0.7071,0.0000,0.0000,0.0000,0.0000,-0.0000,0.4966,0.4966,0.4966,0.4966,0.0000,0.0000,-9.7444,0.0000,0.0000,0.0000
1377,5.5080,0.0000,-0.0000,-5.0448,0.0000,-0.0000,-4.9889,0.0000,-0.0000,-0.0428,0.7071,0.7071,0.0000,0.0000,0.0000,0.0000,-0.0000,0.4966,0.4966,0.4966,0.4966,0.0000,0.0000,-9.7443,0.0000,0.0000,0.0000
1378,5.5120,0.0000,-0.0000,-5.0450,0.0000,-0.0000,-4.9891,0.0000,-0.0000,-0.0425,0.7071,0.7071,0.0000,0.0000,0.0000,0.0000,-0.0000,0.4966,0.4966,0.4966,0.4966,0.0000,0.0000,-9.7442,0.0000,0.0000,0.0000
1379,5.5160,0.0000,-0.0000,-5.0452,0.0000,-0.0000,-4.9893,0.0000,-0.0000,-0.0423,0.7071,0.7071,0.0000,0.0000,0.0000,0.0000,-0.0000,0.4966,0.4966,0.4966,0.4966,0.0000,0.0000,-9.7441,0.0000,0.0000,0.0000
1380,5.5200,0.0000,-0.0000,-5.0453,0.0000,-0.0000,-4.9895,0.0000,-0.0000,-0.0420,0.7071,0.7071,0.0000,0.0000,0.0000,0.0000,-0.0000,0.4966,0.4966,0.4966,0.4966,0.0000,-0.0000,-9.7440,0.0000,0.0000,0.0000
1381,5.5240,0.0000,-0.0000,-5.0455,0.0000,-0.0000,-4.9896,0.0000,-0.0000,-0.0418,0.7071,0.7071,0.0000,0.0000,0.0000,0.0000,-0.0000,0.4966,0.4966,0.4966,0.4966,0.0000,0.0000,-9.7439,0.0000,0.0000,0.0000
1382,5.5280,0.0000,-0.0000,-5.0457,0.0000,-0.0000,-4.9898,0.0000,-0.0000,-0.0415,0.7071,0.7071,0.0000,0.0000,0.0000,0.0000,-0.0000,0.4966,0.4966,0.4966,0.4966,0.0000,-0.0000,-9.7439,0.0000,0.0000,0.0000
1383,5.5320,0.0000,-0.0000,-5.0458,0.0000,-0.0000,-4.9900,0.0000,-0.0000,-0.0412,0.7071,0.7071,0.0000,0.0000,0.0000,0.0000,-0.0000,0.4966,0.4966,0.4966,0.4966,0.0000,-0.0000,-9.7438,0.0000,0.0000,0.0000
1384,5.5360,0.0000,-0.0000,-5.0460,0.0000,-0.0000,-4.9902,0.0000,-0.0000,-0.0410,0.7071,0.7071,0.0000,0.0000,0.0000,0.0000,-0.0000,0.4966,0.4966,0.4966,0.4966,0.0000,-0.0000,-9.7437,0.0000,0.0000,0.0000
1385,5.5400,0.0000,-0.0000,-5.0462,0.0000,-0.0000,-4.9904,0.0000,-0.0000,-0.0407,0.7071,0.7071,0.0000,0.0000,0.0000,0.0000,-0.0000,0.4966,0.4966,0.4966,0.4966,0.0000,-0.0000,-9.7436,0.0000,0.0000,0.0000
1386,5.5440,0.0000,-0.0000,-5.0463,0.0000,-0.0000,-4.9906,0.0000,-0.0000,-0.0404,0.7071,0.7071,0.0000,0.0000,0.0000,0.0000,-0.0000,0.4966,0.4966,0.4966,0.4966,0.0000,-0.0000,-9.7435,0.0000,0.0000,0.0000
1387,5.5480,0.0000,-0.0000,-5.0465,0.0000,-0.0000,-4.9908,0.0000,-0.0000,-0.0402,0.7071,0.7071,0.0000,0.0000,0.0000,0.0000,-0.0000,0.4966,0.4966,0.4966,0.4966,0.0000,-0.0000,-9.7434,0.0000,0.0000,0.0000
1388,5.5520,0.0000,-0.0000,-5.0466,0.0000,-0.0000,-4.9910,0.0000,-0.0000,-0.0399,0.7071,0.7071,0.0000,0.0000,0.0000,0.0000,-0.0000,0.4966,0.4966,0.4966,0.4966,0.0000,-0.0000,-9.7433,0.0000,0.0000,0.0000
1389,5.5560,0.0000,-0.0000,-5.0468,0.0000,-0.0000,-4.9911,0.0000,-0.0000,-0.0396,0.7071,0.7071,0.0000,0.0000,0.0000,0.0000,-0.0000,0.4965,0.4965,0.4965,0.4965,0.0000,-0.0000,-9.7432,0.0000,0.0000,0.0000
1390,5.5600,0.0000,-0.0000,-5.0470,0.0000,-0.0000,-4.9913,0.0000,-0.0000,-0.0394,0.7071,0.7071,0.0000,0.0000,0.0000,0.0000,-0.0000,0.4965,0.4965,0.4965,0.4965,0.0000,-0.0000,-9.7432,0.0000,0.0000,0.0000
1391,5.5640,0.0000,-0.0000,-5.0471,0.0000,-0.0000,-4.9915,0.0000,-0.0000,-0.0391,0.7071,0.7071,0.0000,0.0000,0.0000,0.0000,-0.0000,0.4965,0.4965,0.4965,0.4965,0.0000,0.0000,-9.7431,0.0000,0.0000,0.0000
1392,5.5680,0.0000,-0.0000,-5.0473,0.0000,-0.0000,-4.9917,0.0000,-0.0000,-0.0388,0.7071,0.7071,0.0000,0.0000,0.0000,0.0000,-0.0000,0.4965,0.4965,0.4965,0.4965,0.0000,-0.0000,-9.7430,0.0000,0.0000,0.0000
1393,5.5720,0.0000,-0.0000,-5.0474,0.0000,-0.0000,-4.9919,0.0000,-0.0000,-0.0386,0.7071,0.7071,0.0000,0.0000,0.0000,0.0000,-0.0000,0.4965,0.4965,0.4965,0.4965,0.0000,-0.0000,-9.7429,0.0000,0.0000,0.0000
1394,5.5760,0.0000,-0.0000,-5.0476,0.0000,-0.0000,-4.9921,0.0000,-0.0000,-0.0383,0.7071,0.7071,0.0000,0.0000,0.0000,0.0000,-0.0000,0.4965,0.4965,0.4965,0.4965,0.0000,0.0000,-9.7428,0.0000,0.0000,0.0000
1395,5.5800,0.0000,-0.0000,-5.0477,0.0000,-0.0000,-4.9923,0.0000,-0.0000,-0.0380,0.7071,0.7071,0.0000,0.0000,0.0000,0.0000,-0.0000,0.4965,0.4965,0.4965,0.4965,0.0000,0.0000,-9.7427,0.0000,0.0000,0.0000
1396,5.5840,0.0000,-0.0000,-5.0479,0.0000,-0.0000,-4.9924,0.0000,-0.0000,-0.0377,0.7071,0.7071,0.0000,0.0000,0.0000,0.0000,-0.0000,0.4965,0.4965,0.4965,0.4965,0.0000,0.0000,-9.7427,0.0000,0.0000,0.0000
1397,5.5880,0.0000,-0.0000,-5.0480,0.0000,-0.0000,-4.9926,0.0000,-0.0000,-0.0375,0.7071,0.7071,0.0000,0.0000,0.0000,0.0000,-0.0000,0.4965,0.4965,0.4965,0.4965,0.0000,0.0000,-9.7426,0.0000,0.0000,0.0000
1398,5.5920,0.0000,-0.0000,-5.0482,0.0000,-0.0000,-4.9928,0.0000,-0.0000,-0.0372,0.7071,0.7071,0.0000,0.0000,0.0000,0.0000,-0.0000,0.4965,0.4965,0.4965,0.4965,0.0000,-0.0000,-9.7425,0.0000,0.0000,0.0000
1399,5.5960,0.0000,-0.0000,-5.0483,0.0000,-0.0000,-4.9930,0.0000,-0.0000,-0.0369,0.7071,0.7071,0.0000,0.0000,0.0000,0.0000,-0.0000,0.4965,0.4965,0.4965,0.4965,0.0000,0.0000,-9.7424,0.0000,0.0000,0.0000
1400,5.6000,0.0000,-0.0000,-5.0485,0.0000,-0.0000,-4.9932,0.0000,-0.0000,-0.0367,0.7071,0.7071,0.0000,0.0000,0.0000,0.0000,-0.0000,0.4965,0.4965,0.4965,0.4965,0.0000,0.0000,-9.7423,0.0000,0.0000,0.0000
1401,5.6040,0.0000,-0.0000,-5.0486,0.0000,-0.0000,-4.9934,0.0000,-0.0000,-0.0364,0.7071,0.7071,0.0000,0.0000,0.0000,0.0000,-0.0000,0.4965,0.4965,0.4965,0.4965,0.0000,0.0000,-9.7423,0.0000,0.0000,0.0000
1402,5.6080,0.0000,-0.0000,-5.0488,0.0000,-0.0000,-4.9936,0.0000,-0.0000,-0.0361,0.7071,0.7071,0.0000,0.0000,0.0000,0.0000,-0.0000,0.4965,0.4965,0.4965,0.4965,0.0000,-0.0000,-9.7422,0.0000,0.0000,0.0000
1403,5.6120,0.0000,-0.0000,-5.0489,0.0000,-0.0000,-4.9937,0.0000,-0.0000,-0.0358,0.7071,0.7071,0.0000,0.0000,0.0000,0.0000,-0.0000,0.4965,0.4965,0.4965,0.4965,0.0000,-0.0000,-9.7421,0.0000,0.0000,0.0000
1404,5.6160,0.0000,-0.0000,-5.0491,0.0000,-0.0000,-4.9939,0.0000,-0.0000,-0.0356,0.7071,0.7071,0.0000,0.0000,0.0000,0.0000,-0.0000,0.4965,0.4965,0.4965,0.4965,0.0000,-0.0000,-9.7421,0.0000,0.0000,0.0000
1405,5.6200,0.0000,-0.0000,-5.0492,0.0000,-0.0000,-4.9941,0.0000,-0.0000,-0.0353,0.7071,0.7071,0.0000,0.0000,0.0000,0.0000,-0.0000,0.4965,0.4965,0.4965,0.4965,0.0000,-0.0000,-9.7420,0.0000,0.0000,0.0000
1406,5.6240,0.0000,-0.0000,-5.0493,0.0000,-0.0000,-4.9943,0.0000,-0.0000,-0.0350,0.7071,0.7071,0.0000,0.0000,0.0000,0.0000,-0.0000,0.4965,0.4965,0.4965,0.4965,0.0000,-0.0000,-9.7419,0.0000,0.0000,0.0000
1407,5.6280,0.0000,-0.0000,-5.0495,0.0000,-0.0000,-4.9945,0.0000,-0.0000,-0.0348,0.7071,0.7071,0.0000,0.0000,0.0000,0.0000,-0.0000,0.4965,0.4965,0.4965,0.4965,0.0000,0.0000,-9.7418,0.0000,0.0000,0.0000
1408,5.6320,0.0000,-0.0000,-5.0496,0.0000,-0.0000,-4.9947,0.0000,-0.0000,-0.0345,0.7071,0.7071,0.0000,0.0000,0.0000,0.0000,-0.0000,0.4965,0.4965,0.4965,0.4965,0.0000,0.0000,-9.7418,0.0000,0.0000,0.0000
1409,5.6360,0.0000,-0.0000,-5.0497,0.0000,-0.0000,-4.9948,0.0000,-0.0000,-0.0342,0.7071,0.7071,0.0000,0.0000,0.0000,0.0000,-0.0000,0.4965,0.4965,0.4965,0.4965,0.0000,0.0000,-9.7417,0.0000,0.0000,0.0000
1410,5.6400,0.0000,-0.0000,-5.0499,0.0000,-0.0000,-4.9950,0.0000,-0.0000,-0.0339,0.7071,0.7071,0.0000,0.0000,0.0000,0.0000,-0.0000,0.4965,0.4965,0.4965,0.4965,0.0000,0.0000,-9.7416,0.0000,0.0000,0.0000
1411,5.6440,0.0000,-0.0000,-5.0500,0.0000,-0.0000,-4.9952,0.0000,-0.0000,-0.0337,0.7071,0.7071,0.0000,0.0000,0.0000,0.0000,-0.0000,0.4965,0.4965,0.4965,0.4965,0.0000,-0.0000,-9.7416,0.0000,0.0000,0.0000
1412,5.6480,0.0000,-0.0000,-5.0502,0.0000,-0.0000,-4.9954,0.0000,-0.0000,-0.0334,0.7071,0.7071,0.0000,0.0000,0.0000,0.0000,-0.0000,0.4965,0.4965,0.4965,0.4965,0.0000,-0.0000,-9.7415,0.0000,0.0000,0.0000
1413,5.6520,0.0000,-0.0000,-5.0503,0.0000,-0.0000,-4.9956,0.0000,-0.0000,-0.0331,0.7071,0.7071,0.0000,0.0000,0.0000,0.0000,-0.0000,0.4965,0.4965,0.4965,0.4965,0.0000,0.0000,-9.7414,0.0000,0.0000,0.0000
1414,5.6560,0.0000,-0.0000,-5.0504,0.0000,-0.0000,-4.9957,0.0000,-0.0000,-0.0328,0.7071,0.7071,0.0000,0.0000,0.0000,0.0000,-0.0000,0.4965,0.4965,0.4965,0.4965,0.0000,0.0000,-9.7414,0.0000,0.0000,0.0000
1415,5.6600,0.0000,-0.0000,-5.0505,0.0000,-0.0000,-4.9959,0.0000,-0.0000,-0.0326,0.7071,0.7071,0.0000,0.0000,0.0000,0.0000,-0.0000,0.4965,0.4965,0.4965,0.4965,0.0000,-0.0000,-9.7413,0.0000,0.0000,0.0000
1416,5.6640,0.0000,-0.0000,-5.0507,0.0000,-0.0000,-4.9961,0.0000,-0.0000,-0.0323,0.7071,0.7071,0.0000,0.0000,0.0000,0.0000,-0.0000,0.4965,0.4965,0.4965,0.4965,0.0000,-0.0000,-9.7412,0.0000,0.0000,0.0000
1417,5.6680,0.0000,-0.0000,-5.0508,0.0000,-0.0000,-4.9963,0.0000,-0.0000,-0.0320,0.7071,0.7071,0.0000,0.0000,0.0000,0.0000,-0.0000,0.4965,0.4965,0.4965,0.4965,0.0000,0.0000,-9.7412,0.0000,0.0000,0.0000
1418,5.6720,0.0000,-0.0000,-5.0509,0.0000,-0.0000,-4.9965,0.0000,-0.0000,-0.0317,0.7071,0.7071,0.0000,0.0000,0.0000,0.0000,-0.0000,0.4965,0.4965,0.4965,0.4965,0.0000,-0.0000,-9.7411,0.0000,0.0000,0.0000
1419,5.6760,0.0000,-0.0000,-5.0511,0.0000,-0.0000,-4.9967,0.0000,-0.0000,-0.0315,0.7071,0.7071,0.0000,0.0000,0.0000,0.0000,-0.0000,0.4965,0.4965,0.4965,0.4965,0.0000,-0.0000,-9.7411,0.0000,0.0000,0.0000
1420,5.6800,0.0000,-0.0000,-5.0512,0.0000,-0.0000,-4.9968,0.0000,-0.0000,-0.0312,0.7071,0.7071,0.0000,0.0000,0.0000,0.0000,-0.0000,0.4964,0.4964,0.4964,0.4964,0.0000,-0.0000,-9.7410,0.0000,0.0000,0.0000
1421,5.6840,0.0000,-0.0000,-5.0513,0.0000,-0.0000,-4.9970,0.0000,-0.0000,-0.0309,0.7071,0.7071,0.0000,0.0000,0.0000,0.0000,-0.0000,0.4964,0.4964,0.4964,0.4964,0.0000,-0.0000,-9.7409,0.0000,0.0000,0.0000
1422,5.6880,0.0000,-0.0000,-5.0514,0.0000,-0.0000,-4.9972,0.0000,-0.0000,-0.0306,0.7071,0.7071,0.0000,0.0000,0.0000,0.0000,-0.0000,0.4964,0.4964,0.4964,0.4964,0.0000,0.0000,-9.7409,0.0000,0.0000,0.0000
1423,5.6920,0.0000,-0.0000,-5.0515,0.0000,-0.0000,-4.9974,0.0000,-0.0000,-0.0304,0.7071,0.7071,0.0000,0.0000,0.0000,0.0000,-0.0000,0.4964,0.4964,0.4964,0.4964,0.0000,-0.0000,-9.7408,0.0000,0.0000,0.0000
1424,5.6960,0.0000,-0.0000,-5.0517,0.0000,-0.0000,-4.9976,0.0000,-0.0000,-0.0301,0.7071,0.7071,0.0000,0.0000,0.0000,0.0000,-0.0000,0.4964,0.4964,0.4964,0.4964,0.0000,0.0000,-9.7408,0.0000,0.0000,0.0000
1425,5.7000,0.0000,-0.0000,-5.0518,0.0000,-0.0000,-4.9977,0.0000,-0.0000,-0.0298,0.7071,0.7071,0.0000,0.0000,0.0000,0.0000,-0.0000,0.4964,0.4964,0.4964,0.4964,0.0000,0.0000,-9.7407,0.0000,0.0000,0.0000
1426,5.7040,0.0000,-0.0000,-5.0519,0.0000,-0.0000,-4.9979,0.0000,-0.0000,-0.0295,0.7071,0.7071,0.0000,0.0000,0.0000,0.0000,-0.0000,0.4964,0.4964,0.4964,0.4964,0.0000,-0.0000,-9.7407,0.0000,0.0000,0.0000
1427,5.7080,0.0000,-0.0000,-5.0520,0.0000,-0.0000,-4.9981,0.0000,-0.0000,-0.0292,0.7071,0.7071,0.0000,0.0000,0.0000,0.0000,-0.0000,0.4964,0.4964,0.4964,0.4964,0.0000,-0.0000,-9.7406,0.0000,0.0000,0.0000
1428,5.7120,0.0000,-0.0000,-5.0521,0.0000,-0.0000,-4.9983,0.0000,-0.0000,-0.0290,0.7071,0.7071,0.0000,0.0000,0.0000,0.0000,-0.0000,0.4964,0.4964,0.4964,0.4964,0.0000,-0.0000,-9.7406,0.0000,0.0000,0.0000
1429,5.7160,0.0000,-0.0000,-5.0523,0.0000,-0.0000,-4.9984,0.0000,-0.0000,-0.0287,0.7071,0.7071,0.0000,0.0000,0.0000,0.0000,-0.0000,0.4964,0.4964,0.4964,0.4964,0.0000,0.0000,-9.7405,0.0000,0.0000,0.0000
1430,5.7200,0.0000,-0.0000,-5.0524,0.0000,-0.0000,-4.9986,0.0000,-0.0000,-0.0284,0.7071,0.7071,0.0000,0.0000,0.0000,0.0000,-0.0000,0.4964,0.4964,0.4964,0.4964,0.0000,-0.0000,-9.7405,0.0000,0.0000,0.0000
1431,5.7240,0.0000,-0.0000,-5.0525,0.0000,-0.0000,-4.9988,0.0000,-0.0000,-0.0281,0.7071,0.7071,0.0000,0.0000,0.0000,0.0000,-0.0000,0.4964,0.4964,0.4964,0.4964,0.0000,-0.0000,-9.7404,0.0000,0.0000,0.0000
1432,5.7280,0.0000,-0.0000,-5.0526,0.0000,-0.0000,-4.9990,0.0000,-0.0000,-0.0279,0.7071,0.7071,0.0000,0.0000,0.0000,0.0000,-0.0000,0.4964,0.4964,0.4964,0.4964,0.0000,-0.0000,-9.7404,0.0000,0.0000,0.0000
1433,5.7320,0.0000,-0.0000,-5.0527,0.0000,-0.0000,-4.9992,0.0000,-0.0000,-0.0276,0.7071,0.7071,0.0000,0.0000,0.0000,0.0000,-0.0000,0.4964,0.4964,0.4964,0.4964,0.0000,0.0000,-9.7403,0.0000,0.0000,0.0000
1434,5.7360,0.0000,-0.0000,-5.0528,0.0000,-0.0000,-4.9993,0.0000,-0.0000,-0.0273,0.7071,0.7071,0.0000,0.0000,0.0000,0.0000,-0.0000,0.4964,0.4964,0.4964,0.4964,0.0000,0.0000,-9.7403,0.0000,0.0000,0.0000
1435,5.7400,0.0000,-0.0000,-5.0529,0.0000,-0.0000,-4.9995,0.0000,-0.0000,-0.0270,0.7071,0.7071,0.0000,0.0000,0.0000,0.0000,-0.0000,0.4964,0.4964,0.4964,0.4964,0.0000,-0.0000,-9.7402,0.0000,0.0000,0.0000
1436,5.7440,0.0000,-0.0000,-5.0530,0.0000,-0.0000,-4.9997,0.0000,-0.0000,-0.0267,0.7071,0.7071,0.0000,0.0000,0.0000,0.0000,-0.0000,0.4964,0.4964,0.4964,0.4964,0.0000,0.0000,-9.7402,0.0000,0.0000,0.0000
1437,5.7480,0.0000,-0.0000,-5.0531,0.0000,-0.0000,-4.9999,0.0000,-0.0000,-0.0265,0.7071,0.7071,0.0000,0.0000,0.0000,0.0000,-0.0000,0.4964,0.4964,0.4964,0.4964,0.0000,0.0000,-9.7401,0.0000,0.0000,0.0000
1438,5.7520,0.0000,-0.0000,-5.0532,0.0000,-0.0000,-5.0000,0.0000,-0.0000,-0.0262,0.7071,0.7071,0.0000,0.0000,0.0000,0.0000,-0.0000,0.4964,0.4964,0.4964,0.4964,0.0000,0.0000,-9.7401,0.0000,0.0000,0.0000
1439,5.7560,0.0000,-0.0000,-5.0533,0.0000,-0.0000,-5.0002,0.0000,-0.0000,-0.0259,0.7071,0.7071,0.0000,0.0000,0.0000,0.0000,-0.0000,0.4964,0.4964,0.4964,0.4964,0.0000,-0.0000,-9.7400,0.0000,0.0000,0.0000
1440,5.7600,0.0000,-0.0000,-5.0534,0.0000,-0.0000,-5.0004,0.0000,-0.0000,-0.0256,0.7071,0.7071,0.0000,0.0000,0.0000,0.0000,-0.0000,0.4964,0.4964,0.4964,0.4964,0.0000,0.0000,-9.7400,0.0000,0.0000,0.0000
1441,5.7640,0.0000,-0.0000,-5.0535,0.0000,-0.0000,-5.0006,0.0000,-0.0000,-0.0253,0.7071,0.7071,0.0000,0.0000,0.0000,0.0000,-0.0000,0.4964,0.4964,0.4964,0.4964,0.0000,-0.0000,-9.7400,0.0000,0.0000,0.0000
1442,5.7680,0.0000,-0.0000,-5.0536,0.0000,-0.0000,-5.0007,0.0000,-0.0000,-0.0251,0.7071,0.7071,0.0000,0.0000,0.0000,0.0000,-0.0000,0.4964,0.4964,0.4964,0.4964,0.0000,0.0000,-9.7399,0.0000,0.0000,0.0000
1443,5.7720,0.0000,-0.0000,-5.0537,0.0000,-0.0000,-5.0009,0.0000,-0.0000,-0.0248,0.7071,0.7071,0.0000,0.0000,0.0000,0.0000,-0.0000,0.4964,0.4964,0.4964,0.4964,0.0000,0.0000,-9.7399,0.0000,0.0000,0.0000
1444,5.7760,0.0000,-0.0000,-5.0538,0.0000,-0.0000,-5.0011,0.0000,-0.0000,-0.0245,0.7071,0.7071,0.0000,0.0000,0.0000,0.0000,-0.0000,0.4964,0.4964,0.4964,0.4964,0.0000,-0.0000,-9.7399,0.0000,0.0000,0.0000
1445,5.7800,0.0000,-0.0000,-5.0539,0.0000,-0.0000,-5.0013,0.0000,-0.0000,-0.0242,0.7071,0.7071,0.0000,0.0000,0.0000,0.0000,-0.0000,0.4964,0.4964,0.4964,0.4964,0.0000,-0.0000,-9.7398,0.0000,0.0000,0.0000
1446,5.7840,0.0000,-0.0000,-5.0540,0.0000,-0.0000,-5.0014,0.0000,-0.0000,-0.0239,0.7071,0.7071,0.0000,0.0000,0.0000,0.0000,-0.0000,0.4964,0.4964,0.4964,0.4964,0.0000,0.0000,-9.7398,0.0000,0.0000,0.0000
1447,5.7880,0.0000,-0.0000,-5.0541,0.0000,-0.0000,-5.0016,0.0000,-0.0000,-0.0237,0.7071,0.7071,0.0000,0.0000,0.0000,0.0000,-0.0000,0.4964,0.4964,0.4964,0.4964,0.0000,0.0000,-9.7397,0.0000,0.0000,0.0000
1448,5.7920,0.0000,-0.0000,-5.0542,0.0000,-0.0000,-5.0018,0.0000,-0.0000,-0.0234,0.7071,0.7071,0.0000,0.0000,0.0000,0.0000,-0.0000,0.4964,0.4964,0.4964,0.4964,0.0000,-0.0000,-9.7397,0.0000,0.0000,0.0000
1449,5.7960,0.0000,-0.0000,-5.0543,0.0000,-0.0000,-5.0020,0.0000,-0.0000,-0.0231,0.7071,0.7071,0.0000,0.0000,0.0000,0.0000,-0.0000,0.4964,0.4964,0.4964,0.4964,0.0000,0.0000,-9.7397,0.0000,0.0000,0.0000
1450,5.8000,0.0000,-0.0000,-5.0544,0.0000,-0.0000,-5.0021,0.0000,-0.0000,-0.0228,0.7071,0.7071,0.0000,0.0000,0.0000,0.0000,-0.0000,0.4964,0.4964,0.4964,0.4964,0.0000,0.0000,-9.7396,0.0000,0.0000,0.0000
1451,5.8040,0.0000,-0.0000,-5.0545,0.0000,-0.0000,-5.0023,0.0000,-0.0000,-0.0225,0.7071,0.7071,0.0000,0.0000,0.0000,0.0000,-0.0000,0.4964,0.4964,0.4964,0.4964,0.0000,0.0000,-9.7396,0.0000,0.0000,0.0000
1452,5.8080,0.0000,-0.0000,-5.0546,0.0000,-0.0000,-5.0025,0.0000,-0.0000,-0.0222,0.7071,0.7071,0.0000,0.0000,0.0000,0.0000,-0.0000,0.4964,0.4964,0.4964,0.4964,0.0000,-0.0000,-9.7396,0.0000,0.0000,0.0000
1453,5.8120,0.0000,-0.0000,-5.0547,0.0000,-0.0000,-5.0026,0.0000,-0.0000,-0.0220,0.7071,0.7071,0.0000,0.0000,0.0000,0.0000,-0.0000,0.4964,0.4964,0.4964,0.4964,0.0000,0.0000,-9.7396,0.0000,0.0000,0.0000
1454,5.8160,0.0000,-0.0000,-5.0548,0.0000,-0.0000,-5.0028,0.0000,-0.0000,-0.0217,0.7071,0.7071,0.0000,0.0000,0.0000,0.0000,-0.0000,0.4964,0.4964,0.4964,0.4964,0.0000,0.0000,-9.7395,0.0000,0.0000,0.0000
1455,5.8200,0.0000,-0.0000,-5.0548,0.0000,-0.0000,-5.0030,0.0000,-0.0000,-0.0214,0.7071,0.7071,0.0000,0.0000,0.0000,0.0000,-0.0000,0.4964,0.4964,0.4964,0.4964,0.0000,0.0000,-9.7395,0.0000,0.0000,0.0000
1456,5.8240,0.0000,-0.0000,-5.0549,0.0000,-0.0000,-5.0032,0.0000,-0.0000,-0.0211,0.7071,0.7071,0.0000,0.0000,0.0000,0.0000,-0.0000,0.4964,0.4964,0.4964,0.4964,0.0000,-0.0000,-9.7395,0.0000,0.0000,0.0000
1457,5.8280,0.0000,-0.0000,-5.0550,0.0000,-0.0000,-5.0033,0.0000,-0.0000,-0.0208,0.7071,0.7071,0.0000,0.0000,0.0000,0.0000,-0.0000,0.4964,0.4964,0.4964,0.4964,0.0000,-0.0000,-9.7394,0.0000,0.0000,0.0000
1458,5.8320,0.0000,-0.0000,-5.0551,0.0000,-0.0000,-5.0035,0.0000,-0.0000,-0.0206,0.7071,0.7071,0.0000,0.0000,0.0000,0.0000,-0.0000,0.4964,0.4964,0.4964,0.4964,0.0000,0.0000,-9.7394,0.0000,0.0000,0.0000
1459,5.8360,0.0000,-0.0000,-5.0552,0.0000,-0.0000,-5.0037,0.0000,-0.0000,-0.0203,0.7071,0.7071,0.0000,0.0000,0.0000,0.0000,-0.0000,0.4964,0.4964,0.4964,0.4964,0.0000,-0.0000,-9.7394,0.0000,0.0000,0.0000
1460,5.8400,0.0000,-0.0000,-5.0553,0.0000,-0.0000,-5.0038,0.0000,-0.0000,-0.0200,0.7071,0.7071,0.0000,0.0000,0.0000,0.0000,-0.0000,0.4964,0.4964,0.4964,0.4964,0.0000,-0.0000,-9.7394,0.0000,0.0000,0.0000
1461,5.8440,0.0000,-0.0000,-5.0553,0.0000,-0.0000,-5.0040,0.0000,-0.0000,-0.0197,0.7071,0.7071,0.0000,0.0000,0.0000,0.0000,-0.0000,0.4964,0.4964,0.4964,0.4964,0.0000,0.0000,-9.7394,0.0000,0.0000,0.0000
1462,5.8480,0.0000,-0.0000,-5.0554,0.0000,-0.0000,-5.0042,0.0000,-0.0000,-0.0194,0.7071,0.7071,0.0000,0.0000,0.0000,0.0000,-0.0000,0.4964,0.4964,0.4964,0.4964,0.0000,0.0000,-9.7393,0.0000,0.0000,0.0000
1463,5.8520,0.0000,-0.0000,-5.0555,0.0000,-0.0000,-5.0043,0.0000,-0.0000,-0.0191,0.7071,0.7071,0.0000,0.0000,0.0000,0.0000,-0.0000,0.4964,0.4964,0.4964,0.4964,0.0000,0.0000,-9.7393,0.0000,0.0000,0.0000
1464,5.8560,0.0000,-0.0000,-5.0556,0.0000,-0.0000,-5.0045,0.0000,-0.0000,-0.0189,0.7071,0.7071,0.0000,0.0000,0.0000,0.0000,-0.0000,0.4964,0.4964,0.4964,0.4964,0.0000,-0.0000,-9.7393,0.0000,0.0000,0.0000
1465,5.8600,0.0000,-0.0000,-5.0556,0.0000,-0.0000,-5.0047,0.0000,-0.0000,-0.0186,0.7071,0.7071,0.0000,0.0000,0.0000,0.0000,-0.0000,0.4964,0.4964,0.4964,0.4964,0.0000,0.0000,-9.7393,0.0000,0.0000,0.0000
1466,5.8640,0.0000,-0.0000,-5.0557,0.0000,-0.0000,-5.0048,0.0000,-0.0000,-0.0183,0.7071,0.7071,0.0000,0.0000,0.0000,0.0000,-0.0000,0.4964,0.4964,0.4964,0.4964,0.0000,-0.0000,-9.7393,0.0000,0.0000,0.0000
1467,5.8680,0.0000,-0.0000,-5.0558,0.0000,-0.0000,-5.0050,0.0000,-0.0000,-0.0180,0.7071,0.7071,0.0000,0.0000,0.0000,0.0000,-0.0000,0.4964,0.4964,0.4964,0.4964,0.0000,0.0000,-9.7392,0.0000,0.0000,0.0000
1468,5.8720,0.0000,-0.0000,-5.0559,0.0000,-0.0000,-5.0052,0.0000,-0.0000,-0.0177,0.7071,0.7071,0.0000,0.0000,0.0000,0.0000,-0.0000,0.4964,0.4964,0.4964,0.4964,0.0000,0.0000,-9.7392,0.0000,0.0000,0.0000
1469,5.8760,0.0000,-0.0000,-5.0559,0.0000,-0.0000,-5.0053,0.0000,-0.0000,-0.0174,0.7071,0.7071,0.0000,0.0000,0.0000,0.0000,-0.0000,0.4964,0.4964,0.4964,0.4964,0.0000,0.0000,-9.7392,0.0000,0.0000,0.0000
1470,5.8800,0.0000,-0.0000,-5.0560,0.0000,-0.0000,-5.0055,0.0000,-0.0000,-0.0172,0.7071,0.7071,0.0000,0.0000,0.0000,0.0000,-0.0000,0.4964,0.4964,0.4964,0.4964,0.0000,-0.0000,-9.7392,0.0000,0.0000,0.0000
1471,5.8840,0.0000,-0.0000,-5.0561,0.0000,-0.0000,-5.0057,0.0000,-0.0000,-0.0169,0.7071,0.7071,0.0000,0.0000,0.0000,0.0000,-0.0000,0.4964,0.4964,0.4964,0.4964,0.0000,-0.0000,-9.7392,0.0000,0.0000,0.0000
1472,5.8880,0.0000,-0.0000,-5.0561,0.0000,-0.0000,-5.0058,0.0000,-0.0000,-0.0166,0.7071,0.7071,0.0000,0.0000,0.0000,0.0000,-0.0000,0.4964,0.4964,0.4964,0.4964,0.0000,-0.0000,-9.7392,0.0000,0.0000,0.0000
1473,5.8920,0.0000,-0.0000,-5.0562,0.0000,-0.0000,-5.0060,0.0000,-0.0000,-0.0163,0.7071,0.7071,0.0000,0.0000,0.0000,0.0000,-0.0000,0.4964,0.4964,0.4964,0.4964,0.0000,0.0000,-9.7392,0.0000,0.0000,0.0000
1474,5.8960,0.0000,-0.0000,-5.0563,0.0000,-0.0000,-5.0062,0.0000,-0.0000,-0.0160,0.7071,0.7071,0.0000,0.0000,0.0000,0.0000,-0.0000,0.4964,0.4964,0.4964,0.4964,0.0000,0.0000,-9.7392,0.0000,0.0000,0.0000
1475,5.9000,0.0000,-0.0000,-5.0563,0.0000,-0.0000,-5.0063,0.0000,-0.0000,-0.0157,0.7071,0.7071,0.0000,0.0000,0.0000,0.0000,-0.0000,0.4964,0.4964,0.4964,0.4964,0.0000,0.0000,-9.7391,0.0000,0.0000,0.0000
1476,5.9040,0.0000,-0.0000,-5.0564,0.0000,-0.0000,-5.0065,0.0000,-0.0000,-0.0155,0.7071,0.7071,0.0000,0.0000,0.0000,0.0000,-0.0000,0.4964,0.4964,0.4964,0.4964,0.0000,0.0000,-9.7391,0.0000,0.0000,0.0000
1477,5.9080,0.0000,-0.0000,-5.0564,0.0000,-0.0000,-5.0067,0.0000,-0.0000,-0.0152,0.7071,0.7071,0.0000,0.0000,0.0000,0.0000,-0.0000,0.4964,0.4964,0.4964,0.4964,0.0000,-0.0000,-9.7391,0.0000,0.0000,0.0000
1478,5.9120,0.0000,-0.0000,-5.0565,0.0000,-0.0000,-5.0068,0.0000,-0.0000,-0.0149,0.7071,0.7071,0.0000,0.0000,0.0000,0.0000,-0.0000,0.4964,0.4964,0.4964,0.4964,0.0000,0.0000,-9.7391,0.0000,0.0000,0.0000
1479,5.9160,0.0000,-0.0000,-5.0566,0.0000,-0.0000,-5.0070,0.0000,-0.0000,-0.0146,0.7071,0.7071,0.0000,0.0000,0.0000,0.0000,-0.0000,0.4964,0.4964,0.4964,0.4964,0.0000,0.0000,-9.7391,0.0000,0.0000,0.0000
1480,5.9200,0.0000,-0.0000,-5.0566,0.0000,-0.0000,-5.0072,0.0000,-0.0000,-0.0143,0.7071,0.7071,0.0000,0.0000,0.0000,0.0000,-0.0000,0.4964,0.4964,0.4964,0.4964,0.0000,-0.0000,-9.7391,0.0000,0.0000,0.0000
1481,5.9240,0.0000,-0.0000,-5.0567,0.0000,-0.0000,-5.0073,0.0000,-0.0000,-0.0140,0.7071,0.7071,0.0000,0.0000,0.0000,0.0000,-0.0000,0.4964,0.4964,0.4964,0.4964,0.0000,0.0000,-9.7391,0.0000,0.0000,0.0000
1482,5.9280,0.0000,-0.0000,-5.0567,0.0000,-0.0000,-5.0075,0.0000,-0.0000,-0.0138,0.7071,0.7071,0.0000,0.0000,0.0000,0.0000,-0.0000,0.4964,0.4964,0.4964,0.4964,0.0000,0.0000,-9.7391,0.0000,0.0000,0.0000
1483,5.9320,0.0000,-0.0000,-5.0568,0.0000,-0.0000,-5.0076,0.0000,-0.0000,-0.0135,0.7071,0.7071,0.0000,0.0000,0.0000,0.0000,-0.0000,0.4964,0.4964,0.4964,0.4964,0.0000,0.0000,-9.7391,0.0000,0.0000,0.0000
1484,5.9360,0.0000,-0.0000,-5.0568,0.0000,-0.0000,-5.0078,0.0000,-0.0000,-0.0132,0.7071,0.7071,0.0000,0.0000,0.0000,0.0000,-0.0000,0.4964,0.4964,0.4964,0.4964,0.0000,-0.0000,-9.7391,0.0000,0.0000,0.0000
1485,5.9400,0.0000,-0.0000,-5.0569,0.0000,-0.0000,-5.0080,0.0000,-0.0000,-0.0129,0.7071,0.7071,0.0000,0.0000,0.0000,0.0000,-0.0000,0.4964,0.4964,0.4964,0.4964,0.0000,0.0000,-9.7391,0.0000,0.0000,0.0000
1486,5.9440,0.0000,-0.0000,-5.0569,0.0000,-0.0000,-5.0081,0.0000,-0.0000,-0.0126,0.7071,0.7071,0.0000,0.0000,0.0000,0.0000,-0.0000,0.4964,0.4964,0.4964,0.4964,0.0000,0.0000,-9.7391,0.0000,0.0000,0.0000
1487,5.9480,0.0000,-0.0000,-5.0570,0.0000,-0.0000,-5.0083,0.0000,-0.0000,-0.0123,0.7071,0.7071,0.0000,0.0000,0.0000,0.0000,-0.0000,0.4964,0.4964,0.4964,0.4964,0.0000,0.0000,-9.7391,0.0000,0.0000,0.0000
1488,5.9520,0.0000,-0.0000,-5.0570,0.0000,-0.0000,-5.0084,0.0000,-0.0000,-0.0121,0.7071,0.7071,0.0000,0.0000,0.0000,0.0000,-0.0000,0.4964,0.4964,0.4964,0.4964,0.0000,-0.0000,-9.7391,0.0000,0.0000,0.0000
1489,5.9560,0.0000,-0.0000,-5.0571,0.0000,-0.0000,-5.0086,0.0000,-0.0000,-0.0118,0.7071,0.7071,0.0000,0.0000,0.0000,0.0000,-0.0000,0.4964,0.4964,0.4964,0.4964,0.0000,-0.0000,-9.7391,0.0000,0.0000,0.0000
1490,5.9600,0.0000,-0.0000,-5.0571,0.0000,-0.0000,-5.0088,0.0000,-0.0000,-0.0115,0.7071,0.7071,0.0000,0.0000,0.0000,0.0000,-0.0000,0.4964,0.4964,0.4964,0.4964,0.0000,-0.0000,-9.7391,0.0000,0.0000,0.0000
1491,5.9640,0.0000,-0.0000,-5.0572,0.0000,-0.0000,-5.0089,0.0000,-0.0000,-0.0112,0.7071,0.7071,0.0000,0.0000,0.0000,0.0000,-0.0000,0.4964,0.4964,0.4964,0.4964,0.0000,0.0000,-9.7391,0.0000,0.0000,0.0000
1492,5.9680,0.0000,-0.0000,-5.0572,0.0000,-0.0000,-5.0091,0.0000,-0.0000,-0.0109,0.7071,0.7071,0.0000,0.0000,0.0000,0.0000,-0.0000,0.4964,0.4964,0.4964,0.4964,0.0000,-0.0000,-9.7391,0.0000,0.0000,0.0000
1493,5.9720,0.0000,-0.0000,-5.0573,0.0000,-0.0000,-5.0092,0.0000,-0.0000,-0.0106,0.7071,0.7071,0.0000,0.0000,0.0000,0.0000,-0.0000,0.4964,0.4964,0.4964,0.4964,0.0000,-0.0000,-9.7392,0.0000,0.0000,0.0000
1494,5.9760,0.0000,-0.0000,-5.0573,0.0000,-0.0000,-5.0094,0.0000,-0.0000,-0.0104,0.7071,0.7071,0.0000,0.0000,0.0000,0.0000,-0.0000,0.4964,0.4964,0.4964,0.4964,0.0000,0.0000,-9.7392,0.0000,0.0000,0.0000
1495,5.9800,0.0000,-0.0000,-5.0573,0.0000,-0.0000,-5.0096,0.0000,-0.0000,-0.0101,0.7071,0.7071,0.0000,0.0000,0.0000,0.0000,-0.0000,0.4964,0.4964,0.4964,0.4964,0.0000,0.0000,-9.7392,0.0000,0.0000,0.0000
1496,5.9840,0.0000,-0.0000,-5.0574,0.0000,-0.0000,-5.0097,0.0000,-0.0000,-0.0098,0.7071,0.7071,0.0000,0.0000,0.0000,0.0000,-0.0000,0.4964,0.4964,0.4964,0.4964,0.0000,-0.0000,-9.7392,0.0000,0.0000,0.0000
1497,5.9880,0.0000,-0.0000,-5.0574,0.0000,-0.0000,-5.0099,0.0000,-0.0000,-0.0095,0.7071,0.7071,0.0000,0.0000,0.0000,0.0000,-0.0000,0.4964,0.4964,0.4964,0.4964,0.0000,0.0000,-9.7392,0.0000,0.0000,0.0000
1498,5.9920,0.0000,-0.0000,-5.0575,0.0000,-0.0000,-5.0100,0.0000,-0.0000,-0.0092,0.7071,0.7071,0.0000,0.0000,0.0000,0.0000,-0.0000,0.4964,0.4964,0.4964,0.4964,0.0000,0.0000,-9.7392,0.0000,0.0000,0.0000
1499,5.9960,0.0000,-0.0000,-5.0575,0.0000,-0.0000,-5.0102,0.0000,-0.0000,-0.0089,0.7071,0.7071,0.0000,0.0000,0.0000,0.0000,-0.0000,0.4964,0.4964,0.4964,0.4964,0.0000,0.0000,-9.7392,0.0000,0.0000,0.0000
1500,6.0000,0.0000,-0.0000,-5.0575,0.0000,-0.0000,-5.0103,0.0000,-0.0000,-0.0087,0.7071,0.7071,0.0000,0.0000,0.0000,0.0000,-0.0000,0.4964,0.4964,0.4964,0.4964,0.0000,0.0000,-9.7392,0.0000,0.0000,0.0000
1501,6.0040,0.0000,-0.0000,-5.0576,0.0000,-0.0000,-5.0105,0.0000,-0.0000,-0.0084,0.7071,0.7071,0.0000,0.0000,0.0000,0.0000,-0.0000,0.4964,0.4964,0.4964,0.4964,0.0000,0.0000,-9.7393,0.0000,0.0000,0.0000
1502,6.0080,0.0000,-0.0000,-5.0576,0.0000,-0.0000,-5.0106,0.0000,-0.0000,-0.0081,0.7071,0.7071,0.0000,0.0000,0.0000,0.0000,-0.0000,0.4964,0.4964,0.4964,0.4964,0.0000,-0.0000,-9.7393,0.0000,0.0000,0.0000
1503,6.0120,0.0000,-0.0000,-5.0576,0.0000,-0.0000,-5.0108,0.0000,-0.0000,-0.0078,0.7071,0.7071,0.0000,0.0000,0.0000,0.0000,-0.0000,0.4964,0.4964,0.4964,0.4964,0.0000,-0.0000,-9.7393,0.0000,0.0000,0.0000
1504,6.0160,0.0000,-0.0000,-5.0577,0.0000,-0.0000,-5.0110,0.0000,-0.0000,-0.0075,0.7071,0.7071,0.0000,0.0000,0.0000,0.0000,-0.0000,0.4964,0.4964,0.4964,0.4964,0.0000,0.0000,-9.7393,0.0000,0.0000,0.0000
1505,6.0200,0.0000,-0.0000,-5.0577,0.0000,-0.0000,-5.0111,0.0000,-0.0000,-0.0072,0.7071,0.7071,0.0000,0.0000,0.0000,0.0000,-0.0000,0.4964,0.4964,0.4964,0.4964,0.0000,-0.0000,-9.7393,0.0000,0.0000,0.0000
1506,6.0240,0.0000,-0.0000,-5.0577,0.0000,-0.0000,-5.0113,0.0000,-0.0000,-0.0070,0.7071,0.7071,0.0000,0.0000,0.0000,0.0000,-0.0000,0.4964,0.4964,0.4964,0.4964,0.0000,0.0000,-9.7393,0.0000,0.0000,0.0000
1507,6.0280,0.0000,-0.0000,-5.0577,0.0000,-0.0000,-5.0114,0.0000,-0.0000,-0.0067,0.7071,0.7071,0.0000,0.0000,0.0000,0.0000,-0.0000,0.4964,0.4964,0.4964,0.4964,0.0000,-0.0000,-9.7394,0.0000,0.0000,0.0000
1508,6.0320,0.0000,-0.0000,-5.0578,0.0000,-0.0000,-5.0116,0.0000,-0.0000,-0.0064,0.7071,0.7071,0.0000,0.0000,0.0000,0.0000,-0.0000,0.4964,0.4964,0.4964,0.4964,0.0000,-0.0000,-9.7394,0.0000,0.0000,0.0000
1509,6.0360,0.0000,-0.0000,-5.0578,0.0000,-0.0000,-5.0117,0.0000,-0.0000,-0.0061,0.7071,0.7071,0.0000,0.0000,0.0000,0.0000,-0.0000,0.4964,0.4964,0.4964,0.4964,0.0000,0.0000,-9.7394,0.0000,0.0000,0.0000
1510,6.0400,0.0000,-0.0000,-5.0578,0.0000,-0.0000,-5.0119,0.0000,-0.0000,-0.0058,0.7071,0.7071,0.0000,0.0000,0.0000,0.0000,-0.0000,0.4964,0.4964,0.4964,0.4964,0.0000,-0.0000,-9.7394,0.0000,0.0000,0.0000
1511,6.0440,0.0000,-0.0000,-5.0578,0.0000,-0.0000,-5.0120,0.0000,-0.0000,-0.0055,0.7071,0.7071,0.0000,0.0000,0.0000,0.0000,-0.0000,0.4964,0.4964,0.4964,0.4964,0.0000,0.0000,-9.7395,0.0000,0.0000,0.0000
1512,6.0480,0.0000,-0.0000,-5.0579,0.0000,-0.0000,-5.0122,0.0000,-0.0000,-0.0053,0.7071,0.7071,0.0000,0.0000,0.0000,0.0000,-0.0000,0.4964,0.4964,0.4964,0.4964,0.0000,-0.0000,-9.7395,0.0000,0.0000,0.0000
1513,6.0520,0.0000,-0.0000,-5.0579,0.0000,-0.0000,-5.0123,0.0000,-0.0000,-0.0050,0.7071,0.7071,0.0000,0.0000,0.0000,0.0000,-0.0000,0.4964,0.4964,0.4964,0.4964,0.0000,-0.0000,-9.7395,0.0000,0.0000,0.0000
1514,6.0560,0.0000,-0.0000,-5.0579,0.0000,-0.0000,-5.0125,0.0000,-0.0000,-0.0047,0.7071,0.7071,0.0000,0.0000,0.0000,0.0000,-0.0000,0.4964,0.4964,0.4964,0.4964,0.0000,0.0000,-9.7395,0.0000,0.0000,0.0000
1515,6.0600,0.0000,-0.0000,-5.0579,0.0000,-0.0000,-5.0126,0.0000,-0.0000,-0.0044,0.7071,0.7071,0.0000,0.0000,0.0000,0.0000,-0.0000,0.4964,0.4964,0.4964,0.4964,0.0000,-0.0000,-9.7396,0.0000,0.0000,0.0000
1516,6.0640,0.0000,-0.0000,-5.0579,0.0000,-0.0000,-5.0128,0.0000,-0.0000,-0.0041,0.7071,0.7071,0.0000,0.0000,0.0000,0.0000,-0.0000,0.4964,0.4964,0.4964,0.4964,0.0000,-0.0000,-9.7396,0.0000,0.0000,0.0000
1517,6.0680,0.0000,-0.0000,-5.0579,0.0000,-0.0000,-5.0129,0.0000,-0.0000,-0.0039,0.7071,0.7071,0.0000,0.0000,0.0000,0.0000,-0.0000,0.4964,0.4964,0.4964,0.4964,0.0000,0.0000,-9.7396,0.0000,0.0000,0.0000
1518,6.0720,0.0000,-0.0000,-5.0580,0.0000,-0.0000,-5.0131,0.0000,-0.0000,-0.0036,0.7071,0.7071,0.0000,0.0000,0.0000,0.0000,-0.0000,0.4964,0.4964,0.4964,0.4964,0.0000,-0.0000,-9.7397,0.0000,0.0000,0.0000
1519,6.0760,0.0000,-0.0000,-5.0580,0.0000,-0.0000,-5.0132,0.0000,-0.0000,-0.0033,0.7071,0.7071,0.0000,0.0000,0.0000,0.0000,-0.0000,0.4964,0.4964,0.4964,0.4964,0.0000,0.0000,-9.7397,0.0000,0.0000,0.0000
1520,6.0800,0.0000,-0.0000,-5.0580,0.0000,-0.0000,-5.0134,0.0000,-0.0000,-0.0030,0.7071,0.7071,0.0000,0.0000,0.0000,0.0000,-0.0000,0.4964,0.4964,0.4964,0.4964,0.0000,0.0000,-9.7397,0.0000,0.0000,0.0000
1521,6.0840,0.0000,-0.0000,-5.0580,0.0000,-0.0000,-5.0135,0.0000,-0.0000,-0.0027,0.7071,0.7071,0.0000,0.0000,0.0000,0.0000,-0.0000,0.4964,0.4964,0.4964,0.4964,0.0000,-0.0000,-9.7398,0.0000,0.0000,0.0000
1522,6.0880,0.0000,-0.0000,-5.0580,0.0000,-0.0000,-5.0137,0.0000,-0.0000,-0.0025,0.7071,0.7071,0.0000,0.0000,0.0000,0.0000,-0.0000,0.4964,0.4964,0.4964,0.4964,0.0000,0.0000,-9.7398,0.0000,0.0000,0.0000
1523,6.0920,0.0000,-0.0000,-5.0580,0.0000,-0.0000,-5.0138,0.0000,-0.0000,-0.0022,0.7071,0.7071,0.0000,0.0000,0.0000,0.0000,-0.0000,0.4964,0.4964,0.4964,0.4964,0.0000,0.0000,-9.7398,0.0000,0.0000,0.0000
1524,6.0960,0.0000,-0.0000,-5.0580,0.0000,-0.0000,-5.0140,0.0000,-0.0000,-0.0019,0.7071,0.7071,0.0000,0.0000,0.0000,0.0000,-0.0000,0.4965,0.4965,0.4965,0.4965,0.0000,0.0000,-9.7399,0.0000,0.0000,0.0000
1525,6.1000,0.0000,-0.0000,-5.0580,0.0000,-0.0000,-5.0141,0.0000,-0.0000,-0.0016,0.7071,0.7071,0.0000,0.0000,0.0000,0.0000,-0.0000,0.4965,0.4965,0.4965,0.4965,0.0000,0.0000,-9.7399,0.0000,0.0000,0.0000
1526,6.1040,0.0000,-0.0000,-5.0580,0.0000,-0.0000,-5.0142,0.0000,-0.0000,-0.0013,0.7071,0.7071,0.0000,0.0000,0.0000,0.0000,-0.0000,0.4965,0.4965,0.4965,0.4965,0.0000,-0.0000,-9.7400,0.0000,0.0000,0.0000
1527,6.1080,0.0000,-0.0000,-5.0580,0.0000,-0.0000,-5.0144,0.0000,-0.0000,-0.0011,0.7071,0.7071,0.0000,0.0000,0.0000,0.0000,-0.0000,0.4965,0.4965,0.4965,0.4965,0.0000,-0.0000,-9.7400,0.0000,0.0000,0.0000
1528,6.1120,0.0000,-0.0000,-5.0580,0.0000,-0.0000,-5.0145,0.0000,-0.0000,-0.0008,0.7071,0.7071,0.0000,0.0000,0.0000,0.0000,-0.0000,0.4965,0.4965,0.4965,0.4965,0.0000,0.0000,-9.7400,0.0000,0.0000,0.0000
1529,6.1160,0.0000,-0.0000,-5.0580,0.0000,-0.0000,-5.0147,0.0000,-0.0000,-0.0005,0.7071,0.7071,0.0000,0.0000,0.0000,0.0000,-0.0000,0.4965,0.4965,0.4965,0.4965,0.0000,-0.0000,-9.7401,0.0000,0.0000,0.0000
1530,6.1200,0.0000,-0.0000,-5.0580,0.0000,-0.0000,-5.0148,0.0000,-0.0000,-0.0002,0.7071,0.7071,0.0000,0.0000,0.0000,0.0000,-0.0000,0.4965,0.4965,0.4965,0.4965,0.0000,0.0000,-9.7401,0.0000,0.0000,0.0000
1531,6.1240,0.0000,-0.0000,-5.0580,0.0000,-0.0000,-5.0150,0.0000,-0.0000,0.0001,0.7071,0.7071,0.0000,0.0000,0.0000,0.0000,-0.0000,0.4965,0.4965,0.4965,0.4965,0.0000,0.0000,-9.7402,0.0000,0.0000,0.0000
1532,6.1280,0.0000,-0.0000,-5.0580,0.0000,-0.0000,-5.0151,0.0000,-0.0000,0.0003,0.7071,0.7071,0.0000,0.0000,0.0000,0.0000,-0.0000,0.4965,0.4965,0.4965,0.4965,0.0000,0.0000,-9.7402,0.0000,0.0000,0.0000
1533,6.1320,0.0000,-0.0000,-5.0580,0.0000,-0.0000,-5.0152,0.0000,-0.0000,0.0006,0.7071,0.7071,0.0000,0.0000,0.0000,0.0000,-0.0000,0.4965,0.4965,0.4965,0.4965,0.0000,-0.0000,-9.7403,0.0000,0.0000,0.0000
1534,6.1360,0.0000,-0.0000,-5.0580,0.0000,-0.0000,-5.0154,0.0000,-0.0000,0.0009,0.7071,0.7071,0.0000,0.0000,0.0000,0.0000,-0.0000,0.4965,0.4965,0.4965,0.4965,0.0000,0.0000,-9.7403,0.0000,0.0000,0.0000
1535,6.1400,0.0000,-0.0000,-5.0580,0.0000,-0.0000,-5.0155,0.0000,-0.0000,0.0012,0.7071,0.7071,0.0000,0.0000,0.0000,0.0000,-0.0000,0.4965,0.4965,0.4965,0.4965,0.0000,0.0000,-9.7404,0.0000,0.0000,0.0000
1536,6.1440,0.0000,-0.0000,-5.0580,0.0000,-0.0000,-5.0157,0.0000,-0.0000,0.0015,0.7071,0.7071,0.0000,0.0000,0.0000,0.0000,-0.0000,0.4965,0.4965,0.4965,0.4965,0.0000,0.0000,-9.7404,0.0000,0.0000,0.0000
1537,6.1480,0.0000,-0.0000,-5.0580,0.0000,-0.0000,-5.0158,0.0000,-0.0000,0.0017,0.7071,0.7071,0.0000,0.0000,0.0000,0.0000,-0.0000,0.4965,0.4965,0.4965,0.4965,0.0000,0.0000,-9.7405,0.0000,0.0000,0.0000
1538,6.1520,0.0000,-0.0000,-5.0580,0.0000,-0.0000,-5.0160,0.0000,-0.0000,0.0020,0.7071,0.7071,0.0000,0.0000,0.0000,0.0000,-0.0000,0.4965,0.4965,0.4965,0.4965,0.0000,-0.0000,-9.7405,0.0000,0.0000,0.0000
1539,6.1560,0.0000,-0.0000,-5.0580,0.0000,-0.0000,-5.0161,0.0000,-0.0000,0.0023,0.7071,0.7071,0.0000,0.0000,0.0000,0.0000,-0.0000,0.4965,0.4965,0.4965,0.4965,0.0000,-0.0000,-9.7406,0.0000,0.0000,0.0000
1540,6.1600,0.0000,-0.0000,-5.0580,0.0000,-0.0000,-5.0162,0.0000,-0.0000,0.0026,0.7071,0.7071,0.0000,0.0000,0.0000,0.0000,-0.0000,0.4965,0.4965,0.4965,0.4965,0.0000,0.0000,-9.7406,0.0000,0.0000,0.0000
1541,6.1640,0.0000,-0.0000,-5.0580,0.0000,-0.0000,-5.0164,0.0000,-0.0000,0.0028,0.7071,0.7071,0.0000,0.0000,0.0000,0.0000,-0.0000,0.4965,0.4965,0.4965,0.4965,0.0000,0.0000,-9.7407,0.0000,0.0000,0.0000
1542,6.1680,0.0000,-0.0000,-5.0580,0.0000,-0.0000,-5.0165,0.0000,-0.0000,0.0031,0.7071,0.7071,0.0000,0.0000,0.0000,0.0000,-0.0000,0.4965,0.4965,0.4965,0.4965,0.0000,-0.0000,-9.7407,0.0000,0.0000,0.0000
1543,6.1720,0.0000,-0.0000,-5.0579,0.0000,-0.0000,-5.0166,0.0000,-0.0000,0.0034,0.7071,0.7071,0.0000,0.0000,0.0000,0.0000,-0.0000,0.4965,0.4965,0.4965,0.4965,0.0000,-0.0000,-9.7408,0.0000,0.0000,0.0000
1544,6.1760,0.0000,-0.0000,-5.0579,0.0000,-0.0000,-5.0168,0.0000,-0.0000,0.0037,0.7071,0.7071,0.0000,0.0000,0.0000,0.0000,-0.0000,0.4965,0.4965,0.4965,0.4965,0.0000,-0.0000,-9.7408,0.0000,0.0000,0.0000
1545,6.1800,0.0000,-0.0000,-5.0579,0.0000,-0.0000,-5.0169,0.0000,-0.0000,0.0040,0.7071,0.7071,0.0000,0.0000,0.0000,0.0000,-0.0000,0.4965,0.4965,0.4965,0.4965,0.0000,-0.0000,-9.7409,0.0000,0.0000,0.0000
1546,6.1840,0.0000,-0.0000,-5.0579,0.0000,-0.0000,-5.0171,0.0000,-0.0000,0.0042,0.7071,0.7071,0.0000,0.0000,0.0000,0.0000,-0.0000,0.4965,0.4965,0.4965,0.4965,0.0000,0.0000,-9.7410,0.0000,0.0000,0.0000
1547,6.1880,0.0000,-0.0000,-5.0579,0.0000,-0.0000,-5.0172,0.0000,-0.0000,0.0045,0.7071,0.7071,0.0000,0.0000,0.0000,0.0000,-0.0000,0.4965,0.4965,0.4965,0.4965,0.0000,0.0000,-9.7410,0.0000,0.0000,0.0000
1548,6.1920,0.0000,-0.0000,-5.0579,0.0000,-0.0000,-5.0173,0.0000,-0.0000,0.0048,0.7071,0.7071,0.0000,0.0000,0.0000,0.0000,-0.0000,0.4965,0.4965,0.4965,0.4965,0.0000,0.0000,-9.7411,0.0000,0.0000,0.0000
1549,6.1960,0.0000,-0.0000,-5.0578,0.0000,-0.0000,-5.0175,0.0000,-0.0000,0.0051,0.7071,0.7071,0.0000,0.0000,0.0000,0.0000,-0.0000,0.4965,0.4965,0.4965,0.4965,0.0000,-0.0000,-9.7411,0.0000,0.0000,0.0000
1550,6.2000,0.0000,-0.0000,-5.0578,0.0000,-0.0000,-5.0176,0.0000,-0.0000,0.0053,0.7071,0.7071,0.0000,0.0000,0.0000,0.0000,-0.0000,0.4965,0.4965,0.4965,0.4965,0.0000,-0.0000,-9.7412,0.0000,0.0000,0.0000
1551,6.2040,0.0000,-0.0000,-5.0578,0.0000,-0.0000,-5.0177,0.0000,-0.0000,0.0056,0.7071,0.7071,0.0000,0.0000,0.0000,0.0000,-0.0000,0.4965,0.4965,0.4965,0.4965,0.0000,0.0000,-9.7413,0.0000,0.0000,0.0000
1552,6.2080,0.0000,-0.0000,-5.0578,0.0000,-0.0000,-5.0179,0.0000,-0.0000,0.0059,0.7071,0.7071,0.0000,0.0000,0.0000,0.0000,-0.0000,0.4965,0.4965,0.4965,0.4965,0.0000,-0.0000,-9.7413,0.0000,0.0000,0.0000
1553,6.2120,0.0000,-0.0000,-5.0578,0.0000,-0.0000,-5.0180,0.0000,-0.0000,0.0062,0.7071,0.7071,0.0000,0.0000,0.0000,0.0000,-0.0000,0.4965,0.4965,0.4965,0.4965,0.0000,-0.0000,-9.7414,0.0000,0.0000,0.0000
1554,6.2160,0.0000,-0.0000,-5.0577,0.0000,-0.0000,-5.0181,0.0000,-0.0000,0.0064,0.7071,0.7071,0.0000,0.0000,0.0000,0.0000,-0.0000,0.4966,0.4966,0.4966,0.4966,0.0000,-0.0000,-9.7415,0.0000,0.0000,0.0000
1555,6.2200,0.0000,-0.0000,-5.0577,0.0000,-0.0000,-5.0183,0.0000,-0.0000,0.0067,0.7071,0.7071,0.0000,0.0000,0.0000,0.0000,-0.0000,0.4966,0.4966,0.4966,0.4966,0.0000,-0.0000,-9.7415,0.0000,0.0000,0.0000
1556,6.2240,0.0000,-0.0000,-5.0577,0.0000,-0.0000,-5.0184,0.0000,-0.0000,0.0070,0.7071,0.7071,0.0000,0.0000,0.0000,0.0000,-0.0000,0.4966,0.4966,0.4966,0.4966,0.0000,0.0000,-9.7416,0.0000,0.0000,0.0000
1557,6.2280,0.0000,-0.0000,-5.0576,0.0000,-0.0000,-5.0185,0.0000,-0.0000,0.0072,0.7071,0.7071,0.0000,0.0000,0.0000,0.0000,-0.0000,0.4966,0.4966,0.4966,0.4966,0.0000,-0.0000,-9.7417,0.0000,0.0000,0.0000
1558,6.2320,0.0000,-0.0000,-5.0576,0.0000,-0.0000,-5.0187,0.0000,-0.0000,0.0075,0.7071,0.7071,0.0000,0.0000,0.0000,0.0000,-0.0000,0.4966,0.4966,0.4966,0.4966,0.0000,0.0000,-9.7417,0.0000,0.0000,0.0000
1559,6.2360,0.0000,-0.0000,-5.0576,0.0000,-0.0000,-5.0188,0.0000,-0.0000,0.0078,0.7071,0.7071,0.0000,0.0000,0.0000,0.0000,-0.0000,0.4966,0.4966,0.4966,0.4966,0.0000,0.0000,-9.7418,0.0000,0.0000,0.0000
1560,6.2400,0.0000,-0.0000,-5.0575,0.0000,-0.0000,-5.0189,0.0000,-0.0000,0.0081,0.7071,0.7071,0.0000,0.0000,0.0000,0.0000,-0.0000,0.4966,0.4966,0.4966,0.4966,0.0000,0.0000,-9.7419,0.0000,0.0000,0.0000
1561,6.2440,0.0000,-0.0000,-5.0575,0.0000,-0.0000,-5.0191,0.0000,-0.0000,0.0083,0.7071,0.7071,0.0000,0.0000,0.0000,0.0000,-0.0000,0.4966,0.4966,0.4966,0.4966,0.0000,0.0000,-9.7420,0.0000,0.0000,0.0000
1562,6.2480,0.0000,-0.0000,-5.0575,0.0000,-0.0000,-5.0192,0.0000,-0.0000,0.0086,0.7071,0.7071,0.0000,0.0000,0.0000,0.0000,-0.0000,0.4966,0.4966,0.4966,0.4966,0.0000,0.0000,-9.7420,0.0000,0.0000,0.0000
1563,6.2520,0.0000,-0.0000,-5.0574,0.0000,-0.0000,-5.0193,0.0000,-0.0000,0.0089,0.7071,0.7071,0.0000,0.0000,0.0000,0.0000,-0.0000,0.4966,0.4966,0.4966,0.4966,0.0000,-0.0000,-9.7421,0.0000,0.0000,0.0000
1564,6.2560,0.0000,-0.0000,-5.0574,0.0000,-0.0000,-5.0194,0.0000,-0.0000,0.0091,0.7071,0.7071,0.0000,0.0000,0.0000,0.0000,-0.0000,0.4966,0.4966,0.4966,0.4966,0.0000,0.0000,-9.7422,0.0000,0.0000,0.0000
1565,6.2600,0.0000,-0.0000,-5.0574,0.0000,-0.0000,-5.0196,0.0000,-0.0000,0.0094,0.7071,0.7071,0.0000,0.0000,0.0000,0.0000,-0.0000,0.4966,0.4966,0.4966,0.4966,0.0000,0.0000,-9.7423,0.0000,0.0000,0.0000
1566,6.2640,0.0000,-0.0000,-5.0573,0.0000,-0.0000,-5.0197,0.0000,-0.0000,0.0097,0.7071,0.7071,0.0000,0.0000,0.0000,0.0000,-0.0000,0.4966,0.4966,0.4966,0.4966,0.0000,0.0000,-9.7423,0.0000,0.0000,0.0000
1567,6.2680,0.0000,-0.0000,-5.0573,0.0000,-0.0000,-5.0198,0.0000,-0.0000,0.0100,0.7071,0.7071,0.0000,0.0000,0.0000,0.0000,-0.0000,0.4966,0.4966,0.4966,0.4966,0.0000,-0.0000,-9.7424,0.0000,0.0000,0.0000
1568,6.2720,0.0000,-0.0000,-5.0573,0.0000,-0.0000,-5.0199,0.0000,-0.0000,0.0102,0.7071,0.7071,0.0000,0.0000,0.0000,0.0000,-0.0000,0.4966,0.4966,0.4966,0.4966,0.0000,-0.0000,-9.7425,0.0000,0.0000,0.0000
1569,6.2760,0.0000,-0.0000,-5.0572,0.0000,-0.0000,-5.0201,0.0000,-0.0000,0.0105,0.7071,0.7071,0.0000,0.0000,0.0000,0.0000,-0.0000,0.4966,0.4966,0.4966,0.4966,0.0000,-0.0000,-9.7426,0.0000,0.0000,0.0000
1570,6.2800,0.0000,-0.0000,-5.0572,0.0000,-0.0000,-5.0202,0.0000,-0.0000,0.0108,0.7071,0.7071,0.0000,0.0000,0.0000,0.0000,-0.0000,0.4966,0.4966,0.4966,0.4966,0.0000,0.0000,-9.7427,0.0000,0.0000,0.0000
1571,6.2840,0.0000,-0.0000,-5.0571,0.0000,-0.0000,-5.0203,0.0000,-0.0000,0.0110,0.7071,0.7071,0.0000,0.0000,0.0000,0.0000,-0.0000,0.4966,0.4966,0.4966,0.4966,0.0000,-0.0000,-9.7428,0.0000,0.0000,0.0000
1572,6.2880,0.0000,-0.0000,-5.0571,0.0000,-0.0000,-5.0204,0.0000,-0.0000,0.0113,0.7071,0.7071,0.0000,0.0000,0.0000,0.0000,-0.0000,0.4966,0.4966,0.4966,0.4966,0.0000,0.0000,-9.7428,0.0000,0.0000,0.0000
1573,6.2920,0.0000,-0.0000,-5.0570,0.0000,-0.0000,-5.0206,0.0000,-0.0000,0.0116,0.7071,0.7071,0.0000,0.0000,0.0000,0.0000,-0.0000,0.4966,0.4966,0.4966,0.4966,0.0000,0.0000,-9.7429,0.0000,0.0000,0.0000
1574,6.2960,0.0000,-0.0000,-5.0570,0.0000,-0.0000,-5.0207,0.0000,-0.0000,0.0118,0.7071,0.7071,0.0000,0.0000,0.0000,0.0000,-0.0000,0.4966,0.4966,0.4966,0.4966,0.0000,0.0000,-9.7430,0.0000,0.0000,0.0000
1575,6.3000,0.0000,-0.0000,-5.0569,0.0000,-0.0000,-5.0208,0.0000,-0.0000,0.0121,0.7071,0.7071,0.0000,0.0000,0.0000,0.0000,-0.0000,0.4966,0.4966,0.4966,0.4966,0.0000,-0.0000,-9.7431,0.0000,0.0000,0.0000
1576,6.3040,0.0000,-0.0000,-5.0569,0.0000,-0.0000,-5.0209,0.0000,-0.0000,0.0124,0.7071,0.7071,0.0000,0.0000,0.0000,0.0000,-0.0000,0.4967,0.4967,0.4967,0.4967,0.0000,-0.0000,-9.7432,0.0000,0.0000,0.0000
1577,6.3080,0.0000,-0.0000,-5.0568,0.0000,-0.0000,-5.0211,0.0000,-0.0000,0.0126,0.7071,0.7071,0.0000,0.0000,0.0000,0.0000,-0.0000,0.4967,0.4967,0.4967,0.4967,0.0000,-0.0000,-9.7433,0.0000,0.0000,0.0000
1578,6.3120,0.0000,-0.0000,-5.0568,0.0000,-0.0000,-5.0212,0.0000,-0.0000,0.0129,0.7071,0.7071,0.0000,0.0000,0.0000,0.0000,-0.0000,0.4967,0.4967,0.4967,0.4967,0.0000,0.0000,-9.7434,0.0000,0.0000,0.0000
1579,6.3160,0.0000,-0.0000,-5.0567,0.0000,-0.0000,-5.0213,0.0000,-0.0000,0.0132,0.7071,0.7071,0.0000,0.0000,0.0000,0.0000,-0.0000,0.4967,0.4967,0.4967,0.4967,0.0000,-0.0000,-9.7435,0.0000,0.0000,0.0000
1580,6.3200,0.0000,-0.0000,-5.0567,0.0000,-0.0000,-5.0214,0.0000,-0.0000,0.0134,0.7071,0.7071,0.0000,0.0000,0.0000,0.0000,-0.0000,0.4967,0.4967,0.4967,0.4967,0.0000,-0.0000,-9.7435,0.0000,0.0000,0.0000
1581,6.3240,0.0000,-0.0000,-5.0566,0.0000,-0.0000,-5.0215,0.0000,-0.0000,0.0137,0.7071,0.7071,0.0000,0.0000,0.0000,0.0000,-0.0000,0.4967,0.4967,0.4967,0.4967,0.0000,-0.0000,-9.7436,0.0000,0.0000,0.0000
1582,6.3280,0.0000,-0.0000,-5.0566,0.0000,-0.0000,-5.0217,0.0000,-0.0000,0.0140,0.7071,0.7071,0.0000,0.0000,0.0000,0.0000,-0.0000,0.4967,0.4967,0.4967,0.4967,0.0000,0.0000,-9.7437,0.0000,0.0000,0.0000
1583,6.3320,0.0000,-0.0000,-5.0565,0.0000,-0.0000,-5.0218,0.0000,-0.0000,0.0142,0.7071,0.7071,0.0000,0.0000,0.0000,0.0000,-0.0000,0.4967,0.4967,0.4967,0.4967,0.0000,0.0000,-9.7438,0.0000,0.0000,0.0000
1584,6.3360,0.0000,-0.0000,-5.0564,0.0000,-0.0000,-5.0219,0.0000,-0.0000,0.0145,0.7071,0.7071,0.0000,0.0000,0.0000,0.0000,-0.0000,0.4967,0.4967,0.4967,0.4967,0.0000,0.0000,-9.7439,0.0000,0.0000,0.0000
1585,6.3400,0.0000,-0.0000,-5.0564,0.0000,-0.0000,-5.0220,0.0000,-0.0000,0.0148,0.7071,0.7071,0.0000,0.0000,0.0000,0.0000,-0.0000,0.4967,0.4967,0.4967,0.4967,0.0000,-0.0000,-9.7440,0.0000,0.0000,0.0000
1586,6.3440,0.0000,-0.0000,-5.0563,0.0000,-0.0000,-5.0221,0.0000,-0.0000,0.0150,0.7071,0.7071,0.0000,0.0000,0.0000,0.0000,-0.0000,0.4967,0.4967,0.4967,0.4967,0.0000,-0.0000,-9.7441,0.0000,0.0000,0.0000
1587,6.3480,0.0000,-0.0000,-5.0563,0.0000,-0.0000,-5.0223,0.0000,-0.0000,0.0153,0.7071,0.7071,0.0000,0.0000,0.0000,0.0000,-0.0000,0.4967,0.4967,0.4967,0.4967,0.0000,0.0000,-9.7442,0.0000,0.0000,0.0000
1588,6.3520,0.0000,-0.0000,-5.0562,0.0000,-0.0000,-5.0224,0.0000,-0.0000,0.0155,0.7071,0.7071,0.0000,0.0000,0.0000,0.0000,-0.0000,0.4967,0.4967,0.4967,0.4967,0.0000,0.0000,-9.7443,0.0000,0.0000,0.0000
1589,6.3560,0.0000,-0.0000,-5.0561,0.0000,-0.0000,-5.0225,0.0000,-0.0000,0.0158,0.7071,0.7071,0.0000,0.0000,0.0000,0.0000,-0.0000,0.4967,0.4967,0.4967,0.4967,0.0000,-0.0000,-9.7444,0.0000,0.0000,0.0000
1590,6.3600,0.0000,-0.0000,-5.0561,0.0000,-0.0000,-5.0226,0.0000,-0.0000,0.0161,0.7071,0.7071,0.0000,0.0000,0.0000,0.0000,-0.0000,0.4967,0.4967,0.4967,0.4967,0.0000,0.0000,-9.7445,0.0000,0.0000,0.0000
1591,6.3640,0.0000,-0.0000,-5.0560,0.0000,-0.0000,-5.0227,0.0000,-0.0000,0.0163,0.7071,0.7071,0.0000,0.0000,0.0000,0.0000,-0.0000,0.4967,0.4967,0.4967,0.4967,0.0000,-0.0000,-9.7446,0.0000,0.0000,0.0000
1592,6.3680,0.0000,-0.0000,-5.0559,0.0000,-0.0000,-5.0228,0.0000,-0.0000,0.0166,0.7071,0.7071,0.0000,0.0000,0.0000,0.0000,-0.0000,0.4967,0.4967,0.4967,0.4967,0.0000,0.0000,-9.7447,0.0000,0.0000,0.0000
1593,6.3720,0.0000,-0.0000,-5.0559,0.0000,-0.0000,-5.0229,0.0000,-0.0000,0.0169,0.7071,0.7071,0.0000,0.0000,0.0000,0.0000,-0.0000,0.4967,0.4967,0.4967,0.4967,0.0000,-0.0000,-9.7448,0.0000,0.0000,0.0000
1594,6.3760,0.0000,-0.0000,-5.0558,0.0000,-0.0000,-5.0231,0.0000,-0.0000,0.0171,0.7071,0.7071,0.0000,0.0000,0.0000,0.0000,-0.0000,0.4967,0.4967,0.4967,0.4967,0.0000,0.0000,-9.7449,0.0000,0.0000,0.0000
1595,6.3800,0.0000,-0.0000,-5.0557,0.0000,-0.0000,-5.0232,0.0000,-0.0000,0.0174,0.7071,0.7071,0.0000,0.0000,0.0000,0.0000,-0.0000,0.4968,0.4968,0.4968,0.4968,0.0000,-0.0000,-9.7450,0.0000,0.0000,0.0000
1596,6.3840,0.0000,-0.0000,-5.0557,0.0000,-0.0000,-5.0233,0.0000,-0.0000,0.0176,0.7071,0.7071,0.0000,0.0000,0.0000,0.0000,-0.0000,0.4968,0.4968,0.4968,0.4968,0.0000,-0.0000,-9.7451,0.0000,0.0000,0.0000
1597,6.3880,0.0000,-0.0000,-5.0556,0.0000,-0.0000,-5.0234,0.0000,-0.0000,0.0179,0.7071,0.7071,0.0000,0.0000,0.0000,0.0000,-0.0000,0.4968,0.4968,0.4968,0.4968,0.0000,0.0000,-9.7452,0.0000,0.0000,0.0000
1598,6.3920,0.0000,-0.0000,-5.0555,0.0000,-0.0000,-5.0235,0.0000,-0.0000,0.0181,0.7071,0.7071,0.0000,0.0000,0.0000,0.0000,-0.0000,0.4968,0.4968,0.4968,0.4968,0.0000,-0.0000,-9.7453,0.0000,0.0000,0.0000
1599,6.3960,0.0000,-0.0000,-5.0555,0.0000,-0.0000,-5.0236,0.0000,-0.0000,0.0184,0.7071,0.7071,0.0000,0.0000,0.0000,0.0000,-0.0000,0.4968,0.4968,0.4968,0.4968,0.0000,0.0000,-9.7455,0.0000,0.0000,0.0000
1600,6.4000,0.0000,-0.0000,-5.0554,0.0000,-0.0000,-5.0237,0.0000,-0.0000,0.0187,0.7071,0.7071,0.0000,0.0000,0.0000,0.0000,-0.0000,0.4968,0.4968,0.4968,0.4968,0.0000,0.0000,-9.7456,0.0000,0.0000,0.0000
1601,6.4040,0.0000,-0.0000,-5.0553,0.0000,-0.0000,-5.0238,0.0000,-0.0000,0.0189,0.7071,0.7071,0.0000,0.0000,0.0000,0.0000,-0.0000,0.4968,0.4968,0.4968,0.4968,0.0000,-0.0000,-9.7457,0.0000,0.0000,0.0000
1602,6.4080,0.0000,-0.0000,-5.0552,0.0000,-0.0000,-5.0239,0.0000,-0.0000,0.0192,0.7071,0.7071,0.0000,0.0000,0.0000,0.0000,-0.0000,0.4968,0.4968,0.4968,0.4968,0.0000,-0.0000,-9.7458,0.0000,0.0000,0.0000
1603,6.4120,0.0000,-0.0000,-5.0551,0.0000,-0.0000,-5.0241,0.0000,-0.0000,0.0194,0.7071,0.7071,0.0000,0.0000,0.0000,0.0000,-0.0000,0.4968,0.4968,0.4968,0.4968,0.0000,-0.0000,-9.7459,0.0000,0.0000,0.0000
1604,6.4160,0.0000,-0.0000,-5.0551,0.0000,-0.0000,-5.0242,0.0000,-0.0000,0.0197,0.7071,0.7071,0.0000,0.0000,0.0000,0.0000,-0.0000,0.4968,0.4968,0.4968,0.4968,0.0000,0.0000,-9.7460,0.0000,0.0000,0.0000
1605,6.4200,0.0000,-0.0000,-5.0550,0.0000,-0.0000,-5.0243,0.0000,-0.0000,0.0199,0.7071,0.7071,0.0000,0.0000,0.0000,0.0000,-0.0000,0.4968,0.4968,0.4968,0.4968,0.0000,0.0000,-9.7461,0.0000,0.0000,0.0000
1606,6.4240,0.0000,-0.0000,-5.0549,0.0000,-0.0000,-5.0244,0.0000,-0.0000,0.0202,0.7071,0.7071,0.0000,0.0000,0.0000,0.0000,-0.0000,0.4968,0.4968,0.4968,0.4968,0.0000,0.0000,-9.7462,0.0000,0.0000,0.0000
1607,6.4280,0.0000,-0.0000,-5.0548,0.0000,-0.0000,-5.0245,0.0000,-0.0000,0.0205,0.7071,0.7071,0.0000,0.0000,0.0000,0.0000,-0.0000,0.4968,0.4968,0.4968,0.4968,0.0000,0.0000,-9.7464,0.0000,0.0000,0.0000
1608,6.4320,0.0000,-0.0000,-5.0547,0.0000,-0.0000,-5.0246,0.0000,-0.0000,0.0207,0.7071,0.7071,0.0000,0.0000,0.0000,0.0000,-0.0000,0.4968,0.4968,0.4968,0.4968,0.0000,-0.0000,-9.7465,0.0000,0.0000,0.0000
1609,6.4360,0.0000,-0.0000,-5.0547,0.0000,-0.0000,-5.0247,0.0000,-0.0000,0.0210,0.7071,0.7071,0.0000,0.0000,0.0000,0.0000,-0.0000,0.4968,0.4968,0.4968,0.4968,0.0000,0.0000,-9.7466,0.0000,0.0000,0.0000
1610,6.4400,0.0000,-0.0000,-5.0546,0.0000,-0.0000,-5.0248,0.0000,-0.0000,0.0212,0.7071,0.7071,0.0000,0.0000,0.0000,0.0000,-0.0000,0.4968,0.4968,0.4968,0.4968,0.0000,-0.0000,-9.7467,0.0000,0.0000,0.0000
1611,6.4440,0.0000,-0.0000,-5.0545,0.0000,-0.0000,-5.0249,0.0000,-0.0000,0.0215,0.7071,0.7071,0.0000,0.0000,0.0000,0.0000,-0.0000,0.4969,0.4969,0.4969,0.4969,0.0000,0.0000,-9.7468,0.0000,0.0000,0.0000
1612,6.4480,0.0000,-0.0000,-5.0544,0.0000,-0.0000,-5.0250,0.0000,-0.0000,0.0217,0.7071,0.7071,0.0000,0.0000,0.0000,0.0000,-0.0000,0.4969,0.4969,0.4969,0.4969,0.0000,-0.0000,-9.7470,0.0000,0.0000,0.0000
1613,6.4520,0.0000,-0.0000,-5.0543,0.0000,-0.0000,-5.0251,0.0000,-0.0000,0.0220,0.7071,0.7071,0.0000,0.0000,0.0000,0.0000,-0.0000,0.4969,0.4969,0.4969,0.4969,0.0000,0.0000,-9.7471,0.0000,0.0000,0.0000
1614,6.4560,0.0000,-0.0000,-5.0542,0.0000,-0.0000,-5.0252,0.0000,-0.0000,0.0222,0.7071,0.7071,0.0000,0.0000,0.0000,0.0000,-0.0000,0.4969,0.4969,0.4969,0.4969,0.0000,0.0000,-9.7472,0.0000,0.0000,0.0000
1615,6.4600,0.0000,-0.0000,-5.0541,0.0000,-0.0000,-5.0253,0.0000,-0.0000,0.0225,0.7071,0.7071,0.0000,0.0000,0.0000,0.0000,-0.0000,0.4969,0.4969,0.4969,0.4969,0.0000,0.0000,-9.7473,0.0000,0.0000,0.0000
1616,6.4640,0.0000,-0.0000,-5.0540,0.0000,-0.0000,-5.0254,0.0000,-0.0000,0.0227,0.7071,0.7071,0.0000,0.0000,0.0000,0.0000,-0.0000,0.4969,0.4969,0.4969,0.4969,0.0000,-0.0000,-9.7474,0.0000,0.0000,0.0000
1617,6.4680,0.0000,-0.0000,-5.0540,0.0000,-0.0000,-5.0255,0.0000,-0.0000,0.0230,0.7071,0.7071,0.0000,0.0000,0.0000,0.0000,-0.0000,0.4969,0.4969,0.4969,0.4969,0.0000,0.0000,-9.7476,0.0000,0.0000,0.0000
1618,6.4720,0.0000,-0.0000,-5.0539,0.0000,-0.0000,-5.0256,0.0000,-0.0000,0.0232,0.7071,0.7071,0.0000,0.0000,0.0000,0.0000,-0.0000,0.4969,0.4969,0.4969,0.4969,0.0000,0.0000,-9.7477,0.0000,0.0000,0.0000
1619,6.4760,0.0000,-0.0000,-5.0538,0.0000,-0.0000,-5.0257,0.0000,-0.0000,0.0235,0.7071,0.7071,0.0000,0.0000,0.0000,0.0000,-0.0000,0.4969,0.4969,0.4969,0.4969,0.0000,-0.0000,-9.7478,0.0000,0.0000,0.0000
1620,6.4800,0.0000,-0.0000,-5.0537,0.0000,-0.0000,-5.0258,0.0000,-0.0000,0.0237,0.7071,0.7071,0.0000,0.0000,0.0000,0.0000,-0.0000,0.4969,0.4969,0.4969,0.4969,0.0000,0.0000,-9.7480,0.0000,0.0000,0.0000
1621,6.4840,0.0000,-0.0000,-5.0536,0.0000,-0.0000,-5.0259,0.0000,-0.0000,0.0240,0.7071,0.7071,0.0000,0.0000,0.0000,0.0000,-0.0000,0.4969,0.4969,0.4969,0.4969,0.0000,0.0000,-9.7481,0.0000,0.0000,0.0000
1622,6.4880,0.0000,-0.0000,-5.0535,0.0000,-0.0000,-5.0260,0.0000,-0.0000,0.0242,0.7071,0.7071,0.0000,0.0000,0.0000,0.0000,-0.0000,0.4969,0.4969,0.4969,0.4969,0.0000,0.0000,-9.7482,0.0000,0.0000,0.0000
1623,6.4920,0.0000,-0.0000,-5.0534,0.0000,-0.0000,-5.0261,0.0000,-0.0000,0.0245,0.7071,0.7071,0.0000,0.0000,0.0000,0.0000,-0.0000,0.4969,0.4969,0.4969,0.4969,0.0000,0.0000,-9.7483,0.0000,0.0000,0.0000
1624,6.4960,0.0000,-0.0000,-5.0533,0.0000,-0.0000,-5.0262,0.0000,-0.0000,0.0247,0.7071,0.7071,0.0000,0.0000,0.0000,0.0000,-0.0000,0.4969,0.4969,0.4969,0.4969,0.0000,0.0000,-9.7485,0.0000,0.0000,0.0000
1625,6.5000,0.0000,-0.0000,-5.0532,0.0000,-0.0000,-5.0263,0.0000,-0.0000,0.0249,0.7071,0.7071,0.0000,0.0000,0.0000,0.0000,-0.0000,0.4970,0.4970,0.4970,0.4970,0.0000,-0.0000,-9.7486,0.0000,0.0000,0.0000
1626,6.5040,0.0000,-0.0000,-5.0531,0.0000,-0.0000,-5.0264,0.0000,-0.0000,0.0252,0.7071,0.7071,0.0000,0.0000,0.0000,0.0000,-0.0000,0.4970,0.4970,0.4970,0.4970,0.0000,-0.0000,-9.7487,0.0000,0.0000,0.0000
1627,6.5080,0.0000,-0.0000,-5.0530,0.0000,-0.0000,-5.0265,0.0000,-0.0000,0.0254,0.7071,0.7071,0.0000,0.0000,0.0000,0.0000,-0.0000,0.4970,0.4970,0.4970,0.4970,0.0000,-0.0000,-9.7489,0.0000,0.0000,0.0000
1628,6.5120,0.0000,-0.0000,-5.0529,0.0000,-0.0000,-5.0266,0.0000,-0.0000,0.0257,0.7071,0.7071,0.0000,0.0000,0.0000,0.0000,-0.0000,0.4970,0.4970,0.4970,0.4970,0.0000,-0.0000,-9.7490,0.0000,0.0000,0.0000
1629,6.5160,0.0000,-0.0000,-5.0528,0.0000,-0.0000,-5.0267,0.0000,-0.0000,0.0259,0.7071,0.7071,0.0000,0.0000,0.0000,0.0000,-0.0000,0.4970,0.4970,0.4970,0.4970,0.0000,0.0000,-9.7491,0.0000,0.0000,0.0000
1630,6.5200,0.0000,-0.0000,-5.0527,0.0000,-0.0000,-5.0268,0.0000,-0.0000,0.0262,0.7071,0.7071,0.0000,0.0000,0.0000,0.0000,-0.0000,0.4970,0.4970,0.4970,0.4970,0.0000,-0.0000,-9.7493,0.0000,0.0000,0.0000
1631,6.5240,0.0000,-0.0000,-5.0526,0.0000,-0.0000,-5.0269,0.0000,-0.0000,0.0264,0.7071,0.7071,0.0000,0.0000,0.0000,0.0000,-0.0000,0.4970,0.4970,0.4970,0.4970,0.0000,0.0000,-9.7494,0.0000,0.0000,0.0000
1632,6.5280,0.0000,-0.0000,-5.0525,0.0000,-0.0000,-5.0270,0.0000,-0.0000,0.0266,0.7071,0.7071,0.0000,0.0000,0.0000,0.0000,-0.0000,0.4970,0.4970,0.4970,0.4970,0.0000,0.0000,-9.7496,0.0000,0.0000,0.0000
1633,6.5320,0.0000,-0.0000,-5.0524,0.0000,-0.0000,-5.0271,0.0000,-0.0000,0.0269,0.7071,0.7071,0.0000,0.0000,0.0000,0.0000,-0.0000,0.4970,0.4970,0.4970,0.4970,0.0000,-0.0000,-9.7497,0.0000,0.0000,0.0000
1634,6.5360,0.0000,-0.0000,-5.0522,0.0000,-0.0000,-5.0272,0.0000,-0.0000,0.0271,0.7071,0.7071,0.0000,0.0000,0.0000,0.0000,-0.0000,0.4970,0.4970,0.4970,0.4970,0.0000,-0.0000,-9.7498,0.0000,0.0000,0.0000
1635,6.5400,0.0000,-0.0000,-5.0521,0.0000,-0.0000,-5.0273,0.0000,-0.0000,0.0274,0.7071,0.7071,0.0000,0.0000,0.0000,0.0000,-0.0000,0.4970,0.4970,0.4970,0.4970,0.0000,0.0000,-9.7500,0.0000,0.0000,0.0000
1636,6.5440,0.0000,-0.0000,-5.0520,0.0000,-0.0000,-5.0273,0.0000,-0.0000,0.0276,0.7071,0.7071,0.0000,0.0000,0.0000,0.0000,-0.0000,0.4970,0.4970,0.4970,0.4970,0.0000,-0.0000,-9.7501,0.0000,0.0000,0.0000
1637,6.5480,0.0000,-0.0000,-5.0519,0.0000,-0.0000,-5.0274,0.0000,-0.0000,0.0278,0.7071,0.7071,0.0000,0.0000,0.0000,0.0000,-0.0000,0.4970,0.4970,0.4970,0.4970,0.0000,0.0000,-9.7503,0.0000,0.0000,0.0000
1638,6.5520,0.0000,-0.0000,-5.0518,0.0000,-0.0000,-5.0275,0.0000,-0.0000,0.0281,0.7071,0.7071,0.0000,0.0000,0.0000,0.0000,-0.0000,0.4971,0.4971,0.4971,0.4971,0.0000,0.0000,-9.7504,0.0000,0.0000,0.0000
1639,6.5560,0.0000,-0.0000,-5.0517,0.0000,-0.0000,-5.0276,0.0000,-0.0000,0.0283,0.7071,0.7071,0.0000,0.0000,0.0000,0.0000,-0.0000,0.4971,0.4971,0.4971,0.4971,0.0000,0.0000,-9.7505,0.0000,0.0000,0.0000
1640,6.5600,0.0000,-0.0000,-5.0516,0.0000,-0.0000,-5.0277,0.0000,-0.0000,0.0286,0.7071,0.7071,0.0000,0.0000,0.0000,0.0000,-0.0000,0.4971,0.4971,0.4971,0.4971,0.0000,-0.0000,-9.7507,0.0000,0.0000,0.0000
1641,6.5640,0.0000,-0.0000,-5.0515,0.0000,-0.0000,-5.0278,0.0000,-0.0000,0.0288,0.7071,0.7071,0.0000,0.0000,0.0000,0.0000,-0.0000,0.4971,0.4971,0.4971,0.4971,0.0000,-0.0000,-9.7508,0.0000,0.0000,0.0000
1642,6.5680,0.0000,-0.0000,-5.0513,0.0000,-0.0000,-5.0279,0.0000,-0.0000,0.0290,0.7071,0.7071,0.0000,0.0000,0.0000,0.0000,-0.0000,0.4971,0.4971,0.4971,0.4971,0.0000,-0.0000,-9.7510,0.0000,0.0000,0.0000
1643,6.5720,0.0000,-0.0000,-5.0512,0.0000,-0.0000,-5.0280,0.0000,-0.0000,0.0293,0.7071,0.7071,0.0000,0.0000,0.0000,0.0000,-0.0000,0.4971,0.4971,0.4971,0.4971,0.0000,0.0000,-9.7511,0.0000,0.0000,0.0000
1644,6.5760,0.0000,-0.0000,-5.0511,0.0000,-0.0000,-5.0280,0.0000,-0.0000,0.0295,0.7071,0.7071,0.0000,0.0000,0.0000,0.0000,-0.0000,0.4971,0.4971,0.4971,0.4971,0.0000,-0.0000,-9.7513,0.0000,0.0000,0.0000
1645,6.5800,0.0000,-0.0000,-5.0510,0.0000,-0.0000,-5.0281,0.0000,-0.0000,0.0297,0.7071,0.7071,0.0000,0.0000,0.0000,0.0000,-0.0000,0.4971,0.4971,0.4971,0.4971,0.0000,0.0000,-9.7514,0.0000,0.0000,0.0000
1646,6.5840,0.0000,-0.0000,-5.0509,0.0000,-0.0000,-5.0282,0.0000,-0.0000,0.0300,0.7071,0.7071,0.0000,0.0000,0.0000,0.0000,-0.0000,0.4971,0.4971,0.4971,0.4971,0.0000,-0.0000,-9.7516,0.0000,0.0000,0.0000
1647,6.5880,0.0000,-0.0000,-5.0507,0.0000,-0.0000,-5.0283,0.0000,-0.0000,0.0302,0.7071,0.7071,0.0000,0.0000,0.0000,0.0000,-0.0000,0.4971,0.4971,0.4971,0.4971,0.0000,-0.0000,-9.7517,0.0000,0.0000,0.0000
1648,6.5920,0.0000,-0.0000,-5.0506,0.0000,-0.0000,-5.0284,0.0000,-0.0000,0.0304,0.7071,0.7071,0.0000,0.0000,0.0000,0.0000,-0.0000,0.4971,0.4971,0.4971,0.4971,0.0000,-0.0000,-9.7519,0.0000,0.0000,0.0000
1649,6.5960,0.0000,-0.0000,-5.0505,0.0000,-0.0000,-5.0285,0.0000,-0.0000,0.0307,0.7071,0.7071,0.0000,0.0000,0.0000,0.0000,-0.0000,0.4971,0.4971,0.4971,0.4971,0.0000,-0.0000,-9.7520,0.0000,0.0000,0.0000
1650,6.6000,0.0000,-0.0000,-5.0504,0.0000,-0.0000,-5.0286,0.0000,-0.0000,0.0309,0.7071,0.7071,0.0000,0.0000,0.0000,0.0000,-0.0000,0.4971,0.4971,0.4971,0.4971,0.0000,0.0000,-9.7522,0.0000,0.0000,0.0000
1651,6.6040,0.0000,-0.0000,-5.0503,0.0000,-0.0000,-5.0286,0.0000,-0.0000,0.0311,0.7071,0.7071,0.0000,0.0000,0.0000,0.0000,-0.0000,0.4972,0.4972,0.4972,0.4972,0.0000,0.0000,-9.7523,0.0000,0.0000,0.0000
1652,6.6080,0.0000,-0.0000,-5.0501,0.0000,-0.0000,-5.0287,0.0000,-0.0000,0.0313,0.7071,0.7071,0.0000,0.0000,0.0000,0.0000,-0.0000,0.4972,0.4972,0.4972,0.4972,0.0000,-0.0000,-9.7525,0.0000,0.0000,0.0000
1653,6.6120,0.0000,-0.0000,-5.0500,0.0000,-0.0000,-5.0288,0.0000,-0.0000,0.0316,0.7071,0.7071,0.0000,0.0000,0.0000,0.0000,-0.0000,0.4972,0.4972,0.4972,0.4972,0.0000,-0.0000,-9.7526,0.0000,0.0000,0.0000
1654,6.6160,0.0000,-0.0000,-5.0499,0.0000,-0.0000,-5.0289,0.0000,-0.0000,0.0318,0.7071,0.7071,0.0000,0.0000,0.0000,0.0000,-0.0000,0.4972,0.4972,0.4972,0.4972,0.0000,-0.0000,-9.7528,0.0000,0.0000,0.0000
1655,6.6200,0.0000,-0.0000,-5.0497,0.0000,-0.0000,-5.0290,0.0000,-0.0000,0.0320,0.7071,0.7071,0.0000,0.0000,0.0000,0.0000,-0.0000,0.4972,0.4972,0.4972,0.4972,0.0000,0.0000,-9.7530,0.0000,0.0000,0.0000
1656,6.6240,0.0000,-0.0000,-5.0496,0.0000,-0.0000,-5.0290,0.0000,-0.0000,0.0323,0.7071,0.7071,0.0000,0.0000,0.0000,0.0000,-0.0000,0.4972,0.4972,0.4972,0.4972,0.0000,-0.0000,-9.7531,0.0000,0.0000,0.0000
1657,6.6280,0.0000,-0.0000,-5.0495,0.0000,-0.0000,-5.0291,0.0000,-0.0000,0.0325,0.7071,0.7071,0.0000,0.0000,0.0000,0.0000,-0.0000,0.4972,0.4972,0.4972,0.4972,0.0000,0.0000,-9.7533,0.0000,0.0000,0.0000
1658,6.6320,0.0000,-0.0000,-5.0494,0.0000,-0.0000,-5.0292,0.0000,-0.0000,0.0327,0.7071,0.7071,0.0000,0.0000,0.0000,0.0000,-0.0000,0.4972,0.4972,0.4972,0.4972,0.0000,0.0000,-9.7534,0.0000,0.0000,0.0000
1659,6.6360,0.0000,-0.0000,-5.0492,0.0000,-0.0000,-5.0293,0.0000,-0.0000,0.0329,0.7071,0.7071,0.0000,0.0000,0.0000,0.0000,-0.0000,0.4972,0.4972,0.4972,0.4972,0.0000,0.0000,-9.7536,0.0000,0.0000,0.0000
1660,6.6400,0.0000,-0.0000,-5.0491,0.0000,-0.0000,-5.0294,0.0000,-0.0000,0.0332,0.7071,0.7071,0.0000,0.0000,0.0000,0.0000,-0.0000,0.4972,0.4972,0.4972,0.4972,0.0000,-0.0000,-9.7538,0.0000,0.0000,0.0000
1661,6.6440,0.0000,-0.0000,-5.0490,0.0000,-0.0000,-5.0294,0.0000,-0.0000,0.0334,0.7071,0.7071,0.0000,0.0000,0.0000,0.0000,-0.0000,0.4972,0.4972,0.4972,0.4972,0.0000,0.0000,-9.7539,0.0000,0.0000,0.0000
1662,6.6480,0.0000,-0.0000,-5.0488,0.0000,-0.0000,-5.0295,0.0000,-0.0000,0.0336,0.7071,0.7071,0.0000,0.0000,0.0000,0.0000,-0.0000,0.4973,0.4973,0.4973,0.4973,0.0000,-0.0000,-9.7541,0.0000,0.0000,0.0000
1663,6.6520,0.0000,-0.0000,-5.0487,0.0000,-0.0000,-5.0296,0.0000,-0.0000,0.0338,0.7071,0.7071,0.0000,0.0000,0.0000,0.0000,-0.0000,0.4973,0.4973,0.4973,0.4973,0.0000,-0.0000,-9.7542,0.0000,0.0000,0.0000
1664,6.6560,0.0000,-0.0000,-5.0486,0.0000,-0.0000,-5.0297,0.0000,-0.0000,0.0340,0.7071,0.7071,0.0000,0.0000,0.0000,0.0000,-0.0000,0.4973,0.4973,0.4973,0.4973,0.0000,-0.0000,-9.7544,0.0000,0.0000,0.0000
1665,6.6600,0.0000,-0.0000,-5.0484,0.0000,-0.0000,-5.0297,0.0000,-0.0000,0.0343,0.7071,0.7071,0.0000,0.0000,0.0000,0.0000,-0.0000,0.4973,0.4973,0.4973,0.4973,0.0000,-0.0000,-9.7546,0.0000,0.0000,0.0000
1666,6.6640,0.0000,-0.0000,-5.0483,0.0000,-0.0000,-5.0298,0.0000,-0.0000,0.0345,0.7071,0.7071,0.0000,0.0000,0.0000,0.0000,-0.0000,0.4973,0.4973,0.4973,0.4973,0.0000,0.0000,-9.7547,0.0000,0.0000,0.0000
1667,6.6680,0.0000,-0.0000,-5.0481,0.0000,-0.0000,-5.0299,0.0000,-0.0000,0.0347,0.7071,0.7071,0.0000,0.0000,0.0000,0.0000,-0.0000,0.4973,0.4973,0.4973,0.4973,0.0000,0.0000,-9.7549,0.0000,0.0000,0.0000
1668,6.6720,0.0000,-0.0000,-5.0480,0.0000,-0.0000,-5.0299,0.0000,-0.0000,0.0349,0.7071,0.7071,0.0000,0.0000,0.0000,0.0000,-0.0000,0.4973,0.4973,0.4973,0.4973,0.0000,0.0000,-9.7551,0.0000,0.0000,0.0000
1669,6.6760,0.0000,-0.0000,-5.0479,0.0000,-0.0000,-5.0300,0.0000,-0.0000,0.0351,0.7071,0.7071,0.0000,0.0000,0.0000,0.0000,-0.0000,0.4973,0.4973,0.4973,0.4973,0.0000,-0.0000,-9.7552,0.0000,0.0000,0.0000
1670,6.6800,0.0000,-0.0000,-5.0477,0.0000,-0.0000,-5.0301,0.0000,-0.0000,0.0354,0.7071,0.7071,0.0000,0.0000,0.0000,0.0000,-0.0000,0.4973,0.4973,0.4973,0.4973,0.0000,-0.0000,-9.7554,0.0000,0.0000,0.0000
1671,6.6840,0.0000,-0.0000,-5.0476,0.0000,-0.0000,-5.0302,0.0000,-0.0000,0.0356,0.7071,0.7071,0.0000,0.0000,0.0000,0.0000,-0.0000,0.4973,0.4973,0.4973,0.4973,0.0000,-0.0000,-9.7556,0.0000,0.0000,0.0000
1672,6.6880,0.0000,-0.0000,-5.0474,0.0000,-0.0000,-5.0302,0.0000,-0.0000,0.0358,0.7071,0.7071,0.0000,0.0000,0.0000,0.0000,-0.0000,0.4973,0.4973,0.4973,0.4973,0.0000,-0.0000,-9.7558,0.0000,0.0000,0.0000
1673,6.6920,0.0000,-0.0000,-5.0473,0.0000,-0.0000,-5.0303,0.0000,-0.0000,0.0360,0.7071,0.7071,0.0000,0.0000,0.0000,0.0000,-0.0000,0.4973,0.4973,0.4973,0.4973,0.0000,0.0000,-9.7559,0.0000,0.0000,0.0000
1674,6.6960,0.0000,-0.0000,-5.0471,0.0000,-0.0000,-5.0304,0.0000,-0.0000,0.0362,0.7071,0.7071,0.0000,0.0000,0.0000,0.0000,-0.0000,0.4974,0.4974,0.4974,0.4974,0.0000,0.0000,-9.7561,0.0000,0.0000,0.0000
1675,6.7000,0.0000,-0.0000,-5.0470,0.0000,-0.0000,-5.0304,0.0000,-0.0000,0.0364,0.7071,0.7071,0.0000,0.0000,0.0000,0.0000,-0.0000,0.4974,0.4974,0.4974,0.4974,0.0000,-0.0000,-9.7563,0.0000,0.0000,0.0000
1676,6.7040,0.0000,-0.0000,-5.0469,0.0000,-0.0000,-5.0305,0.0000,-0.0000,0.0367,0.7071,0.7071,0.0000,0.0000,0.0000,0.0000,-0.0000,0.4974,0.4974,0.4974,0.4974,0.0000,0.0000,-9.7564,0.0000,0.0000,0.0000
1677,6.7080,0.0000,-0.0000,-5.0467,0.0000,-0.0000,-5.0306,0.0000,-0.0000,0.0369,0.7071,0.7071,0.0000,0.0000,0.0000,0.0000,-0.0000,0.4974,0.4974,0.4974,0.4974,0.0000,-0.0000,-9.7566,0.0000,0.0000,0.0000
1678,6.7120,0.0000,-0.0000,-5.0466,0.0000,-0.0000,-5.0306,0.0000,-0.0000,0.0371,0.7071,0.7071,0.0000,0.0000,0.0000,0.0000,-0.0000,0.4974,0.4974,0.4974,0.4974,0.0000,-0.0000,-9.7568,0.0000,0.0000,0.0000
1679,6.7160,0.0000,-0.0000,-5.0464,0.0000,-0.0000,-5.0307,0.0000,-0.0000,0.0373,0.7071,0.7071,0.0000,0.0000,0.0000,0.0000,-0.0000,0.4974,0.4974,0.4974,0.4974,0.0000,0.0000,-9.7570,0.0000,0.0000,0.0000
1680,6.7200,0.0000,-0.0000,-5.0463,0.0000,-0.0000,-5.0308,0.0000,-0.0000,0.0375,0.7071,0.7071,0.0000,0.0000,0.0000,0.0000,-0.0000,0.4974,0.4974,0.4974,0.4974,0.0000,0.0000,-9.7571,0.0000,0.0000,0.0000
1681,6.7240,0.0000,-0.0000,-5.0461,0.0000,-0.0000,-5.0308,0.0000,-0.0000,0.0377,0.7071,0.7071,0.0000,0.0000,0.0000,0.0000,-0.0000,0.4974,0.4974,0.4974,0.4974,0.0000,-0.0000,-9.7573,0.0000,0.0000,0.0000
1682,6.7280,0.0000,-0.0000,-5.0460,0.0000,-0.0000,-5.0309,0.0000,-0.0000,0.0379,0.7071,0.7071,0.0000,0.0000,0.0000,0.0000,-0.0000,0.4974,0.4974,0.4974,0.4974,0.0000,0.0000,-9.7575,0.0000,0.0000,0.0000
1683,6.7320,0.0000,-0.0000,-5.0458,0.0000,-0.0000,-5.0310,0.0000,-0.0000,0.0381,0.7071,0.7071,0.0000,0.0000,0.0000,0.0000,-0.0000,0.4974,0.4974,0.4974,0.4974,0.0000,-0.0000,-9.7577,0.0000,0.0000,0.0000
1684,6.7360,0.0000,-0.0000,-5.0456,0.0000,-0.0000,-5.0310,0.0000,-0.0000,0.0383,0.7071,0.7071,0.0000,0.0000,0.0000,0.0000,-0.0000,0.4975,0.4975,0.4975,0.4975,0.0000,-0.0000,-9.7579,0.0000,0.0000,0.0000
1685,6.7400,0.0000,-0.0000,-5.0455,0.0000,-0.0000,-5.0311,0.0000,-0.0000,0.0385,0.7071,0.7071,0.0000,0.0000,0.0000,0.0000,-0.0000,0.4975,0.4975,0.4975,0.4975,0.0000,-0.0000,-9.7580,0.0000,0.0000,0.0000
1686,6.7440,0.0000,-0.0000,-5.0453,0.0000,-0.0000,-5.0312,0.0000,-0.0000,0.0388,0.7071,0.7071,0.0000,0.0000,0.0000,0.0000,-0.0000,0.4975,0.4975,0.4975,0.4975,0.0000,-0.0000,-9.7582,0.0000,0.0000,0.0000
1687,6.7480,0.0000,-0.0000,-5.0452,0.0000,-0.0000,-5.0312,0.0000,-0.0000,0.0390,0.7071,0.7071,0.0000,0.0000,0.0000,0.0000,-0.0000,0.4975,0.4975,0.4975,0.4975,0.0000,0.0000,-9.7584,0.0000,0.0000,0.0000
1688,6.7520,0.0000,-0.0000,-5.0450,0.0000,-0.0000,-5.0313,0.0000,-0.0000,0.0392,0.7071,0.7071,0.0000,0.0000,0.0000,0.0000,-0.0000,0.4975,0.4975,0.4975,0.4975,0.0000,0.0000,-9.7586,0.0000,0.0000,0.0000
1689,6.7560,0.0000,-0.0000,-5.0449,0.0000,-0.0000,-5.0313,0.0000,-0.0000,0.0394,0.7071,0.7071,0.0000,0.0000,0.0000,0.0000,-0.0000,0.4975,0.4975,0.4975,0.4975,0.0000,0.0000,-9.7588,0.0000,0.0000,0.0000
1690,6.7600,0.0000,-0.0000,-5.0447,0.0000,-0.0000,-5.0314,0.0000,-0.0000,0.0396,0.7071,0.7071,0.0000,0.0000,0.0000,0.0000,-0.0000,0.4975,0.4975,0.4975,0.4975,0.0000,0.0000,-9.7589,0.0000,0.0000,0.0000
1691,6.7640,0.0000,-0.0000,-5.0446,0.0000,-0.0000,-5.0315,0.0000,-0.0000,0.0398,0.7071,0.7071,0.0000,0.0000,0.0000,0.0000,-0.0000,0.4975,0.4975,0.4975,0.4975,0.0000,0.0000,-9.7591,0.0000,0.0000,0.0000
1692,6.7680,0.0000,-0.0000,-5.0444,0.0000,-0.0000,-5.0315,0.0000,-0.0000,0.0400,0.7071,0.7071,0.0000,0.0000,0.0000,0.0000,-0.0000,0.4975,0.4975,0.4975,0.4975,0.0000,0.0000,-9.7593,0.0000,0.0000,0.0000
1693,6.7720,0.0000,-0.0000,-5.0442,0.0000,-0.0000,-5.0316,0.0000,-0.0000,0.0402,0.7071,0.7071,0.0000,0.0000,0.0000,0.0000,-0.0000,0.4975,0.4975,0.4975,0.4975,0.0000,0.0000,-9.7595,0.0000,0.0000,0.0000
1694,6.7760,0.0000,-0.0000,-5.0441,0.0000,-0.0000,-5.0316,0.0000,-0.0000,0.0404,0.7071,0.7071,0.0000,0.0000,0.0000,0.0000,-0.0000,0.4976,0.4976,0.4976,0.4976,0.0000,0.0000,-9.7597,0.0000,0.0000,0.0000
1695,6.7800,0.0000,-0.0000,-5.0439,0.0000,-0.0000,-5.0317,0.0000,-0.0000,0.0406,0.7071,0.7071,0.0000,0.0000,0.0000,0.0000,-0.0000,0.4976,0.4976,0.4976,0.4976,0.0000,0.0000,-9.7599,0.0000,0.0000,0.0000
1696,6.7840,0.0000,-0.0000,-5.0437,0.0000,-0.0000,-5.0317,0.0000,-0.0000,0.0408,0.7071,0.7071,0.0000,0.0000,0.0000,0.0000,-0.0000,0.4976,0.4976,0.4976,0.4976,0.0000,-0.0000,-9.7601,0.0000,0.0000,0.0000
1697,6.7880,0.0000,-0.0000,-5.0436,0.0000,-0.0000,-5.0318,0.0000,-0.0000,0.0410,0.7071,0.7071,0.0000,0.0000,0.0000,0.0000,-0.0000,0.4976,0.4976,0.4976,0.4976,0.0000,0.0000,-9.7603,0.0000,0.0000,0.0000
1698,6.7920,0.0000,-0.0000,-5.0434,0.0000,-0.0000,-5.0318,0.0000,-0.0000,0.0412,0.7071,0.7071,0.0000,0.0000,0.0000,0.0000,-0.0000,0.4976,0.4976,0.4976,0.4976,0.0000,0.0000,-9.7604,0.0000,0.0000,0.0000
1699,6.7960,0.0000,-0.0000,-5.0432,0.0000,-0.0000,-5.0319,0.0000,-0.0000,0.0414,0.7071,0.7071,0.0000,0.0000,0.0000,0.0000,-0.0000,0.4976,0.4976,0.4976,0.4976,0.0000,0.0000,-9.7606,0.0000,0.0000,0.0000
1700,6.8000,0.0000,-0.0000,-5.0431,0.0000,-0.0000,-5.0320,0.0000,-0.0000,0.0416,0.7071,0.7071,0.0000,0.0000,0.0000,0.0000,-0.0000,0.4976,0.4976,0.4976,0.4976,0.0000,0.0000,-9.7608,0.0000,0.0000,0.0000
1701,6.8040,0.0000,-0.0000,-5.0429,0.0000,-0.0000,-5.0320,0.0000,-0.0000,0.0418,0.7071,0.7071,0.0000,0.0000,0.0000,0.0000,-0.0000,0.4976,0.4976,0.4976,0.4976,0.0000,0.0000,-9.7610,0.0000,0.0000,0.0000
1702,6.8080,0.0000,-0.0000,-5.0427,0.0000,-0.0000,-5.0321,0.0000,-0.0000,0.0420,0.7071,0.7071,0.0000,0.0000,0.0000,0.0000,-0.0000,0.4976,0.4976,0.4976,0.4976,0.0000,-0.0000,-9.7612,0.0000,0.0000,0.0000
1703,6.8120,0.0000,-0.0000,-5.0426,0.0000,-0.0000,-5.0321,0.0000,-0.0000,0.0421,0.7071,0.7071,0.0000,0.0000,0.0000,0.0000,-0.0000,0.4976,0.4976,0.4976,0.4976,0.0000,0.0000,-9.7614,0.0000,0.0000,0.0000
1704,6.8160,0.0000,-0.0000,-5.0424,0.0000,-0.0000,-5.0322,0.0000,-0.0000,0.0423,0.7071,0.7071,0.0000,0.0000,0.0000,0.0000,-0.0000,0.4977,0.4977,0.4977,0.4977,0.0000,0.0000,-9.7616,0.0000,0.0000,0.0000
1705,6.8200,0.0000,-0.0000,-5.0422,0.0000,-0.0000,-5.0322,0.0000,-0.0000,0.0425,0.7071,0.7071,0.0000,0.0000,0.0000,0.0000,-0.0000,0.4977,0.4977,0.4977,0.4977,0.0000,-0.0000,-9.7618,0.0000,0.0000,0.0000
1706,6.8240,0.0000,-0.0000,-5.0421,0.0000,-0.0000,-5.0323,0.0000,-0.0000,0.0427,0.7071,0.7071,0.0000,0.0000,0.0000,0.0000,-0.0000,0.4977,0.4977,0.4977,0.4977,0.0000,0.0000,-9.7620,0.0000,0.0000,0.0000
1707,6.8280,0.0000,-0.0000,-5.0419,0.0000,-0.0000,-5.0323,0.0000,-0.0000,0.0429,0.7071,0.7071,0.0000,0.0000,0.0000,0.0000,-0.0000,0.4977,0.4977,0.4977,0.4977,0.0000,0.0000,-9.7622,0.0000,0.0000,0.0000
1708,6.8320,0.0000,-0.0000,-5.0417,0.0000,-0.0000,-5.0324,0.0000,-0.0000,0.0431,0.7071,0.7071,0.0000,0.0000,0.0000,0.0000,-0.0000,0.4977,0.4977,0.4977,0.4977,0.0000,0.0000,-9.7624,0.0000,0.0000,0.0000
1709,6.8360,0.0000,-0.0000,-5.0416,0.0000,-0.0000,-5.0324,0.0000,-0.0000,0.0433,0.7071,0.7071,0.0000,0.0000,0.0000,0.0000,-0.0000,0.4977,0.4977,0.4977,0.4977,0.0000,0.0000,-9.7626,0.0000,0.0000,0.0000
1710,6.8400,0.0000,-0.0000,-5.0414,0.0000,-0.0000,-5.0325,0.0000,-0.0000,0.0435,0.7071,0.7071,0.0000,0.0000,0.0000,0.0000,-0.0000,0.4977,0.4977,0.4977,0.4977,0.0000,-0.0000,-9.7628,0.0000,0.0000,0.0000
1711,6.8440,0.0000,-0.0000,-5.0412,0.0000,-0.0000,-5.0325,0.0000,-0.0000,0.0437,0.7071,0.7071,0.0000,0.0000,0.0000,0.0000,-0.0000,0.4977,0.4977,0.4977,0.4977,0.0000,-0.0000,-9.7630,0.0000,0.0000,0.0000
1712,6.8480,0.0000,-0.0000,-5.0410,0.0000,-0.0000,-5.0325,0.0000,-0.0000,0.0439,0.7071,0.7071,0.0000,0.0000,0.0000,0.0000,-0.0000,0.4977,0.4977,0.4977,0.4977,0.0000,0.0000,-9.7632,0.0000,0.0000,0.0000
1713,6.8520,0.0000,-0.0000,-5.0409,0.0000,-0.0000,-5.0326,0.0000,-0.0000,0.0440,0.7071,0.7071,0.0000,0.0000,0.0000,0.0000,-0.0000,0.4977,0.4977,0.4977,0.4977,0.0000,0.0000,-9.7634,0.0000,0.0000,0.0000
1714,6.8560,0.0000,-0.0000,-5.0407,0.0000,-0.0000,-5.0326,0.0000,-0.0000,0.0442,0.7071,0.7071,0.0000,0.0000,0.0000,0.0000,-0.0000,0.4978,0.4978,0.4978,0.4978,0.0000,-0.0000,-9.7636,0.0000,0.0000,0.0000
1715,6.8600,0.0000,-0.0000,-5.0405,0.0000,-0.0000,-5.0327,0.0000,-0.0000,0.0444,0.7071,0.7071,0.0000,0.0000,0.0000,0.0000,-0.0000,0.4978,0.4978,0.4978,0.4978,0.0000,-0.0000,-9.7638,0.0000,0.0000,0.0000
1716,6.8640,0.0000,-0.0000,-5.0403,0.0000,-0.0000,-5.0327,0.0000,-0.0000,0.0446,0.7071,0.7071,0.0000,0.0000,0.0000,0.0000,-0.0000,0.4978,0.4978,0.4978,0.4978,0.0000,-0.0000,-9.7640,0.0000,0.0000,0.0000
1717,6.8680,0.0000,-0.0000,-5.0401,0.0000,-0.0000,-5.0328,0.0000,-0.0000,0.0448,0.7071,0.7071,0.0000,0.0000,0.0000,0.0000,-0.0000,0.4978,0.4978,0.4978,0.4978,0.0000,-0.0000,-9.7642,0.0000,0.0000,0.0000
1718,6.8720,0.0000,-0.0000,-5.0400,0.0000,-0.0000,-5.0328,0.0000,-0.0000,0.0450,0.7071,0.7071,0.0000,0.0000,0.0000,0.0000,-0.0000,0.4978,0.4978,0.4978,0.4978,0.0000,-0.0000,-9.7644,0.0000,0.0000,0.0000
1719,6.8760,0.0000,-0.0000,-5.0398,0.0000,-0.0000,-5.0329,0.0000,-0.0000,0.0451,0.7071,0.7071,0.0000,0.0000,0.0000,0.0000,-0.0000,0.4978,0.4978,0.4978,0.4978,0.0000,-0.0000,-9.7646,0.0000,0.0000,0.0000
1720,6.8800,0.0000,-0.0000,-5.0396,0.0000,-0.0000,-5.0329,0.0000,-0.0000,0.0453,0.7071,0.7071,0.0000,0.0000,0.0000,0.0000,-0.0000,0.4978,0.4978,0.4978,0.4978,0.0000,0.0000,-9.7648,0.0000,0.0000,0.0000
1721,6.8840,0.0000,-0.0000,-5.0394,0.0000,-0.0000,-5.0329,0.0000,-0.0000,0.0455,0.7071,0.7071,0.0000,0.0000,0.0000,0.0000,-0.0000,0.4978,0.4978,0.4978,0.4978,0.0000,0.0000,-9.7650,0.0000,0.0000,0.0000
1722,6.8880,0.0000,-0.0000,-5.0392,0.0000,-0.0000,-5.0330,0.0000,-0.0000,0.0457,0.7071,0.7071,0.0000,0.0000,0.0000,0.0000,-0.0000,0.4978,0.4978,0.4978,0.4978,0.0000,-0.0000,-9.7652,0.0000,0.0000,0.0000
1723,6.8920,0.0000,-0.0000,-5.0390,0.0000,-0.0000,-5.0330,0.0000,-0.0000,0.0459,0.7071,0.7071,0.0000,0.0000,0.0000,0.0000,-0.0000,0.4979,0.4979,0.4979,0.4979,0.0000,0.0000,-9.7654,0.0000,0.0000,0.0000
1724,6.8960,0.0000,-0.0000,-5.0389,0.0000,-0.0000,-5.0331,0.0000,-0.0000,0.0460,0.7071,0.7071,0.0000,0.0000,0.0000,0.0000,-0.0000,0.4979,0.4979,0.4979,0.4979,0.0000,-0.0000,-9.7656,0.0000,0.0000,0.0000
1725,6.9000,0.0000,-0.0000,-5.0387,0.0000,-0.0000,-5.0331,0.0000,-0.0000,0.0462,0.7071,0.7071,0.0000,0.0000,0.0000,0.0000,-0.0000,0.4979,0.4979,0.4979,0.4979,0.0000,0.0000,-9.7658,0.0000,0.0000,0.0000
1726,6.9040,0.0000,-0.0000,-5.0385,0.0000,-0.0000,-5.0331,0.0000,-0.0000,0.0464,0.7071,0.7071,0.0000,0.0000,0.0000,0.0000,-0.0000,0.4979,0.4979,0.4979,0.4979,0.0000,-0.0000,-9.7660,0.0000,0.0000,0.0000
1727,6.9080,0.0000,-0.0000,-5.0383,0.0000,-0.0000,-5.0332,0.0000,-0.0000,0.0466,0.7071,0.7071,0.0000,0.0000,0.0000,0.0000,-0.0000,0.4979,0.4979,0.4979,0.4979,0.0000,0.0000,-9.7662,0.0000,0.0000,0.0000
1728,6.9120,0.0000,-0.0000,-5.0381,0.0000,-0.0000,-5.0332,0.0000,-0.0000,0.0467,0.7071,0.7071,0.0000,0.0000,0.0000,0.0000,-0.0000,0.4979,0.4979,0.4979,0.4979,0.0000,-0.0000,-9.7664,0.0000,0.0000,0.0000
1729,6.9160,0.0000,-0.0000,-5.0379,0.0000,-0.0000,-5.0332,0.0000,-0.0000,0.0469,0.7071,0.7071,0.0000,0.0000,0.0000,0.0000,-0.0000,0.4979,0.4979,0.4979,0.4979,0.0000,-0.0000,-9.7666,0.0000,0.0000,0.0000
1730,6.9200,0.0000,-0.0000,-5.0377,0.0000,-0.0000,-5.0333,0.0000,-0.0000,0.0471,0.7071,0.7071,0.0000,0.0000,0.0000,0.0000,-0.0000,0.4979,0.4979,0.4979,0.4979,0.0000,-0.0000,-9.7669,0.0000,0.0000,0.0000
1731,6.9240,0.0000,-0.0000,-5.0376,0.0000,-0.0000,-5.0333,0.0000,-0.0000,0.0472,0.7071,0.7071,0.0000,0.0000,0.0000,0.0000,-0.0000,0.4979,0.4979,0.4979,0.4979,0.0000,-0.0000,-9.7671,0.0000,0.0000,0.0000
1732,6.9280,0.0000,-0.0000,-5.0374,0.0000,-0.0000,-5.0333,0.0000,-0.0000,0.0474,0.7071,0.7071,0.0000,0.0000,0.0000,0.0000,-0.0000,0.4980,0.4980,0.4980,0.4980,0.0000,0.0000,-9.7673,0.0000,0.0000,0.0000
1733,6.9320,0.0000,-0.0000,-5.0372,0.0000,-0.0000,-5.0334,0.0000,-0.0000,0.0476,0.7071,0.7071,0.0000,0.0000,0.0000,0.0000,-0.0000,0.4980,0.4980,0.4980,0.4980,0.0000,-0.0000,-9.7675,0.0000,0.0000,0.0000
1734,6.9360,0.0000,-0.0000,-5.0370,0.0000,-0.0000,-5.0334,0.0000,-0.0000,0.0478,0.7071,0.7071,0.0000,0.0000,0.0000,0.0000,-0.0000,0.4980,0.4980,0.4980,0.4980,0.0000,-0.0000,-9.7677,0.0000,0.0000,0.0000
1735,6.9400,0.0000,-0.0000,-5.0368,0.0000,-0.0000,-5.0334,0.0000,-0.0000,0.0479,0.7071,0.7071,0.0000,0.0000,0.0000,0.0000,-0.0000,0.4980,0.4980,0.4980,0.4980,0.0000,-0.0000,-9.7679,0.0000,0.0000,0.0000
1736,6.9440,0.0000,-0.0000,-5.0366,0.0000,-0.0000,-5.0335,0.0000,-0.0000,0.0481,0.7071,0.7071,0.0000,0.0000,0.0000,0.0000,-0.0000,0.4980,0.4980,0.4980,0.4980,0.0000,0.0000,-9.7681,0.0000,0.0000,0.0000
1737,6.9480,0.0000,-0.0000,-5.0364,0.0000,-0.0000,-5.0335,0.0000,-0.0000,0.0483,0.7071,0.7071,0.0000,0.0000,0.0000,0.0000,-0.0000,0.4980,0.4980,0.4980,0.4980,0.0000,0.0000,-9.7683,0.0000,0.0000,0.0000
1738,6.9520,0.0000,-0.0000,-5.0362,0.0000,-0.0000,-5.0335,0.0000,-0.0000,0.0484,0.7071,0.7071,0.0000,0.0000,0.0000,0.0000,-0.0000,0.4980,0.4980,0.4980,0.4980,0.0000,0.0000,-9.7686,0.0000,0.0000,0.0000
1739,6.9560,0.0000,-0.0000,-5.0360,0.0000,-0.0000,-5.0336,0.0000,-0.0000,0.0486,0.7071,0.7071,0.0000,0.0000,0.0000,0.0000,-0.0000,0.4980,0.4980,0.4980,0.4980,0.0000,0.0000,-9.7688,0.0000,0.0000,0.0000
1740,6.9600,0.0000,-0.0000,-5.0358,0.0000,-0.0000,-5.0336,0.0000,-0.0000,0.0487,0.7071,0.7071,0.0000,0.0000,0.0000,0.0000,-0.0000,0.4980,0.4980,0.4980,0.4980,0.0000,0.0000,-9.7690,0.0000,0.0000,0.0000
1741,6.9640,0.0000,-0.0000,-5.0356,0.0000,-0.0000,-5.0336,0.0000,-0.0000,0.0489,0.7071,0.7071,0.0000,0.0000,0.0000,0.0000,-0.0000,0.4981,0.4981,0.4981,0.4981,0.0000,0.0000,-9.7692,0.0000,0.0000,0.0000
1742,6.9680,0.0000,-0.0000,-5.0354,0.0000,-0.0000,-5.0336,0.0000,-0.0000,0.0491,0.7071,0.7071,0.0000,0.0000,0.0000,0.0000,-0.0000,0.4981,0.4981,0.4981,0.4981,0.0000,0.0000,-9.7694,0.0000,0.0000,0.0000
1743,6.9720,0.0000,-0.0000,-5.0352,0.0000,-0.0000,-5.0337,0.0000,-0.0000,0.0492,0.7071,0.7071,0.0000,0.0000,0.0000,0.0000,-0.0000,0.4981,0.4981,0.4981,0.4981,0.0000,0.0000,-9.7696,0.0000,0.0000,0.0000
1744,6.9760,0.0000,-0.0000,-5.0350,0.0000,-0.0000,-5.0337,0.0000,-0.0000,0.0494,0.7071,0.7071,0.0000,0.0000,0.0000,0.0000,-0.0000,0.4981,0.4981,0.4981,0.4981,0.0000,0.0000,-9.7699,0.0000,0.0000,0.0000
1745,6.9800,0.0000,-0.0000,-5.0348,0.0000,-0.0000,-5.0337,0.0000,-0.0000,0.0495,0.7071,0.7071,0.0000,0.0000,0.0000,0.0000,-0.0000,0.4981,0.4981,0.4981,0.4981,0.0000,0.0000,-9.7701,0.0000,0.0000,0.0000
1746,6.9840,0.0000,-0.0000,-5.0346,0.0000,-0.0000,-5.0338,0.0000,-0.0000,0.0497,0.7071,0.7071,0.0000,0.0000,0.0000,0.0000,-0.0000,0.4981,0.4981,0.4981,0.4981,0.0000,0.0000,-9.7703,0.0000,0.0000,0.0000
1747,6.9880,0.0000,-0.0000,-5.0344,0.0000,-0.0000,-5.0338,0.0000,-0.0000,0.0499,0.7071,0.7071,0.0000,0.0000,0.0000,0.0000,-0.0000,0.4981,0.4981,0.4981,0.4981,0.0000,0.0000,-9.7705,0.0000,0.0000,0.0000
1748,6.9920,0.0000,-0.0000,-5.0342,0.0000,-0.0000,-5.0338,0.0000,-0.0000,0.0500,0.7071,0.7071,0.0000,0.0000,0.0000,0.0000,-0.0000,0.4981,0.4981,0.4981,0.4981,0.0000,-0.0000,-9.7707,0.0000,0.0000,0.0000
1749,6.9960,0.0000,-0.0000,-5.0340,0.0000,-0.0000,-5.0338,0.0000,-0.0000,0.0502,0.7071,0.7071,0.0000,0.0000,0.0000,0.0000,-0.0000,0.4981,0.4981,0.4981,0.4981,0.0000,0.0000,-9.7710,0.0000,0.0000,0.0000
1750,7.0000,0.0000,-0.0000,-5.0338,0.0000,-0.0000,-5.0338,0.0000,-0.0000,0.0503,0.7071,0.7071,0.0000,0.0000,0.0000,0.0000,-0.0000,0.4982,0.4982,0.4982,0.4982,0.0000,0.0000,-9.7712,0.0000,0.0000,0.0000
1751,7.0040,0.0000,-0.0000,-5.0336,0.0000,-0.0000,-5.0339,0.0000,-0.0000,0.0505,0.7071,0.7071,0.0000,0.0000,0.0000,0.0000,-0.0000,0.4982,0.4982,0.4982,0.4982,0.0000,0.0000,-9.7714,0.0000,0.0000,0.0000
1752,7.0080,0.0000,-0.0000,-5.0334,0.0000,-0.0000,-5.0339,0.0000,-0.0000,0.0506,0.7071,0.7071,0.0000,0.0000,0.0000,0.0000,-0.0000,0.4982,0.4982,0.4982,0.4982,0.0000,0.0000,-9.7716,0.0000,0.0000,0.0000
1753,7.0120,0.0000,-0.0000,-5.0332,0.0000,-0.0000,-5.0339,0.0000,-0.0000,0.0508,0.7071,0.7071,0.0000,0.0000,0.0000,0.0000,-0.0000,0.4982,0.4982,0.4982,0.4982,0.0000,0.0000,-9.7719,0.0000,0.0000,0.0000
1754,7.0160,0.0000,-0.0000,-5.0330,0.0000,-0.0000,-5.0339,0.0000,-0.0000,0.0509,0.7071,0.7071,0.0000,0.0000,0.0000,0.0000,-0.0000,0.4982,0.4982,0.4982,0.4982,0.0000,0.0000,-9.7721,0.0000,0.0000,0.0000
1755,7.0200,0.0000,-0.0000,-5.0328,0.0000,-0.0000,-5.0340,0.0000,-0.0000,0.0511,0.7071,0.7071,0.0000,0.0000,0.0000,0.0000,-0.0000,0.4982,0.4982,0.4982,0.4982,0.0000,0.0000,-9.7723,0.0000,0.0000,0.0000
1756,7.0240,0.0000,-0.0000,-5.0326,0.0000,-0.0000,-5.0340,0.0000,-0.0000,0.0512,0.7071,0.7071,0.0000,0.0000,0.0000,0.0000,-0.0000,0.4982,0.4982,0.4982,0.4982,0.0000,-0.0000,-9.7725,0.0000,0.0000,0.0000
1757,7.0280,0.0000,-0.0000,-5.0324,0.0000,-0.0000,-5.0340,0.0000,-0.0000,0.0514,0.7071,0.7071,0.0000,0.0000,0.0000,0.0000,-0.0000,0.4982,0.4982,0.4982,0.4982,0.0000,-0.0000,-9.7728,0.0000,0.0000,0.0000
1758,7.0320,0.0000,-0.0000,-5.0322,0.0000,-0.0000,-5.0340,0.0000,-0.0000,0.0515,0.7071,0.7071,0.0000,0.0000,0.0000,0.0000,-0.0000,0.4982,0.4982,0.4982,0.4982,0.0000,-0.0000,-9.7730,0.0000,0.0000,0.0000
1759,7.0360,0.0000,-0.0000,-5.0320,0.0000,-0.0000,-5.0340,0.0000,-0.0000,0.0517,0.7071,0.7071,0.0000,0.0000,0.0000,0.0000,-0.0000,0.4983,0.4983,0.4983,0.4983,0.0000,0.0000,-9.7732,0.0000,0.0000,0.0000
1760,7.0400,0.0000,-0.0000,-5.0318,0.0000,-0.0000,-5.0340,0.0000,-0.0000,0.0518,0.7071,0.7071,0.0000,0.0000,0.0000,0.0000,-0.0000,0.4983,0.4983,0.4983,0.4983,0.0000,0.0000,-9.7734,0.0000,0.0000,0.0000
1761,7.0440,0.0000,-0.0000,-5.0316,0.0000,-0.0000,-5.0341,0.0000,-0.0000,0.0520,0.7071,0.7071,0.0000,0.0000,0.0000,0.0000,-0.0000,0.4983,0.4983,0.4983,0.4983,0.0000,0.0000,-9.7737,0.0000,0.0000,0.0000
1762,7.0480,0.0000,-0.0000,-5.0314,0.0000,-0.0000,-5.0341,0.0000,-0.0000,0.0521,0.7071,0.7071,0.0000,0.0000,0.0000,0.0000,-0.0000,0.4983,0.4983,0.4983,0.4983,0.0000,-0.0000,-9.7739,0.0000,0.0000,0.0000
1763,7.0520,0.0000,-0.0000,-5.0312,0.0000,-0.0000,-5.0341,0.0000,-0.0000,0.0523,0.7071,0.7071,0.0000,0.0000,0.0000,0.0000,-0.0000,0.4983,0.4983,0.4983,0.4983,0.0000,-0.0000,-9.7741,0.0000,0.0000,0.0000
1764,7.0560,0.0000,-0.0000,-5.0310,0.0000,-0.0000,-5.0341,0.0000,-0.0000,0.0524,0.7071,0.7071,0.0000,0.0000,0.0000,0.0000,-0.0000,0.4983,0.4983,0.4983,0.4983,0.0000,0.0000,-9.7743,0.0000,0.0000,0.0000
1765,7.0600,0.0000,-0.0000,-5.0307,0.0000,-0.0000,-5.0341,0.0000,-0.0000,0.0525,0.7071,0.7071,0.0000,0.0000,0.0000,0.0000,-0.0000,0.4983,0.4983,0.4983,0.4983,0.0000,0.0000,-9.7746,0.0000,0.0000,0.0000
1766,7.0640,0.0000,-0.0000,-5.0305,0.0000,-0.0000,-5.0341,0.0000,-0.0000,0.0527,0.7071,0.7071,0.0000,0.0000,0.0000,0.0000,-0.0000,0.4983,0.4983,0.4983,0.4983,0.0000,-0.0000,-9.7748,0.0000,0.0000,0.0000
1767,7.0680,0.0000,-0.0000,-5.0303,0.0000,-0.0000,-5.0341,0.0000,-0.0000,0.0528,0.7071,0.7071,0.0000,0.0000,0.0000,0.0000,-0.0000,0.4984,0.4984,0.4984,0.4984,0.0000,-0.0000,-9.7750,0.0000,0.0000,0.0000
1768,7.0720,0.0000,-0.0000,-5.0301,0.0000,-0.0000,-5.0342,0.0000,-0.0000,0.0530,0.7071,0.7071,0.0000,0.0000,0.0000,0.0000,-0.0000,0.4984,0.4984,0.4984,0.4984,0.0000,0.0000,-9.7753,0.0000,0.0000,0.0000
1769,7.0760,0.0000,-0.0000,-5.0299,0.0000,-0.0000,-5.0342,0.0000,-0.0000,0.0531,0.7071,0.7071,0.0000,0.0000,0.0000,0.0000,-0.0000,0.4984,0.4984,0.4984,0.4984,0.0000,-0.0000,-9.7755,0.0000,0.0000,0.0000
1770,7.0800,0.0000,-0.0000,-5.0297,0.0000,-0.0000,-5.0342,0.0000,-0.0000,0.0532,0.7071,0.7071,0.0000,0.0000,0.0000,0.0000,-0.0000,0.4984,0.4984,0.4984,0.4984,0.0000,-0.0000,-9.7757,0.0000,0.0000,0.0000
1771,7.0840,0.0000,-0.0000,-5.0295,0.0000,-0.0000,-5.0342,0.0000,-0.0000,0.0534,0.7071,0.7071,0.0000,0.0000,0.0000,0.0000,-0.0000,0.4984,0.4984,0.4984,0.4984,0.0000,-0.0000,-9.7760,0.0000,0.0000,0.0000
1772,7.0880,0.0000,-0.0000,-5.0293,0.0000,-0.0000,-5.0342,0.0000,-0.0000,0.0535,0.7071,0.7071,0.0000,0.0000,0.0000,0.0000,-0.0000,0.4984,0.4984,0.4984,0.4984,0.0000,0.0000,-9.7762,0.0000,0.0000,0.0000
1773,7.0920,0.0000,-0.0000,-5.0290,0.0000,-0.0000,-5.0342,0.0000,-0.0000,0.0536,0.7071,0.7071,0.0000,0.0000,0.0000,0.0000,-0.0000,0.4984,0.4984,0.4984,0.4984,0.0000,-0.0000,-9.7764,0.0000,0.0000,0.0000
1774,7.0960,0.0000,-0.0000,-5.0288,0.0000,-0.0000,-5.0342,0.0000,-0.0000,0.0538,0.7071,0.7071,0.0000,0.0000,0.0000,0.0000,-0.0000,0.4984,0.4984,0.4984,0.4984,0.0000,-0.0000,-9.7767,0.0000,0.0000,0.0000
1775,7.1000,0.0000,-0.0000,-5.0286,0.0000,-0.0000,-5.0342,0.0000,-0.0000,0.0539,0.7071,0.7071,0.0000,0.0000,0.0000,0.0000,-0.0000,0.4985,0.4985,0.4985,0.4985,0.0000,0.0000,-9.7769,0.0000,0.0000,0.0000
1776,7.1040,0.0000,-0.0000,-5.0284,0.0000,-0.0000,-5.0342,0.0000,-0.0000,0.0540,0.7071,0.7071,0.0000,0.0000,0.0000,0.0000,-0.0000,0.4985,0.4985,0.4985,0.4985,0.0000,-0.0000,-9.7771,0.0000,0.0000,0.0000
1777,7.1080,0.0000,-0.0000,-5.0282,0.0000,-0.0000,-5.0342,0.0000,-0.0000,0.0542,0.7071,0.7071,0.0000,0.0000,0.0000,0.0000,-0.0000,0.4985,0.4985,0.4985,0.4985,0.0000,0.0000,-9.7774,0.0000,0.0000,0.0000
1778,7.1120,0.0000,-0.0000,-5.0280,0.0000,-0.0000,-5.0342,0.0000,-0.0000,0.0543,0.7071,0.7071,0.0000,0.0000,0.0000,0.0000,-0.0000,0.4985,0.4985,0.4985,0.4985,0.0000,-0.0000,-9.7776,0.0000,0.0000,0.0000
1779,7.1160,0.0000,-0.0000,-5.0278,0.0000,-0.0000,-5.0342,0.0000,-0.0000,0.0544,0.7071,0.7071,0.0000,0.0000,0.0000,0.0000,-0.0000,0.4985,0.4985,0.4985,0.4985,0.0000,-0.0000,-9.7778,0.0000,0.0000,0.0000
1780,7.1200,0.0000,-0.0000,-5.0275,0.0000,-0.0000,-5.0342,0.0000,-0.0000,0.0545,0.7071,0.7071,0.0000,0.0000,0.0000,0.0000,-0.0000,0.4985,0.4985,0.4985,0.4985,0.0000,0.0000,-9.7781,0.0000,0.0000,0.0000
1781,7.1240,0.0000,-0.0000,-5.0273,0.0000,-0.0000,-5.0343,0.0000,-0.0000,0.0547,0.7071,0.7071,0.0000,0.0000,0.0000,0.0000,-0.0000,0.4985,0.4985,0.4985,0.4985,0.0000,-0.0000,-9.7783,0.0000,0.0000,0.0000
1782,7.1280,0.0000,-0.0000,-5.0271,0.0000,-0.0000,-5.0343,0.0000,-0.0000,0.0548,0.7071,0.7071,0.0000,0.0000,0.0000,0.0000,-0.0000,0.4985,0.4985,0.4985,0.4985,0.0000,0.0000,-9.7785,0.0000,0.0000,0.0000
1783,7.1320,0.0000,-0.0000,-5.0269,0.0000,-0.0000,-5.0343,0.0000,-0.0000,0.0549,0.7071,0.7071,0.0000,0.0000,0.0000,0.0000,-0.0000,0.4986,0.4986,0.4986,0.4986,0.0000,0.0000,-9.7788,0.0000,0.0000,0.0000
1784,7.1360,0.0000,-0.0000,-5.0267,0.0000,-0.0000,-5.0343,0.0000,-0.0000,0.0550,0.7071,0.7071,0.0000,0.0000,0.0000,0.0000,-0.0000,0.4986,0.4986,0.4986,0.4986,0.0000,-0.0000,-9.7790,0.0000,0.0000,0.0000
1785,7.1400,0.0000,-0.0000,-5.0264,0.0000,-0.0000,-5.0343,0.0000,-0.0000,0.0552,0.7071,0.7071,0.0000,0.0000,0.0000,0.0000,-0.0000,0.4986,0.4986,0.4986,0.4986,0.0000,0.0000,-9.7793,0.0000,0.0000,0.0000
1786,7.1440,0.0000,-0.0000,-5.0262,0.0000,-0.0000,-5.0343,0.0000,-0.0000,0.0553,0.7071,0.7071,0.0000,0.0000,0.0000,0.0000,-0.0000,0.4986,0.4986,0.4986,0.4986,0.0000,0.0000,-9.7795,0.0000,0.0000,0.0000
1787,7.1480,0.0000,-0.0000,-5.0260,0.0000,-0.0000,-5.0343,0.0000,-0.0000,0.0554,0.7071,0.7071,0.0000,0.0000,0.0000,0.0000,-0.0000,0.4986,0.4986,0.4986,0.4986,0.0000,0.0000,-9.7797,0.0000,0.0000,0.0000
1788,7.1520,0.0000,-0.0000,-5.0258,0.0000,-0.0000,-5.0343,0.0000,-0.0000,0.0555,0.7071,0.7071,0.0000,0.0000,0.0000,0.0000,-0.0000,0.4986,0.4986,0.4986,0.4986,0.0000,0.0000,-9.7800,0.0000,0.0000,0.0000
1789,7.1560,0.0000,-0.0000,-5.0255,0.0000,-0.0000,-5.0343,0.0000,-0.0000,0.0556,0.7071,0.7071,0.0000,0.0000,0.0000,0.0000,-0.0000,0.4986,0.4986,0.4986,0.4986,0.0000,0.0000,-9.7802,0.0000,0.0000,0.0000
1790,7.1600,0.0000,-0.0000,-5.0253,0.0000,-0.0000,-5.0343,0.0000,-0.0000,0.0557,0.7071,0.7071,0.0000,0.0000,0.0000,0.0000,-0.0000,0.4986,0.4986,0.4986,0.4986,0.0000,-0.0000,-9.7805,0.0000,0.0000,0.0000
1791,7.1640,0.0000,-0.0000,-5.0251,0.0000,-0.0000,-5.0343,0.0000,-0.0000,0.0559,0.7071,0.7071,0.0000,0.0000,0.0000,0.0000,-0.0000,0.4987,0.4987,0.4987,0.4987,0.0000,0.0000,-9.7807,0.0000,0.0000,0.0000
1792,7.1680,0.0000,-0.0000,-5.0249,0.0000,-0.0000,-5.0343,0.0000,-0.0000,0.0560,0.7071,0.7071,0.0000,0.0000,0.0000,0.0000,-0.0000,0.4987,0.4987,0.4987,0.4987,0.0000,-0.0000,-9.7809,0.0000,0.0000,0.0000
1793,7.1720,0.0000,-0.0000,-5.0247,0.0000,-0.0000,-5.0343,0.0000,-0.0000,0.0561,0.7071,0.7071,0.0000,0.0000,0.0000,0.0000,-0.0000,0.4987,0.4987,0.4987,0.4987,0.0000,0.0000,-9.7812,0.0000,0.0000,0.0000
1794,7.1760,0.0000,-0.0000,-5.0244,0.0000,-0.0000,-5.0343,0.0000,-0.0000,0.0562,0.7071,0.7071,0.0000,0.0000,0.0000,0.0000,-0.0000,0.4987,0.4987,0.4987,0.4987,0.0000,0.0000,-9.7814,0.0000,0.0000,0.0000
1795,7.1800,0.0000,-0.0000,-5.0242,0.0000,-0.0000,-5.0342,0.0000,-0.0000,0.0563,0.7071,0.7071,0.0000,0.0000,0.0000,0.0000,-0.0000,0.4987,0.4987,0.4987,0.4987,0.0000,-0.0000,-9.7817,0.0000,0.0000,0.0000
1796,7.1840,0.0000,-0.0000,-5.0240,0.0000,-0.0000,-5.0342,0.0000,-0.0000,0.0564,0.7071,0.7071,0.0000,0.0000,0.0000,0.0000,-0.0000,0.4987,0.4987,0.4987,0.4987,0.0000,-0.0000,-9.7819,0.0000,0.0000,0.0000
1797,7.1880,0.0000,-0.0000,-5.0238,0.0000,-0.0000,-5.0342,0.0000,-0.0000,0.0565,0.7071,0.7071,0.0000,0.0000,0.0000,0.0000,-0.0000,0.4987,0.4987,0.4987,0.4987,0.0000,-0.0000,-9.7821,0.0000,0.0000,0.0000
1798,7.1920,0.0000,-0.0000,-5.0235,0.0000,-0.0000,-5.0342,0.0000,-0.0000,0.0567,0.7071,0.7071,0.0000,0.0000,0.0000,0.0000,-0.0000,0.4987,0.4987,0.4987,0.4987,0.0000,0.0000,-9.7824,0.0000,0.0000,0.0000
1799,7.1960,0.0000,-0.0000,-5.0233,0.0000,-0.0000,-5.0342,0.0000,-0.0000,0.0568,0.7071,0.7071,0.0000,0.0000,0.0000,0.0000,-0.0000,0.4988,0.4988,0.4988,0.4988,0.0000,-0.0000,-9.7826,0.0000,0.0000,0.0000
1800,7.2000,0.0000,-0.0000,-5.0231,0.0000,-0.0000,-5.0342,0.0000,-0.0000,0.0569,0.7071,0.7071,0.0000,0.0000,0.0000,0.0000,-0.0000,0.4988,0.4988,0.4988,0.4988,0.0000,0.0000,-9.7829,0.0000,0.0000,0.0000
1801,7.2040,0.0000,-0.0000,-5.0228,0.0000,-0.0000,-5.0342,0.0000,-0.0000,0.0570,0.7071,0.7071,0.0000,0.0000,0.0000,0.0000,-0.0000,0.4988,0.4988,0.4988,0.4988,0.0000,0.0000,-9.7831,0.0000,0.0000,0.0000
1802,7.2080,0.0000,-0.0000,-5.0226,0.0000,-0.0000,-5.0342,0.0000,-0.0000,0.0571,0.7071,0.7071,0.0000,0.0000,0.0000,0.0000,-0.0000,0.4988,0.4988,0.4988,0.4988,0.0000,-0.0000,-9.7834,0.0000,0.0000,0.0000
1803,7.2120,0.0000,-0.0000,-5.0224,0.0000,-0.0000,-5.0342,0.0000,-0.0000,0.0572,0.7071,0.7071,0.0000,0.0000,0.0000,0.0000,-0.0000,0.4988,0.4988,0.4988,0.4988,0.0000,0.0000,-9.7836,0.0000,0.0000,0.0000
1804,7.2160,0.0000,-0.0000,-5.0222,0.0000,-0.0000,-5.0342,0.0000,-0.0000,0.0573,0.7071,0.7071,0.0000,0.0000,0.0000,0.0000,-0.0000,0.4988,0.4988,0.4988,0.4988,0.0000,0.0000,-9.7839,0.0000,0.0000,0.0000
1805,7.2200,0.0000,-0.0000,-5.0219,0.0000,-0.0000,-5.0342,0.0000,-0.0000,0.0574,0.7071,0.7071,0.0000,0.0000,0.0000,0.0000,-0.0000,0.4988,0.4988,0.4988,0.4988,0.0000,-0.0000,-9.7841,0.0000,0.0000,0.0000
1806,7.2240,0.0000,-0.0000,-5.0217,0.0000,-0.0000,-5.0342,0.0000,-0.0000,0.0575,0.7071,0.7071,0.0000,0.0000,0.0000,0.0000,-0.0000,0.4988,0.4988,0.4988,0.4988,0.0000,-0.0000,-9.7844,0.0000,0.0000,0.0000
1807,7.2280,0.0000,-0.0000,-5.0215,0.0000,-0.0000,-5.0341,0.0000,-0.0000,0.0576,0.7071,0.7071,0.0000,0.0000,0.0000,0.0000,-0.0000,0.4989,0.4989,0.4989,0.4989,0.0000,-0.0000,-9.7846,0.0000,0.0000,0.0000
1808,7.2320,0.0000,-0.0000,-5.0212,0.0000,-0.0000,-5.0341,0.0000,-0.0000,0.0577,0.7071,0.7071,0.0000,0.0000,0.0000,0.0000,-0.0000,0.4989,0.4989,0.4989,0.4989,0.0000,0.0000,-9.7848,0.0000,0.0000,0.0000
1809,7.2360,0.0000,-0.0000,-5.0210,0.0000,-0.0000,-5.0341,0.0000,-0.0000,0.0578,0.7071,0.7071,0.0000,0.0000,0.0000,0.0000,-0.0000,0.4989,0.4989,0.4989,0.4989,0.0000,-0.0000,-9.7851,0.0000,0.0000,0.0000
1810,7.2400,0.0000,-0.0000,-5.0208,0.0000,-0.0000,-5.0341,0.0000,-0.0000,0.0579,0.7071,0.7071,0.0000,0.0000,0.0000,0.0000,-0.0000,0.4989,0.4989,0.4989,0.4989,0.0000,-0.0000,-9.7853,0.0000,0.0000,0.0000
1811,7.2440,0.0000,-0.0000,-5.0205,0.0000,-0.0000,-5.0341,0.0000,-0.0000,0.0580,0.7071,0.7071,0.0000,0.0000,0.0000,0.0000,-0.0000,0.4989,0.4989,0.4989,0.4989,0.0000,0.0000,-9.7856,0.0000,0.0000,0.0000
1812,7.2480,0.0000,-0.0000,-5.0203,0.0000,-0.0000,-5.0341,0.0000,-0.0000,0.0581,0.7071,0.7071,0.0000,0.0000,0.0000,0.0000,-0.0000,0.4989,0.4989,0.4989,0.4989,0.0000,0.0000,-9.7858,0.0000,0.0000,0.0000
1813,7.2520,0.0000,-0.0000,-5.0201,0.0000,-0.0000,-5.0341,0.0000,-0.0000,0.0582,0.7071,0.7071,0.0000,0.0000,0.0000,0.0000,-0.0000,0.4989,0.4989,0.4989,0.4989,0.0000,-0.0000,-9.7861,0.0000,0.0000,0.0000
1814,7.2560,0.0000,-0.0000,-5.0198,0.0000,-0.0000,-5.0341,0.0000,-0.0000,0.0583,0.7071,0.7071,0.0000,0.0000,0.0000,0.0000,-0.0000,0.4989,0.4989,0.4989,0.4989,0.0000,0.0000,-9.7863,0.0000,0.0000,0.0000
1815,7.2600,0.0000,-0.0000,-5.0196,0.0000,-0.0000,-5.0340,0.0000,-0.0000,0.0584,0.7071,0.7071,0.0000,0.0000,0.0000,0.0000,-0.0000,0.4990,0.4990,0.4990,0.4990,0.0000,0.0000,-9.7866,0.0000,0.0000,0.0000
1816,7.2640,0.0000,-0.0000,-5.0194,0.0000,-0.0000,-5.0340,0.0000,-0.0000,0.0585,0.7071,0.7071,0.0000,0.0000,0.0000,0.0000,-0.0000,0.4990,0.4990,0.4990,0.4990,0.0000,0.0000,-9.7868,0.0000,0.0000,0.0000
1817,7.2680,0.0000,-0.0000,-5.0191,0.0000,-0.0000,-5.0340,0.0000,-0.0000,0.0585,0.7071,0.7071,0.0000,0.0000,0.0000,0.0000,-0.0000,0.4990,0.4990,0.4990,0.4990,0.0000,-0.0000,-9.7871,0.0000,0.0000,0.0000
1818,7.2720,0.0000,-0.0000,-5.0189,0.0000,-0.0000,-5.0340,0.0000,-0.0000,0.0586,0.7071,0.7071,0.0000,0.0000,0.0000,0.0000,-0.0000,0.4990,0.4990,0.4990,0.4990,0.0000,0.0000,-9.7873,0.0000,0.0000,0.0000
1819,7.2760,0.0000,-0.0000,-5.0187,0.0000,-0.0000,-5.0340,0.0000,-0.0000,0.0587,0.7071,0.7071,0.0000,0.0000,0.0000,0.0000,-0.0000,0.4990,0.4990,0.4990,0.4990,0.0000,-0.0000,-9.7876,0.0000,0.0000,0.0000
1820,7.2800,0.0000,-0.0000,-5.0184,0.0000,-0.0000,-5.0339,0.0000,-0.0000,0.0588,0.7071,0.7071,0.0000,0.0000,0.0000,0.0000,-0.0000,0.4990,0.4990,0.4990,0.4990,0.0000,-0.0000,-9.7878,0.0000,0.0000,0.0000
1821,7.2840,0.0000,-0.0000,-5.0182,0.0000,-0.0000,-5.0339,0.0000,-0.0000,0.0589,0.7071,0.7071,0.0000,0.0000,0.0000,0.0000,-0.0000,0.4990,0.4990,0.4990,0.4990,0.0000,-0.0000,-9.7881,0.0000,0.0000,0.0000
1822,7.2880,0.0000,-0.0000,-5.0180,0.0000,-0.0000,-5.0339,0.0000,-0.0000,0.0590,0.7071,0.7071,0.0000,0.0000,0.0000,0.0000,-0.0000,0.4990,0.4990,0.4990,0.4990,0.0000,-0.0000,-9.7883,0.0000,0.0000,0.0000
1823,7.2920,0.0000,-0.0000,-5.0177,0.0000,-0.0000,-5.0339,0.0000,-0.0000,0.0591,0.7071,0.7071,0.0000,0.0000,0.0000,0.0000,-0.0000,0.4991,0.4991,0.4991,0.4991,0.0000,-0.0000,-9.7886,0.0000,0.0000,0.0000
1824,7.2960,0.0000,-0.0000,-5.0175,0.0000,-0.0000,-5.0339,0.0000,-0.0000,0.0592,0.7071,0.7071,0.0000,0.0000,0.0000,0.0000,-0.0000,0.4991,0.4991,0.4991,0.4991,0.0000,-0.0000,-9.7888,0.0000,0.0000,0.0000
1825,7.3000,0.0000,-0.0000,-5.0173,0.0000,-0.0000,-5.0338,0.0000,-0.0000,0.0592,0.7071,0.7071,0.0000,0.0000,0.0000,0.0000,-0.0000,0.4991,0.4991,0.4991,0.4991,0.0000,-0.0000,-9.7891,0.0000,0.0000,0.0000
1826,7.3040,0.0000,-0.0000,-5.0170,0.0000,-0.0000,-5.0338,0.0000,-0.0000,0.0593,0.7071,0.7071,0.0000,0.0000,0.0000,0.0000,-0.0000,0.4991,0.4991,0.4991,0.4991,0.0000,0.0000,-9.7893,0.0000,0.0000,0.0000
1827,7.3080,0.0000,-0.0000,-5.0168,0.0000,-0.0000,-5.0338,0.0000,-0.0000,0.0594,0.7071,0.7071,0.0000,0.0000,0.0000,0.0000,-0.0000,0.4991,0.4991,0.4991,0.4991,0.0000,-0.0000,-9.7896,0.0000,0.0000,0.0000
1828,7.3120,0.0000,-0.0000,-5.0165,0.0000,-0.0000,-5.0338,0.0000,-0.0000,0.0595,0.7071,0.7071,0.0000,0.0000,0.0000,0.0000,-0.0000,0.4991,0.4991,0.4991,0.4991,0.0000,-0.0000,-9.7898,0.0000,0.0000,0.0000
1829,7.3160,0.0000,-0.0000,-5.0163,0.0000,-0.0000,-5.0337,0.0000,-0.0000,0.0596,0.7071,0.7071,0.0000,0.0000,0.0000,0.0000,-0.0000,0.4991,0.4991,0.4991,0.4991,0.0000,0.0000,-9.7901,0.0000,0.0000,0.0000
1830,7.3200,0.0000,-0.0000,-5.0161,0.0000,-0.0000,-5.0337,0.0000,-0.0000,0.0596,0.7071,0.7071,0.0000,0.0000,0.0000,0.0000,-0.0000,0.4992,0.4992,0.4992,0.4992,0.0000,-0.0000,-9.7903,0.0000,0.0000,0.0000
1831,7.3240,0.0000,-0.0000,-5.0158,0.0000,-0.0000,-5.0337,0.0000,-0.0000,0.0597,0.7071,0.7071,0.0000,0.0000,0.0000,0.0000,-0.0000,0.4992,0.4992,0.4992,0.4992,0.0000,0.0000,-9.7906,0.0000,0.0000,0.0000
1832,7.3280,0.0000,-0.0000,-5.0156,0.0000,-0.0000,-5.0337,0.0000,-0.0000,0.0598,0.7071,0.7071,0.0000,0.0000,0.0000,0.0000,-0.0000,0.4992,0.4992,0.4992,0.4992,0.0000,0.0000,-9.7909,0.0000,0.0000,0.0000
1833,7.3320,0.0000,-0.0000,-5.0153,0.0000,-0.0000,-5.0336,0.0000,-0.0000,0.0599,0.7071,0.7071,0.0000,0.0000,0.0000,0.0000,-0.0000,0.4992,0.4992,0.4992,0.4992,0.0000,0.0000,-9.7911,0.0000,0.0000,0.0000
1834,7.3360,0.0000,-0.0000,-5.0151,0.0000,-0.0000,-5.0336,0.0000,-0.0000,0.0599,0.7071,0.7071,0.0000,0.0000,0.0000,0.0000,-0.0000,0.4992,0.4992,0.4992,0.4992,0.0000,-0.0000,-9.7914,0.0000,0.0000,0.0000
1835,7.3400,0.0000,-0.0000,-5.0149,0.0000,-0.0000,-5.0336,0.0000,-0.0000,0.0600,0.7071,0.7071,0.0000,0.0000,0.0000,0.0000,-0.0000,0.4992,0.4992,0.4992,0.4992,0.0000,-0.0000,-9.7916,0.0000,0.0000,0.0000
1836,7.3440,0.0000,-0.0000,-5.0146,0.0000,-0.0000,-5.0336,0.0000,-0.0000,0.0601,0.7071,0.7071,0.0000,0.0000,0.0000,0.0000,-0.0000,0.4992,0.4992,0.4992,0.4992,0.0000,0.0000,-9.7919,0.0000,0.0000,0.0000
1837,7.3480,0.0000,-0.0000,-5.0144,0.0000,-0.0000,-5.0335,0.0000,-0.0000,0.0601,0.7071,0.7071,0.0000,0.0000,0.0000,0.0000,-0.0000,0.4992,0.4992,0.4992,0.4992,0.0000,0.0000,-9.7921,0.0000,0.0000,0.0000
1838,7.3520,0.0000,-0.0000,-5.0141,0.0000,-0.0000,-5.0335,0.0000,-0.0000,0.0602,0.7071,0.7071,0.0000,0.0000,0.0000,0.0000,-0.0000,0.4993,0.4993,0.4993,0.4993,0.0000,-0.0000,-9.7924,0.0000,0.0000,0.0000
1839,7.3560,0.0000,-0.0000,-5.0139,0.0000,-0.0000,-5.0335,0.0000,-0.0000,0.0603,0.7071,0.7071,0.0000,0.0000,0.0000,0.0000,-0.0000,0.4993,0.4993,0.4993,0.4993,0.0000,-0.0000,-9.7926,0.0000,0.0000,0.0000
1840,7.3600,0.0000,-0.0000,-5.0137,0.0000,-0.0000,-5.0334,0.0000,-0.0000,0.0604,0.7071,0.7071,0.0000,0.0000,0.0000,0.0000,-0.0000,0.4993,0.4993,0.4993,0.4993,0.0000,-0.0000,-9.7929,0.0000,0.0000,0.0000
1841,7.3640,0.0000,-0.0000,-5.0134,0.0000,-0.0000,-5.0334,0.0000,-0.0000,0.0604,0.7071,0.7071,0.0000,0.0000,0.0000,0.0000,-0.0000,0.4993,0.4993,0.4993,0.4993,0.0000,-0.0000,-9.7931,0.0000,0.0000,0.0000
1842,7.3680,0.0000,-0.0000,-5.0132,0.0000,-0.0000,-5.0334,0.0000,-0.0000,0.0605,0.7071,0.7071,0.0000,0.0000,0.0000,0.0000,-0.0000,0.4993,0.4993,0.4993,0.4993,0.0000,-0.0000,-9.7934,0.0000,0.0000,0.0000
1843,7.3720,0.0000,-0.0000,-5.0129,0.0000,-0.0000,-5.0333,0.0000,-0.0000,0.0605,0.7071,0.7071,0.0000,0.0000,0.0000,0.0000,-0.0000,0.4993,0.4993,0.4993,0.4993,0.0000,-0.0000,-9.7937,0.0000,0.0000,0.0000
1844,7.3760,0.0000,-0.0000,-5.0127,0.0000,-0.0000,-5.0333,0.0000,-0.0000,0.0606,0.7071,0.7071,0.0000,0.0000,0.0000,0.0000,-0.0000,0.4993,0.4993,0.4993,0.4993,0.0000,0.0000,-9.7939,0.0000,0.0000,0.0000
1845,7.3800,0.0000,-0.0000,-5.0125,0.0000,-0.0000,-5.0333,0.0000,-0.0000,0.0607,0.7071,0.7071,0.0000,0.0000,0.0000,0.0000,-0.0000,0.4993,0.4993,0.4993,0.4993,0.0000,0.0000,-9.7942,0.0000,0.0000,0.0000
1846,7.3840,0.0000,-0.0000,-5.0122,0.0000,-0.0000,-5.0332,0.0000,-0.0000,0.0607,0.7071,0.7071,0.0000,0.0000,0.0000,0.0000,-0.0000,0.4994,0.4994,0.4994,0.4994,0.0000,0.0000,-9.7944,0.0000,0.0000,0.0000
1847,7.3880,0.0000,-0.0000,-5.0120,0.0000,-0.0000,-5.0332,0.0000,-0.0000,0.0608,0.7071,0.7071,0.0000,0.0000,0.0000,0.0000,-0.0000,0.4994,0.4994,0.4994,0.4994,0.0000,0.0000,-9.7947,0.0000,0.0000,0.0000
1848,7.3920,0.0000,-0.0000,-5.0117,0.0000,-0.0000,-5.0332,0.0000,-0.0000,0.0609,0.7071,0.7071,0.0000,0.0000,0.0000,0.0000,-0.0000,0.4994,0.4994,0.4994,0.4994,0.0000,-0.0000,-9.7949,0.0000,0.0000,0.0000
1849,7.3960,0.0000,-0.0000,-5.0115,0.0000,-0.0000,-5.0331,0.0000,-0.0000,0.0609,0.7071,0.7071,0.0000,0.0000,0.0000,0.0000,-0.0000,0.4994,0.4994,0.4994,0.4994,0.0000,-0.0000,-9.7952,0.0000,0.0000,0.0000
1850,7.4000,0.0000,-0.0000,-5.0112,0.0000,-0.0000,-5.0331,0.0000,-0.0000,0.0610,0.7071,0.7071,0.0000,0.0000,0.0000,0.0000,-0.0000,0.4994,0.4994,0.4994,0.4994,0.0000,0.0000,-9.7955,0.0000,0.0000,0.0000
1851,7.4040,0.0000,-0.0000,-5.0110,0.0000,-0.0000,-5.0331,0.0000,-0.0000,0.0610,0.7071,0.7071,0.0000,0.0000,0.0000,0.0000,-0.0000,0.4994,0.4994,0.4994,0.4994,0.0000,0.0000,-9.7957,0.0000,0.0000,0.0000
1852,7.4080,0.0000,-0.0000,-5.0107,0.0000,-0.0000,-5.0330,0.0000,-0.0000,0.0611,0.7071,0.7071,0.0000,0.0000,0.0000,0.0000,-0.0000,0.4994,0.4994,0.4994,0.4994,0.0000,0.0000,-9.7960,0.0000,0.0000,0.0000
1853,7.4120,0.0000,-0.0000,-5.0105,0.0000,-0.0000,-5.0330,0.0000,-0.0000,0.0611,0.7071,0.7071,0.0000,0.0000,0.0000,0.0000,-0.0000,0.4995,0.4995,0.4995,0.4995,0.0000,0.0000,-9.7962,0.0000,0.0000,0.0000
1854,7.4160,0.0000,-0.0000,-5.0103,0.0000,-0.0000,-5.0329,0.0000,-0.0000,0.0612,0.7071,0.7071,0.0000,0.0000,0.0000,0.0000,-0.0000,0.4995,0.4995,0.4995,0.4995,0.0000,-0.0000,-9.7965,0.0000,0.0000,0.0000
1855,7.4200,0.0000,-0.0000,-5.0100,0.0000,-0.0000,-5.0329,0.0000,-0.0000,0.0612,0.7071,0.7071,0.0000,0.0000,0.0000,0.0000,-0.0000,0.4995,0.4995,0.4995,0.4995,0.0000,0.0000,-9.7967,0.0000,0.0000,0.0000
1856,7.4240,0.0000,-0.0000,-5.0098,0.0000,-0.0000,-5.0329,0.0000,-0.0000,0.0613,0.7071,0.7071,0.0000,0.0000,0.0000,0.0000,-0.0000,0.4995,0.4995,0.4995,0.4995,0.0000,-0.0000,-9.7970,0.0000,0.0000,0.0000
1857,7.4280,0.0000,-0.0000,-5.0095,0.0000,-0.0000,-5.0328,0.0000,-0.0000,0.0613,0.7071,0.7071,0.0000,0.0000,0.0000,0.0000,-0.0000,0.4995,0.4995,0.4995,0.4995,0.0000,-0.0000,-9.7973,0.0000,0.0000,0.0000
1858,7.4320,0.0000,-0.0000,-5.0093,0.0000,-0.0000,-5.0328,0.0000,-0.0000,0.0614,0.7071,0.7071,0.0000,0.0000,0.0000,0.0000,-0.0000,0.4995,0.4995,0.4995,0.4995,0.0000,-0.0000,-9.7975,0.0000,0.0000,0.0000
1859,7.4360,0.0000,-0.0000,-5.0090,0.0000,-0.0000,-5.0327,0.0000,-0.0000,0.0614,0.7071,0.7071,0.0000,0.0000,0.0000,0.0000,-0.0000,0.4995,0.4995,0.4995,0.4995,0.0000,-0.0000,-9.7978,0.0000,0.0000,0.0000
1860,7.4400,0.0000,-0.0000,-5.0088,0.0000,-0.0000,-5.0327,0.0000,-0.0000,0.0615,0.7071,0.7071,0.0000,0.0000,0.0000,0.0000,-0.0000,0.4995,0.4995,0.4995,0.4995,0.0000,-0.0000,-9.7980,0.0000,0.0000,0.0000
1861,7.4440,0.0000,-0.0000,-5.0085,0.0000,-0.0000,-5.0327,0.0000,-0.0000,0.0615,0.7071,0.7071,0.0000,0.0000,0.0000,0.0000,-0.0000,0.4996,0.4996,0.4996,0.4996,0.0000,0.0000,-9.7983,0.0000,0.0000,0.0000
1862,7.4480,0.0000,-0.0000,-5.0083,0.0000,-0.0000,-5.0326,0.0000,-0.0000,0.0616,0.7071,0.7071,0.0000,0.0000,0.0000,0.0000,-0.0000,0.4996,0.4996,0.4996,0.4996,0.0000,0.0000,-9.7986,0.0000,0.0000,0.0000
1863,7.4520,0.0000,-0.0000,-5.0080,0.0000,-0.0000,-5.0326,0.0000,-0.0000,0.0616,0.7071,0.7071,0.0000,0.0000,0.0000,0.0000,-0.0000,0.4996,0.4996,0.4996,0.4996,0.0000,0.0000,-9.7988,0.0000,0.0000,0.0000
1864,7.4560,0.0000,-0.0000,-5.0078,0.0000,-0.0000,-5.0325,0.0000,-0.0000,0.0617,0.7071,0.7071,0.0000,0.0000,0.0000,0.0000,-0.0000,0.4996,0.4996,0.4996,0.4996,0.0000,0.0000,-9.7991,0.0000,0.0000,0.0000
1865,7.4600,0.0000,-0.0000,-5.0076,0.0000,-0.0000,-5.0325,0.0000,-0.0000,0.0617,0.7071,0.7071,0.0000,0.0000,0.0000,0.0000,-0.0000,0.4996,0.4996,0.4996,0.4996,0.0000,0.0000,-9.7993,0.0000,0.0000,0.0000
1866,7.4640,0.0000,-0.0000,-5.0073,0.0000,-0.0000,-5.0324,0.0000,-0.0000,0.0617,0.7071,0.7071,0.0000,0.0000,0.0000,0.0000,-0.0000,0.4996,0.4996,0.4996,0.4996,0.0000,0.0000,-9.7996,0.0000,0.0000,0.0000
1867,7.4680,0.0000,-0.0000,-5.0071,0.0000,-0.0000,-5.0324,0.0000,-0.0000,0.0618,0.7071,0.7071,0.0000,0.0000,0.0000,0.0000,-0.0000,0.4996,0.4996,0.4996,0.4996,0.0000,0.0000,-9.7999,0.0000,0.0000,0.0000
1868,7.4720,0.0000,-0.0000,-5.0068,0.0000,-0.0000,-5.0323,0.0000,-0.0000,0.0618,0.7071,0.7071,0.0000,0.0000,0.0000,0.0000,-0.0000,0.4997,0.4997,0.4997,0.4997,0.0000,0.0000,-9.8001,0.0000,0.0000,0.0000
1869,7.4760,0.0000,-0.0000,-5.0066,0.0000,-0.0000,-5.0323,0.0000,-0.0000,0.0619,0.7071,0.7071,0.0000,0.0000,0.0000,0.0000,-0.0000,0.4997,0.4997,0.4997,0.4997,0.0000,-0.0000,-9.8004,0.0000,0.0000,0.0000
1870,7.4800,0.0000,-0.0000,-5.0063,0.0000,-0.0000,-5.0322,0.0000,-0.0000,0.0619,0.7071,0.7071,0.0000,0.0000,0.0000,0.0000,-0.0000,0.4997,0.4997,0.4997,0.4997,0.0000,0.0000,-9.8006,0.0000,0.0000,0.0000
1871,7.4840,0.0000,-0.0000,-5.0061,0.0000,-0.0000,-5.0322,0.0000,-0.0000,0.0619,0.7071,0.7071,0.0000,0.0000,0.0000,0.0000,-0.0000,0.4997,0.4997,0.4997,0.4997,0.0000,-0.0000,-9.8009,0.0000,0.0000,0.0000
1872,7.4880,0.0000,-0.0000,-5.0058,0.0000,-0.0000,-5.0321,0.0000,-0.0000,0.0620,0.7071,0.7071,0.0000,0.0000,0.0000,0.0000,-0.0000,0.4997,0.4997,0.4997,0.4997,0.0000,0.0000,-9.8012,0.0000,0.0000,0.0000
1873,7.4920,0.0000,-0.0000,-5.0056,0.0000,-0.0000,-5.0321,0.0000,-0.0000,0.0620,0.7071,0.7071,0.0000,0.0000,0.0000,0.0000,-0.0000,0.4997,0.4997,0.4997,0.4997,0.0000,0.0000,-9.8014,0.0000,0.0000,0.0000
1874,7.4960,0.0000,-0.0000,-5.0053,0.0000,-0.0000,-5.0320,0.0000,-0.0000,0.0620,0.7071,0.7071,0.0000,0.0000,0.0000,0.0000,-0.0000,0.4997,0.4997,0.4997,0.4997,0.0000,-0.0000,-9.8017,0.0000,0.0000,0.0000
1875,7.5000,0.0000,-0.0000,-5.0051,0.0000,-0.0000,-5.0320,0.0000,-0.0000,0.0621,0.7071,0.7071,0.0000,0.0000,0.0000,0.0000,-0.0000,0.4997,0.4997,0.4997,0.4997,0.0000,-0.0000,-9.8019,0.0000,0.0000,0.0000
1876,7.5040,0.0000,-0.0000,-5.0048,0.0000,-0.0000,-5.0319,0.0000,-0.0000,0.0621,0.7071,0.7071,0.0000,0.0000,0.0000,0.0000,-0.0000,0.4998,0.4998,0.4998,0.4998,0.0000,0.0000,-9.8022,0.0000,0.0000,0.0000
1877,7.5080,0.0000,-0.0000,-5.0046,0.0000,-0.0000,-5.0319,0.0000,-0.0000,0.0621,0.7071,0.7071,0.0000,0.0000,0.0000,0.0000,-0.0000,0.4998,0.4998,0.4998,0.4998,0.0000,0.0000,-9.8025,0.0000,0.0000,0.0000
1878,7.5120,0.0000,-0.0000,-5.0043,0.0000,-0.0000,-5.0318,0.0000,-0.0000,0.0621,0.7071,0.7071,0.0000,0.0000,0.0000,0.0000,-0.0000,0.4998,0.4998,0.4998,0.4998,0.0000,0.0000,-9.8027,0.0000,0.0000,0.0000
1879,7.5160,0.0000,-0.0000,-5.0041,0.0000,-0.0000,-5.0318,0.0000,-0.0000,0.0622,0.7071,0.7071,0.0000,0.0000,0.0000,0.0000,-0.0000,0.4998,0.4998,0.4998,0.4998,0.0000,-0.0000,-9.8030,0.0000,0.0000,0.0000
1880,7.5200,0.0000,-0.0000,-5.0038,0.0000,-0.0000,-5.0317,0.0000,-0.0000,0.0622,0.7071,0.7071,0.0000,0.0000,0.0000,0.0000,-0.0000,0.4998,0.4998,0.4998,0.4998,0.0000,-0.0000,-9.8032,0.0000,0.0000,0.0000
1881,7.5240,0.0000,-0.0000,-5.0036,0.0000,-0.0000,-5.0317,0.0000,-0.0000,0.0622,0.7071,0.7071,0.0000,0.0000,0.0000,0.0000,-0.0000,0.4998,0.4998,0.4998,0.4998,0.0000,0.0000,-9.8035,0.0000,0.0000,0.0000
1882,7.5280,0.0000,-0.0000,-5.0033,0.0000,-0.0000,-5.0316,0.0000,-0.0000,0.0623,0.7071,0.7071,0.0000,0.0000,0.0000,0.0000,-0.0000,0.4998,0.4998,0.4998,0.4998,0.0000,-0.0000,-9.8038,0.0000,0.0000,0.0000
1883,7.5320,0.0000,-0.0000,-5.0031,0.0000,-0.0000,-5.0316,0.0000,-0.0000,0.0623,0.7071,0.7071,0.0000,0.0000,0.0000,0.0000,-0.0000,0.4999,0.4999,0.4999,0.4999,0.0000,0.0000,-9.8040,0.0000,0.0000,0.0000
1884,7.5360,0.0000,-0.0000,-5.0028,0.0000,-0.0000,-5.0315,0.0000,-0.0000,0.0623,0.7071,0.7071,0.0000,0.0000,0.0000,0.0000,-0.0000,0.4999,0.4999,0.4999,0.4999,0.0000,0.0000,-9.8043,0.0000,0.0000,0.0000
1885,7.5400,0.0000,-0.0000,-5.0026,0.0000,-0.0000,-5.0314,0.0000,-0.0000,0.0623,0.7071,0.7071,0.0000,0.0000,0.0000,0.0000,-0.0000,0.4999,0.4999,0.4999,0.4999,0.0000,-0.0000,-9.8045,0.0000,0.0000,0.0000
1886,7.5440,0.0000,-0.0000,-5.0023,0.0000,-0.0000,-5.0314,0.0000,-0.0000,0.0623,0.7071,0.7071,0.0000,0.0000,0.0000,0.0000,-0.0000,0.4999,0.4999,0.4999,0.4999,0.0000,-0.0000,-9.8048,0.0000,0.0000,0.0000
1887,7.5480,0.0000,-0.0000,-5.0021,0.0000,-0.0000,-5.0313,0.0000,-0.0000,0.0624,0.7071,0.7071,0.0000,0.0000,0.0000,0.0000,-0.0000,0.4999,0.4999,0.4999,0.4999,0.0000,-0.0000,-9.8051,0.0000,0.0000,0.0000
1888,7.5520,0.0000,-0.0000,-5.0018,0.0000,-0.0000,-5.0313,0.0000,-0.0000,0.0624,0.7071,0.7071,0.0000,0.0000,0.0000,0.0000,-0.0000,0.4999,0.4999,0.4999,0.4999,0.0000,0.0000,-9.8053,0.0000,0.0000,0.0000
1889,7.5560,0.0000,-0.0000,-5.0016,0.0000,-0.0000,-5.0312,0.0000,-0.0000,0.0624,0.7071,0.7071,0.0000,0.0000,0.0000,0.0000,-0.0000,0.4999,0.4999,0.4999,0.4999,0.0000,0.0000,-9.8056,0.0000,0.0000,0.0000
1890,7.5600,0.0000,-0.0000,-5.0013,0.0000,-0.0000,-5.0312,0.0000,-0.0000,0.0624,0.7071,0.7071,0.0000,0.0000,0.0000,0.0000,-0.0000,0.4999,0.4999,0.4999,0.4999,0.0000,-0.0000,-9.8059,0.0000,0.0000,0.0000
1891,7.5640,0.0000,-0.0000,-5.0011,0.0000,-0.0000,-5.0311,0.0000,-0.0000,0.0624,0.7071,0.7071,0.0000,0.0000,0.0000,0.0000,-0.0000,0.5000,0.5000,0.5000,0.5000,0.0000,-0.0000,-9.8061,0.0000,0.0000,0.0000
1892,7.5680,0.0000,-0.0000,-5.0008,0.0000,-0.0000,-5.0310,0.0000,-0.0000,0.0624,0.7071,0.7071,0.0000,0.0000,0.0000,0.0000,-0.0000,0.5000,0.5000,0.5000,0.5000,0.0000,0.0000,-9.8064,0.0000,0.0000,0.0000
1893,7.5720,0.0000,-0.0000,-5.0006,0.0000,-0.0000,-5.0310,0.0000,-0.0000,0.0624,0.7071,0.7071,0.0000,0.0000,0.0000,0.0000,-0.0000,0.5000,0.5000,0.5000,0.5000,0.0000,-0.0000,-9.8066,0.0000,0.0000,0.0000
1894,7.5760,0.0000,-0.0000,-5.0003,0.0000,-0.0000,-5.0309,0.0000,-0.0000,0.0625,0.7071,0.7071,0.0000,0.0000,0.0000,0.0000,-0.0000,0.5000,0.5000,0.5000,0.5000,0.0000,0.0000,-9.8069,0.0000,0.0000,0.0000
1895,7.5800,0.0000,-0.0000,-5.0001,0.0000,-0.0000,-5.0309,0.0000,-0.0000,0.0625,0.7071,0.7071,0.0000,0.0000,0.0000,0.0000,-0.0000,0.5000,0.5000,0.5000,0.5000,0.0000,0.0000,-9.8072,0.0000,0.0000,0.0000
1896,7.5840,0.0000,-0.0000,-4.9998,0.0000,-0.0000,-5.0308,0.0000,-0.0000,0.0625,0.7071,0.7071,0.0000,0.0000,0.0000,0.0000,-0.0000,0.5000,0.5000,0.5000,0.5000,0.0000,0.0000,-9.8074,0.0000,0.0000,0.0000
1897,7.5880,0.0000,-0.0000,-4.9996,0.0000,-0.0000,-5.0307,0.0000,-0.0000,0.0625,0.7071,0.7071,0.0000,0.0000,0.0000,0.0000,-0.0000,0.5000,0.5000,0.5000,0.5000,0.0000,0.0000,-9.8077,0.0000,0.0000,0.0000
1898,7.5920,0.0000,-0.0000,-4.9993,0.0000,-0.0000,-5.0307,0.0000,-0.0000,0.0625,0.7071,0.7071,0.0000,0.0000,0.0000,0.0000,-0.0000,0.5001,0.5001,0.5001,0.5001,0.0000,0.0000,-9.8079,0.0000,0.0000,0.0000
1899,7.5960,0.0000,-0.0000,-4.9991,0.0000,-0.0000,-5.0306,0.0000,-0.0000,0.0625,0.7071,0.7071,0.0000,0.0000,0.0000,0.0000,-0.0000,0.5001,0.5001,0.5001,0.5001,0.0000,0.0000,-9.8082,0.0000,0.0000,0.0000
1900,7.6000,0.0000,-0.0000,-4.9988,0.0000,-0.0000,-5.0305,0.0000,-0.0000,0.0625,0.7071,0.7071,0.0000,0.0000,0.0000,0.0000,-0.0000,0.5001,0.5001,0.5001,0.5001,0.0000,-0.0000,-9.8085,0.0000,0.0000,0.0000
1901,7.6040,0.0000,-0.0000,-4.9986,0.0000,-0.0000,-5.0305,0.0000,-0.0000,0.0625,0.7071,0.7071,0.0000,0.0000,0.0000,0.0000,-0.0000,0.5001,0.5001,0.5001,0.5001,0.0000,-0.0000,-9.8087,0.0000,0.0000,0.0000
1902,7.6080,0.0000,-0.0000,-4.9983,0.0000,-0.0000,-5.0304,0.0000,-0.0000,0.0625,0.7071,0.7071,0.0000,0.0000,0.0000,0.0000,-0.0000,0.5001,0.5001,0.5001,0.5001,0.0000,-0.0000,-9.8090,0.0000,0.0000,0.0000
1903,7.6120,0.0000,-0.0000,-4.9981,0.0000,-0.0000,-5.0303,0.0000,-0.0000,0.0625,0.7071,0.7071,0.0000,0.0000,0.0000,0.0000,-0.0000,0.5001,0.5001,0.5001,0.5001,0.0000,0.0000,-9.8093,0.0000,0.0000,0.0000
1904,7.6160,0.0000,-0.0000,-4.9978,0.0000,-0.0000,-5.0303,0.0000,-0.0000,0.0625,0.7071,0.7071,0.0000,0.0000,0.0000,0.0000,-0.0000,0.5001,0.5001,0.5001,0.5001,0.0000,-0.0000,-9.8095,0.0000,0.0000,0.0000
1905,7.6200,0.0000,-0.0000,-4.9976,0.0000,-0.0000,-5.0302,0.0000,-0.0000,0.0625,0.7071,0.7071,0.0000,0.0000,0.0000,0.0000,-0.0000,0.5001,0.5001,0.5001,0.5001,0.0000,-0.0000,-9.8098,0.0000,0.0000,0.0000
1906,7.6240,0.0000,-0.0000,-4.9973,0.0000,-0.0000,-5.0301,0.0000,-0.0000,0.0625,0.7071,0.7071,0.0000,0.0000,0.0000,0.0000,-0.0000,0.5002,0.5002,0.5002,0.5002,0.0000,0.0000,-9.8100,0.0000,0.0000,0.0000
1907,7.6280,0.0000,-0.0000,-4.9971,0.0000,-0.0000,-5.0301,0.0000,-0.0000,0.0625,0.7071,0.7071,0.0000,0.0000,0.0000,0.0000,-0.0000,0.5002,0.5002,0.5002,0.5002,0.0000,0.0000,-9.8103,0.0000,0.0000,0.0000
1908,7.6320,0.0000,-0.0000,-4.9968,0.0000,-0.0000,-5.0300,0.0000,-0.0000,0.0625,0.7071,0.7071,0.0000,0.0000,0.0000,0.0000,-0.0000,0.5002,0.5002,0.5002,0.5002,0.0000,0.0000,-9.8106,0.0000,0.0000,0.0000
1909,7.6360,0.0000,-0.0000,-4.9966,0.0000,-0.0000,-5.0299,0.0000,-0.0000,0.0625,0.7071,0.7071,0.0000,0.0000,0.0000,0.0000,-0.0000,0.5002,0.5002,0.5002,0.5002,0.0000,0.0000,-9.8108,0.0000,0.0000,0.0000
1910,7.6400,0.0000,-0.0000,-4.9963,0.0000,-0.0000,-5.0299,0.0000,-0.0000,0.0625,0.7071,0.7071,0.0000,0.0000,0.0000,0.0000,-0.0000,0.5002,0.5002,0.5002,0.5002,0.0000,-0.0000,-9.8111,0.0000,0.0000,0.0000
1911,7.6440,0.0000,-0.0000,-4.9961,0.0000,-0.0000,-5.0298,0.0000,-0.0000,0.0625,0.7071,0.7071,0.0000,0.0000,0.0000,0.0000,-0.0000,0.5002,0.5002,0.5002,0.5002,0.0000,-0.0000,-9.8113,0.0000,0.0000,0.0000
1912,7.6480,0.0000,-0.0000,-4.9958,0.0000,-0.0000,-5.0297,0.0000,-0.0000,0.0625,0.7071,0.7071,0.0000,0.0000,0.0000,0.0000,-0.0000,0.5002,0.5002,0.5002,0.5002,0.0000,0.0000,-9.8116,0.0000,0.0000,0.0000
1913,7.6520,0.0000,-0.0000,-4.9956,0.0000,-0.0000,-5.0297,0.0000,-0.0000,0.0625,0.7071,0.7071,0.0000,0.0000,0.0000,0.0000,-0.0000,0.5003,0.5003,0.5003,0.5003,0.0000,0.0000,-9.8119,0.0000,0.0000,0.0000
1914,7.6560,0.0000,-0.0000,-4.9953,0.0000,-0.0000,-5.0296,0.0000,-0.0000,0.0625,0.7071,0.7071,0.0000,0.0000,0.0000,0.0000,-0.0000,0.5003,0.5003,0.5003,0.5003,0.0000,0.0000,-9.8121,0.0000,0.0000,0.0000
1915,7.6600,0.0000,-0.0000,-4.9951,0.0000,-0.0000,-5.0295,0.0000,-0.0000,0.0625,0.7071,0.7071,0.0000,0.0000,0.0000,0.0000,-0.0000,0.5003,0.5003,0.5003,0.5003,0.0000,-0.0000,-9.8124,0.0000,0.0000,0.0000
1916,7.6640,0.0000,-0.0000,-4.9948,0.0000,-0.0000,-5.0294,0.0000,-0.0000,0.0624,0.7071,0.7071,0.0000,0.0000,0.0000,0.0000,-0.0000,0.5003,0.5003,0.5003,0.5003,0.0000,-0.0000,-9.8126,0.0000,0.0000,0.0000
1917,7.6680,0.0000,-0.0000,-4.9946,0.0000,-0.0000,-5.0294,0.0000,-0.0000,0.0624,0.7071,0.7071,0.0000,0.0000,0.0000,0.0000,-0.0000,0.5003,0.5003,0.5003,0.5003,0.0000,0.0000,-9.8129,0.0000,0.0000,0.0000
1918,7.6720,0.0000,-0.0000,-4.9943,0.0000,-0.0000,-5.0293,0.0000,-0.0000,0.0624,0.7071,0.7071,0.0000,0.0000,0.0000,0.0000,-0.0000,0.5003,0.5003,0.5003,0.5003,0.0000,-0.0000,-9.8132,0.0000,0.0000,0.0000
1919,7.6760,0.0000,-0.0000,-4.9941,0.0000,-0.0000,-5.0292,0.0000,-0.0000,0.0624,0.7071,0.7071,0.0000,0.0000,0.0000,0.0000,-0.0000,0.5003,0.5003,0.5003,0.5003,0.0000,0.0000,-9.8134,0.0000,0.0000,0.0000
1920,7.6800,0.0000,-0.0000,-4.9938,0.0000,-0.0000,-5.0291,0.0000,-0.0000,0.0624,0.7071,0.7071,0.0000,0.0000,0.0000,0.0000,-0.0000,0.5003,0.5003,0.5003,0.5003,0.0000,0.0000,-9.8137,0.0000,0.0000,0.0000
1921,7.6840,0.0000,-0.0000,-4.9936,0.0000,-0.0000,-5.0291,0.0000,-0.0000,0.0624,0.7071,0.7071,0.0000,0.0000,0.0000,0.0000,-0.0000,0.5004,0.5004,0.5004,0.5004,0.0000,0.0000,-9.8139,0.0000,0.0000,0.0000
1922,7.6880,0.0000,-0.0000,-4.9933,0.0000,-0.0000,-5.0290,0.0000,-0.0000,0.0624,0.7071,0.7071,0.0000,0.0000,0.0000,0.0000,-0.0000,0.5004,0.5004,0.5004,0.5004,0.0000,0.0000,-9.8142,0.0000,0.0000,0.0000
1923,7.6920,0.0000,-0.0000,-4.9931,0.0000,-0.0000,-5.0289,0.0000,-0.0000,0.0623,0.7071,0.7071,0.0000,0.0000,0.0000,0.0000,-0.0000,0.5004,0.5004,0.5004,0.5004,0.0000,0.0000,-9.8145,0.0000,0.0000,0.0000
1924,7.6960,0.0000,-0.0000,-4.9928,0.0000,-0.0000,-5.0288,0.0000,-0.0000,0.0623,0.7071,0.7071,0.0000,0.0000,0.0000,0.0000,-0.0000,0.5004,0.5004,0.5004,0.5004,0.0000,0.0000,-9.8147,0.0000,0.0000,0.0000
1925,7.7000,0.0000,-0.0000,-4.9926,0.0000,-0.0000,-5.0288,0.0000,-0.0000,0.0623,0.7071,0.7071,0.0000,0.0000,0.0000,0.0000,-0.0000,0.5004,0.5004,0.5004,0.5004,0.0000,-0.0000,-9.8150,0.0000,0.0000,0.0000
1926,7.7040,0.0000,-0.0000,-4.9923,0.0000,-0.0000,-5.0287,0.0000,-0.0000,0.0623,0.7071,0.7071,0.0000,0.0000,0.0000,0.0000,-0.0000,0.5004,0.5004,0.5004,0.5004,0.0000,-0.0000,-9.8152,0.0000,0.0000,0.0000
1927,7.7080,0.0000,-0.0000,-4.9921,0.0000,-0.0000,-5.0286,0.0000,-0.0000,0.0622,0.7071,0.7071,0.0000,0.0000,0.0000,0.0000,-0.0000,0.5004,0.5004,0.5004,0.5004,0.0000,-0.0000,-9.8155,0.0000,0.0000,0.0000
1928,7.7120,0.0000,-0.0000,-4.9918,0.0000,-0.0000,-5.0285,0.0000,-0.0000,0.0622,0.7071,0.7071,0.0000,0.0000,0.0000,0.0000,-0.0000,0.5004,0.5004,0.5004,0.5004,0.0000,-0.0000,-9.8158,0.0000,0.0000,0.0000
1929,7.7160,0.0000,-0.0000,-4.9916,0.0000,-0.0000,-5.0284,0.0000,-0.0000,0.0622,0.7071,0.7071,0.0000,0.0000,0.0000,0.0000,-0.0000,0.5005,0.5005,0.5005,0.5005,0.0000,-0.0000,-9.8160,0.0000,0.0000,0.0000
1930,7.7200,0.0000,-0.0000,-4.9914,0.0000,-0.0000,-5.0284,0.0000,-0.0000,0.0622,0.7071,0.7071,0.0000,0.0000,0.0000,0.0000,-0.0000,0.5005,0.5005,0.5005,0.5005,0.0000,-0.0000,-9.8163,0.0000,0.0000,0.0000
1931,7.7240,0.0000,-0.0000,-4.9911,0.0000,-0.0000,-5.0283,0.0000,-0.0000,0.0621,0.7071,0.7071,0.0000,0.0000,0.0000,0.0000,-0.0000,0.5005,0.5005,0.5005,0.5005,0.0000,0.0000,-9.8165,0.0000,0.0000,0.0000
1932,7.7280,0.0000,-0.0000,-4.9909,0.0000,-0.0000,-5.0282,0.0000,-0.0000,0.0621,0.7071,0.7071,0.0000,0.0000,0.0000,0.0000,-0.0000,0.5005,0.5005,0.5005,0.5005,0.0000,-0.0000,-9.8168,0.0000,0.0000,0.0000
1933,7.7320,0.0000,-0.0000,-4.9906,0.0000,-0.0000,-5.0281,0.0000,-0.0000,0.0621,0.7071,0.7071,0.0000,0.0000,0.0000,0.0000,-0.0000,0.5005,0.5005,0.5005,0.5005,0.0000,-0.0000,-9.8171,0.0000,0.0000,0.0000
1934,7.7360,0.0000,-0.0000,-4.9904,0.0000,-0.0000,-5.0280,0.0000,-0.0000,0.0621,0.7071,0.7071,0.0000,0.0000,0.0000,0.0000,-0.0000,0.5005,0.5005,0.5005,0.5005,0.0000,0.0000,-9.8173,0.0000,0.0000,0.0000
1935,7.7400,0.0000,-0.0000,-4.9901,0.0000,-0.0000,-5.0280,0.0000,-0.0000,0.0620,0.7071,0.7071,0.0000,0.0000,0.0000,0.0000,-0.0000,0.5005,0.5005,0.5005,0.5005,0.0000,-0.0000,-9.8176,0.0000,0.0000,0.0000
1936,7.7440,0.0000,-0.0000,-4.9899,0.0000,-0.0000,-5.0279,0.0000,-0.0000,0.0620,0.7071,0.7071,0.0000,0.0000,0.0000,0.0000,-0.0000,0.5006,0.5006,0.5006,0.5006,0.0000,0.0000,-9.8178,0.0000,0.0000,0.0000
1937,7.7480,0.0000,-0.0000,-4.9896,0.0000,-0.0000,-5.0278,0.0000,-0.0000,0.0620,0.7071,0.7071,0.0000,0.0000,0.0000,0.0000,-0.0000,0.5006,0.5006,0.5006,0.5006,0.0000,-0.0000,-9.8181,0.0000,0.0000,0.0000
1938,7.7520,0.0000,-0.0000,-4.9894,0.0000,-0.0000,-5.0277,0.0000,-0.0000,0.0619,0.7071,0.7071,0.0000,0.0000,0.0000,0.0000,-0.0000,0.5006,0.5006,0.5006,0.5006,0.0000,-0.0000,-9.8183,0.0000,0.0000,0.0000
1939,7.7560,0.0000,-0.0000,-4.9891,0.0000,-0.0000,-5.0276,0.0000,-0.0000,0.0619,0.7071,0.7071,0.0000,0.0000,0.0000,0.0000,-0.0000,0.5006,0.5006,0.5006,0.5006,0.0000,0.0000,-9.8186,0.0000,0.0000,0.0000
1940,7.7600,0.0000,-0.0000,-4.9889,0.0000,-0.0000,-5.0275,0.0000,-0.0000,0.0619,0.7071,0.7071,0.0000,0.0000,0.0000,0.0000,-0.0000,0.5006,0.5006,0.5006,0.5006,0.0000,0.0000,-9.8189,0.0000,0.0000,0.0000
1941,7.7640,0.0000,-0.0000,-4.9886,0.0000,-0.0000,-5.0275,0.0000,-0.0000,0.0618,0.7071,0.7071,0.0000,0.0000,0.0000,0.0000,-0.0000,0.5006,0.5006,0.5006,0.5006,0.0000,-0.0000,-9.8191,0.0000,0.0000,0.0000
1942,7.7680,0.0000,-0.0000,-4.9884,0.0000,-0.0000,-5.0274,0.0000,-0.0000,0.0618,0.7071,0.7071,0.0000,0.0000,0.0000,0.0000,-0.0000,0.5006,0.5006,0.5006,0.5006,0.0000,0.0000,-9.8194,0.0000,0.0000,0.0000
1943,7.7720,0.0000,-0.0000,-4.9881,0.0000,-0.0000,-5.0273,0.0000,-0.0000,0.0617,0.7071,0.7071,0.0000,0.0000,0.0000,0.0000,-0.0000,0.5006,0.5006,0.5006,0.5006,0.0000,0.0000,-9.8196,0.0000,0.0000,0.0000
1944,7.7760,0.0000,-0.0000,-4.9879,0.0000,-0.0000,-5.0272,0.0000,-0.0000,0.0617,0.7071,0.7071,0.0000,0.0000,0.0000,0.0000,-0.0000,0.5007,0.5007,0.5007,0.5007,0.0000,0.0000,-9.8199,0.0000,0.0000,0.0000
1945,7.7800,0.0000,-0.0000,-4.9876,0.0000,-0.0000,-5.0271,0.0000,-0.0000,0.0617,0.7071,0.7071,0.0000,0.0000,0.0000,0.0000,-0.0000,0.5007,0.5007,0.5007,0.5007,0.0000,-0.0000,-9.8201,0.0000,0.0000,0.0000
1946,7.7840,0.0000,-0.0000,-4.9874,0.0000,-0.0000,-5.0270,0.0000,-0.0000,0.0616,0.7071,0.7071,0.0000,0.0000,0.0000,0.0000,-0.0000,0.5007,0.5007,0.5007,0.5007,0.0000,-0.0000,-9.8204,0.0000,0.0000,0.0000
1947,7.7880,0.0000,-0.0000,-4.9871,0.0000,-0.0000,-5.0269,0.0000,-0.0000,0.0616,0.7071,0.7071,0.0000,0.0000,0.0000,0.0000,-0.0000,0.5007,0.5007,0.5007,0.5007,0.0000,-0.0000,-9.8207,0.0000,0.0000,0.0000
1948,7.7920,0.0000,-0.0000,-4.9869,0.0000,-0.0000,-5.0269,0.0000,-0.0000,0.0615,0.7071,0.7071,0.0000,0.0000,0.0000,0.0000,-0.0000,0.5007,0.5007,0.5007,0.5007,0.0000,0.0000,-9.8209,0.0000,0.0000,0.0000
1949,7.7960,0.0000,-0.0000,-4.9867,0.0000,-0.0000,-5.0268,0.0000,-0.0000,0.0615,0.7071,0.7071,0.0000,0.0000,0.0000,0.0000,-0.0000,0.5007,0.5007,0.5007,0.5007,0.0000,0.0000,-9.8212,0.0000,0.0000,0.0000
1950,7.8000,0.0000,-0.0000,-4.9864,0.0000,-0.0000,-5.0267,0.0000,-0.0000,0.0614,0.7071,0.7071,0.0000,0.0000,0.0000,0.0000,-0.0000,0.5007,0.5007,0.5007,0.5007,0.0000,0.0000,-9.8214,0.0000,0.0000,0.0000
1951,7.8040,0.0000,-0.0000,-4.9862,0.0000,-0.0000,-5.0266,0.0000,-0.0000,0.0614,0.7071,0.7071,0.0000,0.0000,0.0000,0.0000,-0.0000,0.5007,0.5007,0.5007,0.5007,0.0000,0.0000,-9.8217,0.0000,0.0000,0.0000
1952,7.8080,0.0000,-0.0000,-4.9859,0.0000,-0.0000,-5.0265,0.0000,-0.0000,0.0613,0.7071,0.7071,0.0000,0.0000,0.0000,0.0000,-0.0000,0.5008,0.5008,0.5008,0.5008,0.0000,-0.0000,-9.8219,0.0000,0.0000,0.0000
1953,7.8120,0.0000,-0.0000,-4.9857,0.0000,-0.0000,-5.0264,0.0000,-0.0000,0.0613,0.7071,0.7071,0.0000,0.0000,0.0000,0.0000,-0.0000,0.5008,0.5008,0.5008,0.5008,0.0000,-0.0000,-9.8222,0.0000,0.0000,0.0000
1954,7.8160,0.0000,-0.0000,-4.9854,0.0000,-0.0000,-5.0263,0.0000,-0.0000,0.0612,0.7071,0.7071,0.0000,0.0000,0.0000,0.0000,-0.0000,0.5008,0.5008,0.5008,0.5008,0.0000,-0.0000,-9.8224,0.0000,0.0000,0.0000
1955,7.8200,0.0000,-0.0000,-4.9852,0.0000,-0.0000,-5.0262,0.0000,-0.0000,0.0612,0.7071,0.7071,0.0000,0.0000,0.0000,0.0000,-0.0000,0.5008,0.5008,0.5008,0.5008,0.0000,-0.0000,-9.8227,0.0000,0.0000,0.0000
1956,7.8240,0.0000,-0.0000,-4.9849,0.0000,-0.0000,-5.0261,0.0000,-0.0000,0.0611,0.7071,0.7071,0.0000,0.0000,0.0000,0.0000,-0.0000,0.5008,0.5008,0.5008,0.5008,0.0000,-0.0000,-9.8229,0.0000,0.0000,0.0000
1957,7.8280,0.0000,-0.0000,-4.9847,0.0000,-0.0000,-5.0260,0.0000,-0.0000,0.0611,0.7071,0.7071,0.0000,0.0000,0.0000,0.0000,-0.0000,0.5008,0.5008,0.5008,0.5008,0.0000,0.0000,-9.8232,0.0000,0.0000,0.0000
1958,7.8320,0.0000,-0.0000,-4.9844,0.0000,-0.0000,-5.0259,0.0000,-0.0000,0.0610,0.7071,0.7071,0.0000,0.0000,0.0000,0.0000,-0.0000,0.5008,0.5008,0.5008,0.5008,0.0000,-0.0000,-9.8235,0.0000,0.0000,0.0000
1959,7.8360,0.0000,-0.0000,-4.9842,0.0000,-0.0000,-5.0259,0.0000,-0.0000,0.0610,0.7071,0.7071,0.0000,0.0000,0.0000,0.0000,-0.0000,0.5008,0.5008,0.5008,0.5008,0.0000,-0.0000,-9.8237,0.0000,0.0000,0.0000
1960,7.8400,0.0000,-0.0000,-4.9840,0.0000,-0.0000,-5.0258,0.0000,-0.0000,0.0609,0.7071,0.7071,0.0000,0.0000,0.0000,0.0000,-0.0000,0.5009,0.5009,0.5009,0.5009,0.0000,-0.0000,-9.8240,0.0000,0.0000,0.0000
1961,7.8440,0.0000,-0.0000,-4.9837,0.0000,-0.0000,-5.0257,0.0000,-0.0000,0.0609,0.7071,0.7071,0.0000,0.0000,0.0000,0.0000,-0.0000,0.5009,0.5009,0.5009,0.5009,0.0000,0.0000,-9.8242,0.0000,0.0000,0.0000
1962,7.8480,0.0000,-0.0000,-4.9835,0.0000,-0.0000,-5.0256,0.0000,-0.0000,0.0608,0.7071,0.7071,0.0000,0.0000,0.0000,0.0000,-0.0000,0.5009,0.5009,0.5009,0.5009,0.0000,-0.0000,-9.8245,0.0000,0.0000,0.0000
1963,7.8520,0.0000,-0.0000,-4.9832,0.0000,-0.0000,-5.0255,0.0000,-0.0000,0.0607,0.7071,0.7071,0.0000,0.0000,0.0000,0.0000,-0.0000,0.5009,0.5009,0.5009,0.5009,0.0000,0.0000,-9.8247,0.0000,0.0000,0.0000
1964,7.8560,0.0000,-0.0000,-4.9830,0.0000,-0.0000,-5.0254,0.0000,-0.0000,0.0607,0.7071,0.7071,0.0000,0.0000,0.0000,0.0000,-0.0000,0.5009,0.5009,0.5009,0.5009,0.0000,-0.0000,-9.8250,0.0000,0.0000,0.0000
1965,7.8600,0.0000,-0.0000,-4.9827,0.0000,-0.0000,-5.0253,0.0000,-0.0000,0.0606,0.7071,0.7071,0.0000,0.0000,0.0000,0.0000,-0.0000,0.5009,0.5009,0.5009,0.5009,0.0000,-0.0000,-9.8252,0.0000,0.0000,0.0000
1966,7.8640,0.0000,-0.0000,-4.9825,0.0000,-0.0000,-5.0252,0.0000,-0.0000,0.0605,0.7071,0.7071,0.0000,0.0000,0.0000,0.0000,-0.0000,0.5009,0.5009,0.5009,0.5009,0.0000,-0.0000,-9.8255,0.0000,0.0000,0.0000
1967,7.8680,0.0000,-0.0000,-4.9823,0.0000,-0.0000,-5.0251,0.0000,-0.0000,0.0605,0.7071,0.7071,0.0000,0.0000,0.0000,0.0000,-0.0000,0.5010,0.5010,0.5010,0.5010,0.0000,0.0000,-9.8257,0.0000,0.0000,0.0000
1968,7.8720,0.0000,-0.0000,-4.9820,0.0000,-0.0000,-5.0250,0.0000,-0.0000,0.0604,0.7071,0.7071,0.0000,0.0000,0.0000,0.0000,-0.0000,0.5010,0.5010,0.5010,0.5010,0.0000,0.0000,-9.8260,0.0000,0.0000,0.0000
1969,7.8760,0.0000,-0.0000,-4.9818,0.0000,-0.0000,-5.0249,0.0000,-0.0000,0.0604,0.7071,0.7071,0.0000,0.0000,0.0000,0.0000,-0.0000,0.5010,0.5010,0.5010,0.5010,0.0000,0.0000,-9.8262,0.0000,0.0000,0.0000
1970,7.8800,0.0000,-0.0000,-4.9815,0.0000,-0.0000,-5.0248,0.0000,-0.0000,0.0603,0.7071,0.7071,0.0000,0.0000,0.0000,0.0000,-0.0000,0.5010,0.5010,0.5010,0.5010,0.0000,0.0000,-9.8265,0.0000,0.0000,0.0000
1971,7.8840,0.0000,-0.0000,-4.9813,0.0000,-0.0000,-5.0247,0.0000,-0.0000,0.0602,0.7071,0.7071,0.0000,0.0000,0.0000,0.0000,-0.0000,0.5010,0.5010,0.5010,0.5010,0.0000,0.0000,-9.8267,0.0000,0.0000,0.0000
1972,7.8880,0.0000,-0.0000,-4.9811,0.0000,-0.0000,-5.0246,0.0000,-0.0000,0.0601,0.7071,0.7071,0.0000,0.0000,0.0000,0.0000,-0.0000,0.5010,0.5010,0.5010,0.5010,0.0000,-0.0000,-9.8270,0.0000,0.0000,0.0000
1973,7.8920,0.0000,-0.0000,-4.9808,0.0000,-0.0000,-5.0245,0.0000,-0.0000,0.0601,0.7071,0.7071,0.0000,0.0000,0.0000,0.0000,-0.0000,0.5010,0.5010,0.5010,0.5010,0.0000,-0.0000,-9.8272,0.0000,0.0000,0.0000
1974,7.8960,0.0000,-0.0000,-4.9806,0.0000,-0.0000,-5.0244,0.0000,-0.0000,0.0600,0.7071,0.7071,0.0000,0.0000,0.0000,0.0000,-0.0000,0.5010,0.5010,0.5010,0.5010,0.0000,0.0000,-9.8275,0.0000,0.0000,0.0000
1975,7.9000,0.0000,-0.0000,-4.9803,0.0000,-0.0000,-5.0243,0.0000,-0.0000,0.0599,0.7071,0.7071,0.0000,0.0000,0.0000,0.0000,-0.0000,0.5011,0.5011,0.5011,0.5011,0.0000,-0.0000,-9.8277,0.0000,0.0000,0.0000
1976,7.9040,0.0000,-0.0000,-4.9801,0.0000,-0.0000,-5.0242,0.0000,-0.0000,0.0599,0.7071,0.7071,0.0000,0.0000,0.0000,0.0000,-0.0000,0.5011,0.5011,0.5011,0.5011,0.0000,0.0000,-9.8280,0.0000,0.0000,0.0000
1977,7.9080,0.0000,-0.0000,-4.9799,0.0000,-0.0000,-5.0241,0.0000,-0.0000,0.0598,0.7071,0.7071,0.0000,0.0000,0.0000,0.0000,-0.0000,0.5011,0.5011,0.5011,0.5011,0.0000,-0.0000,-9.8282,0.0000,0.0000,0.0000
1978,7.9120,0.0000,-0.0000,-4.9796,0.0000,-0.0000,-5.0240,0.0000,-0.0000,0.0597,0.7071,0.7071,0.0000,0.0000,0.0000,0.0000,-0.0000,0.5011,0.5011,0.5011,0.5011,0.0000,0.0000,-9.8285,0.0000,0.0000,0.0000
1979,7.9160,0.0000,-0.0000,-4.9794,0.0000,-0.0000,-5.0239,0.0000,-0.0000,0.0596,0.7071,0.7071,0.0000,0.0000,0.0000,0.0000,-0.0000,0.5011,0.5011,0.5011,0.5011,0.0000,0.0000,-9.8287,0.0000,0.0000,0.0000
1980,7.9200,0.0000,-0.0000,-4.9791,0.0000,-0.0000,-5.0238,0.0000,-0.0000,0.0596,0.7071,0.7071,0.0000,0.0000,0.0000,0.0000,-0.0000,0.5011,0.5011,0.5011,0.5011,0.0000,0.0000,-9.8289,0.0000,0.0000,0.0000
1981,7.9240,0.0000,-0.0000,-4.9789,0.0000,-0.0000,-5.0237,0.0000,-0.0000,0.0595,0.7071,0.7071,0.0000,0.0000,0.0000,0.0000,-0.0000,0.5011,0.5011,0.5011,0.5011,0.0000,-0.0000,-9.8292,0.0000,0.0000,0.0000
1982,7.9280,0.0000,-0.0000,-4.9787,0.0000,-0.0000,-5.0236,0.0000,-0.0000,0.0594,0.7071,0.7071,0.0000,0.0000,0.0000,0.0000,-0.0000,0.5011,0.5011,0.5011,0.5011,0.0000,0.0000,-9.8294,0.0000,0.0000,0.0000
1983,7.9320,0.0000,-0.0000,-4.9784,0.0000,-0.0000,-5.0235,0.0000,-0.0000,0.0593,0.7071,0.7071,0.0000,0.0000,0.0000,0.0000,-0.0000,0.5012,0.5012,0.5012,0.5012,0.0000,0.0000,-9.8297,0.0000,0.0000,0.0000
1984,7.9360,0.0000,-0.0000,-4.9782,0.0000,-0.0000,-5.0234,0.0000,-0.0000,0.0592,0.7071,0.7071,0.0000,0.0000,0.0000,0.0000,-0.0000,0.5012,0.5012,0.5012,0.5012,0.0000,-0.0000,-9.8299,0.0000,0.0000,0.0000
1985,7.9400,0.0000,-0.0000,-4.9780,0.0000,-0.0000,-5.0233,0.0000,-0.0000,0.0592,0.7071,0.7071,0.0000,0.0000,0.0000,0.0000,-0.0000,0.5012,0.5012,0.5012,0.5012,0.0000,-0.0000,-9.8302,0.0000,0.0000,0.0000
1986,7.9440,0.0000,-0.0000,-4.9777,0.0000,-0.0000,-5.0232,0.0000,-0.0000,0.0591,0.7071,0.7071,0.0000,0.0000,0.0000,0.0000,-0.0000,0.5012,0.5012,0.5012,0.5012,0.0000,0.0000,-9.8304,0.0000,0.0000,0.0000
1987,7.9480,0.0000,-0.0000,-4.9775,0.0000,-0.0000,-5.0231,0.0000,-0.0000,0.0590,0.7071,0.7071,0.0000,0.0000,0.0000,0.0000,-0.0000,0.5012,0.5012,0.5012,0.5012,0.0000,0.0000,-9.8307,0.0000,0.0000,0.0000
1988,7.9520,0.0000,-0.0000,-4.9772,0.0000,-0.0000,-5.0230,0.0000,-0.0000,0.0589,0.7071,0.7071,0.0000,0.0000,0.0000,0.0000,-0.0000,0.5012,0.5012,0.5012,0.5012,0.0000,-0.0000,-9.8309,0.0000,0.0000,0.0000
1989,7.9560,0.0000,-0.0000,-4.9770,0.0000,-0.0000,-5.0229,0.0000,-0.0000,0.0588,0.7071,0.7071,0.0000,0.0000,0.0000,0.0000,-0.0000,0.5012,0.5012,0.5012,0.5012,0.0000,-0.0000,-9.8312,0.0000,0.0000,0.0000
1990,7.9600,0.0000,-0.0000,-4.9768,0.0000,-0.0000,-5.0228,0.0000,-0.0000,0.0587,0.7071,0.7071,0.0000,0.0000,0.0000,0.0000,-0.0000,0.5012,0.5012,0.5012,0.5012,0.0000,-0.0000,-9.8314,0.0000,0.0000,0.0000
1991,7.9640,0.0000,-0.0000,-4.9765,0.0000,-0.0000,-5.0227,0.0000,-0.0000,0.0587,0.7071,0.7071,0.0000,0.0000,0.0000,0.0000,-0.0000,0.5012,0.5012,0.5012,0.5012,0.0000,-0.0000,-9.8316,0.0000,0.0000,0.0000
1992,7.9680,0.0000,-0.0000,-4.9763,0.0000,-0.0000,-5.0226,0.0000,-0.0000,0.0586,0.7071,0.7071,0.0000,0.0000,0.0000,0.0000,-0.0000,0.5013,0.5013,0.5013,0.5013,0.0000,0.0000,-9.8319,0.0000,0.0000,0.0000
1993,7.9720,0.0000,-0.0000,-4.9761,0.0000,-0.0000,-5.0224,0.0000,-0.0000,0.0585,0.7071,0.7071,0.0000,0.0000,0.0000,0.0000,-0.0000,0.5013,0.5013,0.5013,0.5013,0.0000,0.0000,-9.8321,0.0000,0.0000,0.0000
1994,7.9760,0.0000,-0.0000,-4.9758,0.0000,-0.0000,-5.0223,0.0000,-0.0000,0.0584,0.7071,0.7071,0.0000,0.0000,0.0000,0.0000,-0.0000,0.5013,0.5013,0.5013,0.5013,0.0000,0.0000,-9.8324,0.0000,0.0000,0.0000
1995,7.9800,0.0000,-0.0000,-4.9756,0.0000,-0.0000,-5.0222,0.0000,-0.0000,0.0583,0.7071,0.7071,0.0000,0.0000,0.0000,0.0000,-0.0000,0.5013,0.5013,0.5013,0.5013,0.0000,0.0000,-9.8326,0.0000,0.0000,0.0000
1996,7.9840,0.0000,-0.0000,-4.9754,0.0000,-0.0000,-5.0221,0.0000,-0.0000,0.0582,0.7071,0.7071,0.0000,0.0000,0.0000,0.0000,-0.0000,0.5013,0.5013,0.5013,0.5013,0.0000,-0.0000,-9.8328,0.0000,0.0000,0.0000
1997,7.9880,0.0000,-0.0000,-4.9751,0.0000,-0.0000,-5.0220,0.0000,-0.0000,0.0581,0.7071,0.7071,0.0000,0.0000,0.0000,0.0000,-0.0000,0.5013,0.5013,0.5013,0.5013,0.0000,-0.0000,-9.8331,0.0000,0.0000,0.0000
1998,7.9920,0.0000,-0.0000,-4.9749,0.0000,-0.0000,-5.0219,0.0000,-0.0000,0.0580,0.7071,0.7071,0.0000,0.0000,0.0000,0.0000,-0.0000,0.5013,0.5013,0.5013,0.5013,0.0000,0.0000,-9.8333,0.0000,0.0000,0.0000
1999,7.9960,0.0000,-0.0000,-4.9747,0.0000,-0.0000,-5.0218,0.0000,-0.0000,0.0579,0.7071,0.7071,0.0000,0.0000,0.0000,0.0000,-0.0000,0.5013,0.5013,0.5013,0.5013,0.0000,0.0000,-9.8336,0.0000,0.0000,0.0000
2000,8.0000,0.0000,-0.0000,-4.9744,0.0000,-0.0000,-5.0217,0.0000,-0.0000,0.0578,0.7071,0.7071,0.0000,0.0000,0.0000,0.0000,-0.0000,0.5014,0.5014,0.5014,0.5014,0.0000,-0.0000,-9.8338,0.0000,0.0000,0.0000
2001,8.0040,0.0000,-0.0000,-4.9742,0.0000,-0.0000,-5.0216,0.0000,-0.0000,0.0577,0.7071,0.7071,0.0000,0.0000,0.0000,0.0000,-0.0000,0.5014,0.5014,0.5014,0.5014,0.0000,0.0000,-9.8340,0.0000,0.0000,0.0000
2002,8.0080,0.0000,-0.0000,-4.9740,0.0000,-0.0000,-5.0215,0.0000,-0.0000,0.0576,0.7071,0.7071,0.0000,0.0000,0.0000,0.0000,-0.0000,0.5014,0.5014,0.5014,0.5014,0.0000,-0.0000,-9.8343,0.0000,0.0000,0.0000
2003,8.0120,0.0000,-0.0000,-4.9738,0.0000,-0.0000,-5.0214,0.0000,-0.0000,0.0575,0.7071,0.7071,0.0000,0.0000,0.0000,0.0000,-0.0000,0.5014,0.5014,0.5014,0.5014,0.0000,-0.0000,-9.8345,0.0000,0.0000,0.0000
2004,8.0160,0.0000,-0.0000,-4.9735,0.0000,-0.0000,-5.0212,0.0000,-0.0000,0.0574,0.7071,0.7071,0.0000,0.0000,0.0000,0.0000,-0.0000,0.5014,0.5014,0.5014,0.5014,0.0000,0.0000,-9.8348,0.0000,0.0000,0.0000
2005,8.0200,0.0000,-0.0000,-4.9733,0.0000,-0.0000,-5.0211,0.0000,-0.0000,0.0573,0.7071,0.7071,0.0000,0.0000,0.0000,0.0000,-0.0000,0.5014,0.5014,0.5014,0.5014,0.0000,-0.0000,-9.8350,0.0000,0.0000,0.0000
2006,8.0240,0.0000,-0.0000,-4.9731,0.0000,-0.0000,-5.0210,0.0000,-0.0000,0.0572,0.7071,0.7071,0.0000,0.0000,0.0000,0.0000,-0.0000,0.5014,0.5014,0.5014,0.5014,0.0000,-0.0000,-9.8352,0.0000,0.0000,0.0000
2007,8.0280,0.0000,-0.0000,-4.9728,0.0000,-0.0000,-5.0209,0.0000,-0.0000,0.0571,0.7071,0.7071,0.0000,0.0000,0.0000,0.0000,-0.0000,0.5014,0.5014,0.5014,0.5014,0.0000,0.0000,-9.8355,0.0000,0.0000,0.0000
2008,8.0320,0.0000,-0.0000,-4.9726,0.0000,-0.0000,-5.0208,0.0000,-0.0000,0.0570,0.7071,0.7071,0.0000,0.0000,0.0000,0.0000,-0.0000,0.5015,0.5015,0.5015,0.5015,0.0000,0.0000,-9.8357,0.0000,0.0000,0.0000
2009,8.0360,0.0000,-0.0000,-4.9724,0.0000,-0.0000,-5.0207,0.0000,-0.0000,0.0569,0.7071,0.7071,0.0000,0.0000,0.0000,0.0000,-0.0000,0.5015,0.5015,0.5015,0.5015,0.0000,0.0000,-9.8359,0.0000,0.0000,0.0000
2010,8.0400,0.0000,-0.0000,-4.9722,0.0000,-0.0000,-5.0206,0.0000,-0.0000,0.0568,0.7071,0.7071,0.0000,0.0000,0.0000,0.0000,-0.0000,0.5015,0.5015,0.5015,0.5015,0.0000,0.0000,-9.8362,0.0000,0.0000,0.0000
2011,8.0440,0.0000,-0.0000,-4.9719,0.0000,-0.0000,-5.0205,0.0000,-0.0000,0.0567,0.7071,0.7071,0.0000,0.0000,0.0000,0.0000,-0.0000,0.5015,0.5015,0.5015,0.5015,0.0000,0.0000,-9.8364,0.0000,0.0000,0.0000
2012,8.0480,0.0000,-0.0000,-4.9717,0.0000,-0.0000,-5.0203,0.0000,-0.0000,0.0566,0.7071,0.7071,0.0000,0.0000,0.0000,0.0000,-0.0000,0.5015,0.5015,0.5015,0.5015,0.0000,-0.0000,-9.8366,0.0000,0.0000,0.0000
2013,8.0520,0.0000,-0.0000,-4.9715,0.0000,-0.0000,-5.0202,0.0000,-0.0000,0.0565,0.7071,0.7071,0.0000,0.0000,0.0000,0.0000,-0.0000,0.5015,0.5015,0.5015,0.5015,0.0000,-0.0000,-9.8369,0.0000,0.0000,0.0000
2014,8.0560,0.0000,-0.0000,-4.9713,0.0000,-0.0000,-5.0201,0.0000,-0.0000,0.0564,0.7071,0.7071,0.0000,0.0000,0.0000,0.0000,-0.0000,0.5015,0.5015,0.5015,0.5015,0.0000,0.0000,-9.8371,0.0000,0.0000,0.0000
2015,8.0600,0.0000,-0.0000,-4.9710,0.0000,-0.0000,-5.0200,0.0000,-0.0000,0.0563,0.7071,0.7071,0.0000,0.0000,0.0000,0.0000,-0.0000,0.5015,0.5015,0.5015,0.5015,0.0000,0.0000,-9.8373,0.0000,0.0000,0.0000
2016,8.0640,0.0000,-0.0000,-4.9708,0.0000,-0.0000,-5.0199,0.0000,-0.0000,0.0562,0.7071,0.7071,0.0000,0.0000,0.0000,0.0000,-0.0000,0.5015,0.5015,0.5015,0.5015,0.0000,-0.0000,-9.8376,0.0000,0.0000,0.0000
2017,8.0680,0.0000,-0.0000,-4.9706,0.0000,-0.0000,-5.0198,0.0000,-0.0000,0.0560,0.7071,0.7071,0.0000,0.0000,0.0000,0.0000,-0.0000,0.5016,0.5016,0.5016,0.5016,0.0000,0.0000,-9.8378,0.0000,0.0000,0.0000
2018,8.0720,0.0000,-0.0000,-4.9704,0.0000,-0.0000,-5.0197,0.0000,-0.0000,0.0559,0.7071,0.7071,0.0000,0.0000,0.0000,0.0000,-0.0000,0.5016,0.5016,0.5016,0.5016,0.0000,0.0000,-9.8380,0.0000,0.0000,0.0000
2019,8.0760,0.0000,-0.0000,-4.9701,0.0000,-0.0000,-5.0195,0.0000,-0.0000,0.0558,0.7071,0.7071,0.0000,0.0000,0.0000,0.0000,-0.0000,0.5016,0.5016,0.5016,0.5016,0.0000,0.0000,-9.8383,0.0000,0.0000,0.0000
2020,8.0800,0.0000,-0.0000,-4.9699,0.0000,-0.0000,-5.0194,0.0000,-0.0000,0.0557,0.7071,0.7071,0.0000,0.0000,0.0000,0.0000,-0.0000,0.5016,0.5016,0.5016,0.5016,0.0000,-0.0000,-9.8385,0.0000,0.0000,0.0000
2021,8.0840,0.0000,-0.0000,-4.9697,0.0000,-0.0000,-5.0193,0.0000,-0.0000,0.0556,0.7071,0.7071,0.0000,0.0000,0.0000,0.0000,-0.0000,0.5016,0.5016,0.5016,0.5016,0.0000,-0.0000,-9.8387,0.0000,0.0000,0.0000
2022,8.0880,0.0000,-0.0000,-4.9695,0.0000,-0.0000,-5.0192,0.0000,-0.0000,0.0555,0.7071,0.7071,0.0000,0.0000,0.0000,0.0000,-0.0000,0.5016,0.5016,0.5016,0.5016,0.0000,-0.0000,-9.8390,0.0000,0.0000,0.0000
2023,8.0920,0.0000,-0.0000,-4.9692,0.0000,-0.0000,-5.0191,0.0000,-0.0000,0.0553,0.7071,0.7071,0.0000,0.0000,0.0000,0.0000,-0.0000,0.5016,0.5016,0.5016,0.5016,0.0000,0.0000,-9.8392,0.0000,0.0000,0.0000
2024,8.0960,0.0000,-0.0000,-4.9690,0.0000,-0.0000,-5.0190,0.0000,-0.0000,0.0552,0.7071,0.7071,0.0000,0.0000,0.0000,0.0000,-0.0000,0.5016,0.5016,0.5016,0.5016,0.0000,0.0000,-9.8394,0.0000,0.0000,0.0000
2025,8.1000,0.0000,-0.0000,-4.9688,0.0000,-0.0000,-5.0188,0.0000,-0.0000,0.0551,0.7071,0.7071,0.0000,0.0000,0.0000,0.0000,-0.0000,0.5016,0.5016,0.5016,0.5016,0.0000,0.0000,-9.8396,0.0000,0.0000,0.0000
2026,8.1040,0.0000,-0.0000,-4.9686,0.0000,-0.0000,-5.0187,0.0000,-0.0000,0.0550,0.7071,0.7071,0.0000,0.0000,0.0000,0.0000,-0.0000,0.5017,0.5017,0.5017,0.5017,0.0000,-0.0000,-9.8399,0.0000,0.0000,0.0000
2027,8.1080,0.0000,-0.0000,-4.9684,0.0000,-0.0000,-5.0186,0.0000,-0.0000,0.0549,0.7071,0.7071,0.0000,0.0000,0.0000,0.0000,-0.0000,0.5017,0.5017,0.5017,0.5017,0.0000,0.0000,-9.8401,0.0000,0.0000,0.0000
2028,8.1120,0.0000,-0.0000,-4.9681,0.0000,-0.0000,-5.0185,0.0000,-0.0000,0.0547,0.7071,0.7071,0.0000,0.0000,0.0000,0.0000,-0.0000,0.5017,0.5017,0.5017,0.5017,0.0000,0.0000,-9.8403,0.0000,0.0000,0.0000
2029,8.1160,0.0000,-0.0000,-4.9679,0.0000,-0.0000,-5.0184,0.0000,-0.0000,0.0546,0.7071,0.7071,0.0000,0.0000,0.0000,0.0000,-0.0000,0.5017,0.5017,0.5017,0.5017,0.0000,0.0000,-9.8405,0.0000,0.0000,0.0000
2030,8.1200,0.0000,-0.0000,-4.9677,0.0000,-0.0000,-5.0182,0.0000,-0.0000,0.0545,0.7071,0.7071,0.0000,0.0000,0.0000,0.0000,-0.0000,0.5017,0.5017,0.5017,0.5017,0.0000,-0.0000,-9.8408,0.0000,0.0000,0.0000
2031,8.1240,0.0000,-0.0000,-4.9675,0.0000,-0.0000,-5.0181,0.0000,-0.0000,0.0544,0.7071,0.7071,0.0000,0.0000,0.0000,0.0000,-0.0000,0.5017,0.5017,0.5017,0.5017,0.0000,0.0000,-9.8410,0.0000,0.0000,0.0000
2032,8.1280,0.0000,-0.0000,-4.9673,0.0000,-0.0000,-5.0180,0.0000,-0.0000,0.0542,0.7071,0.7071,0.0000,0.0000,0.0000,0.0000,-0.0000,0.5017,0.5017,0.5017,0.5017,0.0000,-0.0000,-9.8412,0.0000,0.0000,0.0000
2033,8.1320,0.0000,-0.0000,-4.9671,0.0000,-0.0000,-5.0179,0.0000,-0.0000,0.0541,0.7071,0.7071,0.0000,0.0000,0.0000,0.0000,-0.0000,0.5017,0.5017,0.5017,0.5017,0.0000,-0.0000,-9.8414,0.0000,0.0000,0.0000
2034,8.1360,0.0000,-0.0000,-4.9668,0.0000,-0.0000,-5.0178,0.0000,-0.0000,0.0540,0.7071,0.7071,0.0000,0.0000,0.0000,0.0000,-0.0000,0.5017,0.5017,0.5017,0.5017,0.0000,-0.0000,-9.8417,0.0000,0.0000,0.0000
2035,8.1400,0.0000,-0.0000,-4.9666,0.0000,-0.0000,-5.0176,0.0000,-0.0000,0.0539,0.7071,0.7071,0.0000,0.0000,0.0000,0.0000,-0.0000,0.5018,0.5018,0.5018,0.5018,0.0000,-0.0000,-9.8419,0.0000,0.0000,0.0000
2036,8.1440,0.0000,-0.0000,-4.9664,0.0000,-0.0000,-5.0175,0.0000,-0.0000,0.0537,0.7071,0.7071,0.0000,0.0000,0.0000,0.0000,-0.0000,0.5018,0.5018,0.5018,0.5018,0.0000,-0.0000,-9.8421,0.0000,0.0000,0.0000
2037,8.1480,0.0000,-0.0000,-4.9662,0.0000,-0.0000,-5.0174,0.0000,-0.0000,0.0536,0.7071,0.7071,0.0000,0.0000,0.0000,0.0000,-0.0000,0.5018,0.5018,0.5018,0.5018,0.0000,-0.0000,-9.8423,0.0000,0.0000,0.0000
2038,8.1520,0.0000,-0.0000,-4.9660,0.0000,-0.0000,-5.0173,0.0000,-0.0000,0.0535,0.7071,0.7071,0.0000,0.0000,0.0000,0.0000,-0.0000,0.5018,0.5018,0.5018,0.5018,0.0000,-0.0000,-9.8426,0.0000,0.0000,0.0000
2039,8.1560,0.0000,-0.0000,-4.9658,0.0000,-0.0000,-5.0172,0.0000,-0.0000,0.0533,0.7071,0.7071,0.0000,0.0000,0.0000,0.0000,-0.0000,0.5018,0.5018,0.5018,0.5018,0.0000,-0.0000,-9.8428,0.0000,0.0000,0.0000
2040,8.1600,0.0000,-0.0000,-4.9656,0.0000,-0.0000,-5.0170,0.0000,-0.0000,0.0532,0.7071,0.7071,0.0000,0.0000,0.0000,0.0000,-0.0000,0.5018,0.5018,0.5018,0.5018,0.0000,0.0000,-9.8430,0.0000,0.0000,0.0000
2041,8.1640,0.0000,-0.0000,-4.9653,0.0000,-0.0000,-5.0169,0.0000,-0.0000,0.0531,0.7071,0.7071,0.0000,0.0000,0.0000,0.0000,-0.0000,0.5018,0.5018,0.5018,0.5018,0.0000,0.0000,-9.8432,0.0000,0.0000,0.0000
2042,8.1680,0.0000,-0.0000,-4.9651,0.0000,-0.0000,-5.0168,0.0000,-0.0000,0.0529,0.7071,0.7071,0.0000,0.0000,0.0000,0.0000,-0.0000,0.5018,0.5018,0.5018,0.5018,0.0000,-0.0000,-9.8434,0.0000,0.0000,0.0000
2043,8.1720,0.0000,-0.0000,-4.9649,0.0000,-0.0000,-5.0167,0.0000,-0.0000,0.0528,0.7071,0.7071,0.0000,0.0000,0.0000,0.0000,-0.0000,0.5018,0.5018,0.5018,0.5018,0.0000,0.0000,-9.8437,0.0000,0.0000,0.0000
2044,8.1760,0.0000,-0.0000,-4.9647,0.0000,-0.0000,-5.0165,0.0000,-0.0000,0.0527,0.7071,0.7071,0.0000,0.0000,0.0000,0.0000,-0.0000,0.5019,0.5019,0.5019,0.5019,0.0000,0.0000,-9.8439,0.0000,0.0000,0.0000
2045,8.1800,0.0000,-0.0000,-4.9645,0.0000,-0.0000,-5.0164,0.0000,-0.0000,0.0525,0.7071,0.7071,0.0000,0.0000,0.0000,0.0000,-0.0000,0.5019,0.5019,0.5019,0.5019,0.0000,-0.0000,-9.8441,0.0000,0.0000,0.0000
2046,8.1840,0.0000,-0.0000,-4.9643,0.0000,-0.0000,-5.0163,0.0000,-0.0000,0.0524,0.7071,0.7071,0.0000,0.0000,0.0000,0.0000,-0.0000,0.5019,0.5019,0.5019,0.5019,0.0000,-0.0000,-9.8443,0.0000,0.0000,0.0000
2047,8.1880,0.0000,-0.0000,-4.9641,0.0000,-0.0000,-5.0162,0.0000,-0.0000,0.0523,0.7071,0.7071,0.0000,0.0000,0.0000,0.0000,-0.0000,0.5019,0.5019,0.5019,0.5019,0.0000,0.0000,-9.8445,0.0000,0.0000,0.0000
2048,8.1920,0.0000,-0.0000,-4.9639,0.0000,-0.0000,-5.0160,0.0000,-0.0000,0.0521,0.7071,0.7071,0.0000,0.0000,0.0000,0.0000,-0.0000,0.5019,0.5019,0.5019,0.5019,0.0000,0.0000,-9.8447,0.0000,0.0000,0.0000
2049,8.1960,0.0000,-0.0000,-4.9637,0.0000,-0.0000,-5.0159,0.0000,-0.0000,0.0520,0.7071,0.7071,0.0000,0.0000,0.0000,0.0000,-0.0000,0.5019,0.5019,0.5019,0.5019,0.0000,0.0000,-9.8449,0.0000,0.0000,0.0000
2050,8.2000,0.0000,-0.0000,-4.9635,0.0000,-0.0000,-5.0158,0.0000,-0.0000,0.0518,0.7071,0.7071,0.0000,0.0000,0.0000,0.0000,-0.0000,0.5019,0.5019,0.5019,0.5019,0.0000,0.0000,-9.8452,0.0000,0.0000,0.0000
2051,8.2040,0.0000,-0.0000,-4.9632,0.0000,-0.0000,-5.0157,0.0000,-0.0000,0.0517,0.7071,0.7071,0.0000,0.0000,0.0000,0.0000,-0.0000,0.5019,0.5019,0.5019,0.5019,0.0000,0.0000,-9.8454,0.0000,0.0000,0.0000
2052,8.2080,0.0000,-0.0000,-4.9630,0.0000,-0.0000,-5.0155,0.0000,-0.0000,0.0515,0.7071,0.7071,0.0000,0.0000,0.0000,0.0000,-0.0000,0.5019,0.5019,0.5019,0.5019,0.0000,-0.0000,-9.8456,0.0000,0.0000,0.0000
2053,8.2120,0.0000,-0.0000,-4.9628,0.0000,-0.0000,-5.0154,0.0000,-0.0000,0.0514,0.7071,0.7071,0.0000,0.0000,0.0000,0.0000,-0.0000,0.5020,0.5020,0.5020,0.5020,0.0000,-0.0000,-9.8458,0.0000,0.0000,0.0000
2054,8.2160,0.0000,-0.0000,-4.9626,0.0000,-0.0000,-5.0153,0.0000,-0.0000,0.0513,0.7071,0.7071,0.0000,0.0000,0.0000,0.0000,-0.0000,0.5020,0.5020,0.5020,0.5020,0.0000,0.0000,-9.8460,0.0000,0.0000,0.0000
2055,8.2200,0.0000,-0.0000,-4.9624,0.0000,-0.0000,-5.0152,0.0000,-0.0000,0.0511,0.7071,0.7071,0.0000,0.0000,0.0000,0.0000,-0.0000,0.5020,0.5020,0.5020,0.5020,0.0000,-0.0000,-9.8462,0.0000,0.0000,0.0000
2056,8.2240,0.0000,-0.0000,-4.9622,0.0000,-0.0000,-5.0150,0.0000,-0.0000,0.0510,0.7071,0.7071,0.0000,0.0000,0.0000,0.0000,-0.0000,0.5020,0.5020,0.5020,0.5020,0.0000,-0.0000,-9.8464,0.0000,0.0000,0.0000
2057,8.2280,0.0000,-0.0000,-4.9620,0.0000,-0.0000,-5.0149,0.0000,-0.0000,0.0508,0.7071,0.7071,0.0000,0.0000,0.0000,0.0000,-0.0000,0.5020,0.5020,0.5020,0.5020,0.0000,0.0000,-9.8466,0.0000,0.0000,0.0000
2058,8.2320,0.0000,-0.0000,-4.9618,0.0000,-0.0000,-5.0148,0.0000,-0.0000,0.0507,0.7071,0.7071,0.0000,0.0000,0.0000,0.0000,-0.0000,0.5020,0.5020,0.5020,0.5020,0.0000,-0.0000,-9.8469,0.0000,0.0000,0.0000
2059,8.2360,0.0000,-0.0000,-4.9616,0.0000,-0.0000,-5.0147,0.0000,-0.0000,0.0505,0.7071,0.7071,0.0000,0.0000,0.0000,0.0000,-0.0000,0.5020,0.5020,0.5020,0.5020,0.0000,-0.0000,-9.8471,0.0000,0.0000,0.0000
2060,8.2400,0.0000,-0.0000,-4.9614,0.0000,-0.0000,-5.0145,0.0000,-0.0000,0.0504,0.7071,0.7071,0.0000,0.0000,0.0000,0.0000,-0.0000,0.5020,0.5020,0.5020,0.5020,0.0000,-0.0000,-9.8473,0.0000,0.0000,0.0000
2061,8.2440,0.0000,-0.0000,-4.9612,0.0000,-0.0000,-5.0144,0.0000,-0.0000,0.0502,0.7071,0.7071,0.0000,0.0000,0.0000,0.0000,-0.0000,0.5020,0.5020,0.5020,0.5020,0.0000,-0.0000,-9.8475,0.0000,0.0000,0.0000
2062,8.2480,0.0000,-0.0000,-4.9610,0.0000,-0.0000,-5.0143,0.0000,-0.0000,0.0501,0.7071,0.7071,0.0000,0.0000,0.0000,0.0000,-0.0000,0.5020,0.5020,0.5020,0.5020,0.0000,-0.0000,-9.8477,0.0000,0.0000,0.0000
2063,8.2520,0.0000,-0.0000,-4.9608,0.0000,-0.0000,-5.0141,0.0000,-0.0000,0.0499,0.7071,0.7071,0.0000,0.0000,0.0000,0.0000,-0.0000,0.5021,0.5021,0.5021,0.5021,0.0000,0.0000,-9.8479,0.0000,0.0000,0.0000
2064,8.2560,0.0000,-0.0000,-4.9606,0.0000,-0.0000,-5.0140,0.0000,-0.0000,0.0498,0.7071,0.7071,0.0000,0.0000,0.0000,0.0000,-0.0000,0.5021,0.5021,0.5021,0.5021,0.0000,0.0000,-9.8481,0.0000,0.0000,0.0000
2065,8.2600,0.0000,-0.0000,-4.9604,0.0000,-0.0000,-5.0139,0.0000,-0.0000,0.0496,0.7071,0.7071,0.0000,0.0000,0.0000,0.0000,-0.0000,0.5021,0.5021,0.5021,0.5021,0.0000,-0.0000,-9.8483,0.0000,0.0000,0.0000
2066,8.2640,0.0000,-0.0000,-4.9602,0.0000,-0.0000,-5.0138,0.0000,-0.0000,0.0495,0.7071,0.7071,0.0000,0.0000,0.0000,0.0000,-0.0000,0.5021,0.5021,0.5021,0.5021,0.0000,-0.0000,-9.8485,0.0000,0.0000,0.0000
2067,8.2680,0.0000,-0.0000,-4.9600,0.0000,-0.0000,-5.0136,0.0000,-0.0000,0.0493,0.7071,0.7071,0.0000,0.0000,0.0000,0.0000,-0.0000,0.5021,0.5021,0.5021,0.5021,0.0000,0.0000,-9.8487,0.0000,0.0000,0.0000
2068,8.2720,0.0000,-0.0000,-4.9598,0.0000,-0.0000,-5.0135,0.0000,-0.0000,0.0491,0.7071,0.7071,0.0000,0.0000,0.0000,0.0000,-0.0000,0.5021,0.5021,0.5021,0.5021,0.0000,0.0000,-9.8489,0.0000,0.0000,0.0000
2069,8.2760,0.0000,-0.0000,-4.9596,0.0000,-0.0000,-5.0134,0.0000,-0.0000,0.0490,0.7071,0.7071,0.0000,0.0000,0.0000,0.0000,-0.0000,0.5021,0.5021,0.5021,0.5021,0.0000,-0.0000,-9.8491,0.0000,0.0000,0.0000
2070,8.2800,0.0000,-0.0000,-4.9594,0.0000,-0.0000,-5.0132,0.0000,-0.0000,0.0488,0.7071,0.7071,0.0000,0.0000,0.0000,0.0000,-0.0000,0.5021,0.5021,0.5021,0.5021,0.0000,0.0000,-9.8493,0.0000,0.0000,0.0000
2071,8.2840,0.0000,-0.0000,-4.9592,0.0000,-0.0000,-5.0131,0.0000,-0.0000,0.0487,0.7071,0.7071,0.0000,0.0000,0.0000,0.0000,-0.0000,0.5021,0.5021,0.5021,0.5021,0.0000,-0.0000,-9.8495,0.0000,0.0000,0.0000
2072,8.2880,0.0000,-0.0000,-4.9590,0.0000,-0.0000,-5.0130,0.0000,-0.0000,0.0485,0.7071,0.7071,0.0000,0.0000,0.0000,0.0000,-0.0000,0.5021,0.5021,0.5021,0.5021,0.0000,0.0000,-9.8497,0.0000,0.0000,0.0000
2073,8.2920,0.0000,-0.0000,-4.9589,0.0000,-0.0000,-5.0128,0.0000,-0.0000,0.0484,0.7071,0.7071,0.0000,0.0000,0.0000,0.0000,-0.0000,0.5022,0.5022,0.5022,0.5022,0.0000,0.0000,-9.8499,0.0000,0.0000,0.0000
2074,8.2960,0.0000,-0.0000,-4.9587,0.0000,-0.0000,-5.0127,0.0000,-0.0000,0.0482,0.7071,0.7071,0.0000,0.0000,0.0000,0.0000,-0.0000,0.5022,0.5022,0.5022,0.5022,0.0000,-0.0000,-9.8501,0.0000,0.0000,0.0000
2075,8.3000,0.0000,-0.0000,-4.9585,0.0000,-0.0000,-5.0126,0.0000,-0.0000,0.0480,0.7071,0.7071,0.0000,0.0000,0.0000,0.0000,-0.0000,0.5022,0.5022,0.5022,0.5022,0.0000,-0.0000,-9.8503,0.0000,0.0000,0.0000
2076,8.3040,0.0000,-0.0000,-4.9583,0.0000,-0.0000,-5.0125,0.0000,-0.0000,0.0479,0.7071,0.7071,0.0000,0.0000,0.0000,0.0000,-0.0000,0.5022,0.5022,0.5022,0.5022,0.0000,-0.0000,-9.8505,0.0000,0.0000,0.0000
2077,8.3080,0.0000,-0.0000,-4.9581,0.0000,-0.0000,-5.0123,0.0000,-0.0000,0.0477,0.7071,0.7071,0.0000,0.0000,0.0000,0.0000,-0.0000,0.5022,0.5022,0.5022,0.5022,0.0000,-0.0000,-9.8507,0.0000,0.0000,0.0000
2078,8.3120,0.0000,-0.0000,-4.9579,0.0000,-0.0000,-5.0122,0.0000,-0.0000,0.0475,0.7071,0.7071,0.0000,0.0000,0.0000,0.0000,-0.0000,0.5022,0.5022,0.5022,0.5022,0.0000,-0.0000,-9.8509,0.0000,0.0000,0.0000
2079,8.3160,0.0000,-0.0000,-4.9577,0.0000,-0.0000,-5.0121,0.0000,-0.0000,0.0474,0.7071,0.7071,0.0000,0.0000,0.0000,0.0000,-0.0000,0.5022,0.5022,0.5022,0.5022,0.0000,0.0000,-9.8511,0.0000,0.0000,0.0000
2080,8.3200,0.0000,-0.0000,-4.9575,0.0000,-0.0000,-5.0119,0.0000,-0.0000,0.0472,0.7071,0.7071,0.0000,0.0000,0.0000,0.0000,-0.0000,0.5022,0.5022,0.5022,0.5022,0.0000,-0.0000,-9.8513,0.0000,0.0000,0.0000
2081,8.3240,0.0000,-0.0000,-4.9573,0.0000,-0.0000,-5.0118,0.0000,-0.0000,0.0470,0.7071,0.7071,0.0000,0.0000,0.0000,0.0000,-0.0000,0.5022,0.5022,0.5022,0.5022,0.0000,0.0000,-9.8515,0.0000,0.0000,0.0000
2082,8.3280,0.0000,-0.0000,-4.9571,0.0000,-0.0000,-5.0117,0.0000,-0.0000,0.0469,0.7071,0.7071,0.0000,0.0000,0.0000,0.0000,-0.0000,0.5022,0.5022,0.5022,0.5022,0.0000,0.0000,-9.8517,0.0000,0.0000,0.0000
2083,8.3320,0.0000,-0.0000,-4.9570,0.0000,-0.0000,-5.0115,0.0000,-0.0000,0.0467,0.7071,0.7071,0.0000,0.0000,0.0000,0.0000,-0.0000,0.5023,0.5023,0.5023,0.5023,0.0000,0.0000,-9.8519,0.0000,0.0000,0.0000
2084,8.3360,0.0000,-0.0000,-4.9568,0.0000,-0.0000,-5.0114,0.0000,-0.0000,0.0465,0.7071,0.7071,0.0000,0.0000,0.0000,0.0000,-0.0000,0.5023,0.5023,0.5023,0.5023,0.0000,-0.0000,-9.8521,0.0000,0.0000,0.0000
2085,8.3400,0.0000,-0.0000,-4.9566,0.0000,-0.0000,-5.0113,0.0000,-0.0000,0.0464,0.7071,0.7071,0.0000,0.0000,0.0000,0.0000,-0.0000,0.5023,0.5023,0.5023,0.5023,0.0000,0.0000,-9.8523,0.0000,0.0000,0.0000
2086,8.3440,0.0000,-0.0000,-4.9564,0.0000,-0.0000,-5.0111,0.0000,-0.0000,0.0462,0.7071,0.7071,0.0000,0.0000,0.0000,0.0000,-0.0000,0.5023,0.5023,0.5023,0.5023,0.0000,-0.0000,-9.8524,0.0000,0.0000,0.0000
2087,8.3480,0.0000,-0.0000,-4.9562,0.0000,-0.0000,-5.0110,0.0000,-0.0000,0.0460,0.7071,0.7071,0.0000,0.0000,0.0000,0.0000,-0.0000,0.5023,0.5023,0.5023,0.5023,0.0000,0.0000,-9.8526,0.0000,0.0000,0.0000
2088,8.3520,0.0000,-0.0000,-4.9560,0.0000,-0.0000,-5.0109,0.0000,-0.0000,0.0459,0.7071,0.7071,0.0000,0.0000,0.0000,0.0000,-0.0000,0.5023,0.5023,0.5023,0.5023,0.0000,0.0000,-9.8528,0.0000,0.0000,0.0000
2089,8.3560,0.0000,-0.0000,-4.9558,0.0000,-0.0000,-5.0107,0.0000,-0.0000,0.0457,0.7071,0.7071,0.0000,0.0000,0.0000,0.0000,-0.0000,0.5023,0.5023,0.5023,0.5023,0.0000,0.0000,-9.8530,0.0000,0.0000,0.0000
2090,8.3600,0.0000,-0.0000,-4.9557,0.0000,-0.0000,-5.0106,0.0000,-0.0000,0.0455,0.7071,0.7071,0.0000,0.0000,0.0000,0.0000,-0.0000,0.5023,0.5023,0.5023,0.5023,0.0000,-0.0000,-9.8532,0.0000,0.0000,0.0000
2091,8.3640,0.0000,-0.0000,-4.9555,0.0000,-0.0000,-5.0105,0.0000,-0.0000,0.0453,0.7071,0.7071,0.0000,0.0000,0.0000,0.0000,-0.0000,0.5023,0.5023,0.5023,0.5023,0.0000,0.0000,-9.8534,0.0000,0.0000,0.0000
2092,8.3680,0.0000,-0.0000,-4.9553,0.0000,-0.0000,-5.0103,0.0000,-0.0000,0.0452,0.7071,0.7071,0.0000,0.0000,0.0000,0.0000,-0.0000,0.5023,0.5023,0.5023,0.5023,0.0000,-0.0000,-9.8536,0.0000,0.0000,0.0000
2093,8.3720,0.0000,-0.0000,-4.9551,0.0000,-0.0000,-5.0102,0.0000,-0.0000,0.0450,0.7071,0.7071,0.0000,0.0000,0.0000,0.0000,-0.0000,0.5023,0.5023,0.5023,0.5023,0.0000,0.0000,-9.8538,0.0000,0.0000,0.0000
2094,8.3760,0.0000,-0.0000,-4.9549,0.0000,-0.0000,-5.0101,0.0000,-0.0000,0.0448,0.7071,0.7071,0.0000,0.0000,0.0000,0.0000,-0.0000,0.5024,0.5024,0.5024,0.5024,0.0000,0.0000,-9.8539,0.0000,0.0000,0.0000
2095,8.3800,0.0000,-0.0000,-4.9548,0.0000,-0.0000,-5.0099,0.0000,-0.0000,0.0446,0.7071,0.7071,0.0000,0.0000,0.0000,0.0000,-0.0000,0.5024,0.5024,0.5024,0.5024,0.0000,-0.0000,-9.8541,0.0000,0.0000,0.0000
2096,8.3840,0.0000,-0.0000,-4.9546,0.0000,-0.0000,-5.0098,0.0000,-0.0000,0.0444,0.7071,0.7071,0.0000,0.0000,0.0000,0.0000,-0.0000,0.5024,0.5024,0.5024,0.5024,0.0000,-0.0000,-9.8543,0.0000,0.0000,0.0000
2097,8.3880,0.0000,-0.0000,-4.9544,0.0000,-0.0000,-5.0096,0.0000,-0.0000,0.0443,0.7071,0.7071,0.0000,0.0000,0.0000,0.0000,-0.0000,0.5024,0.5024,0.5024,0.5024,0.0000,0.0000,-9.8545,0.0000,0.0000,0.0000
2098,8.3920,0.0000,-0.0000,-4.9542,0.0000,-0.0000,-5.0095,0.0000,-0.0000,0.0441,0.7071,0.7071,0.0000,0.0000,0.0000,0.0000,-0.0000,0.5024,0.5024,0.5024,0.5024,0.0000,0.0000,-9.8547,0.0000,0.0000,0.0000
2099,8.3960,0.0000,-0.0000,-4.9541,0.0000,-0.0000,-5.0094,0.0000,-0.0000,0.0439,0.7071,0.7071,0.0000,0.0000,0.0000,0.0000,-0.0000,0.5024,0.5024,0.5024,0.5024,0.0000,0.0000,-9.8549,0.0000,0.0000,0.0000
2100,8.4000,0.0000,-0.0000,-4.9539,0.0000,-0.0000,-5.0092,0.0000,-0.0000,0.0437,0.7071,0.7071,0.0000,0.0000,0.0000,0.0000,-0.0000,0.5024,0.5024,0.5024,0.5024,0.0000,-0.0000,-9.8550,0.0000,0.0000,0.0000
2101,8.4040,0.0000,-0.0000,-4.9537,0.0000,-0.0000,-5.0091,0.0000,-0.0000,0.0435,0.7071,0.7071,0.0000,0.0000,0.0000,0.0000,-0.0000,0.5024,0.5024,0.5024,0.5024,0.0000,0.0000,-9.8552,0.0000,0.0000,0.0000
2102,8.4080,0.0000,-0.0000,-4.9535,0.0000,-0.0000,-5.0090,0.0000,-0.0000,0.0434,0.7071,0.7071,0.0000,0.0000,0.0000,0.0000,-0.0000,0.5024,0.5024,0.5024,0.5024,0.0000,0.0000,-9.8554,0.0000,0.0000,0.0000
2103,8.4120,0.0000,-0.0000,-4.9534,0.0000,-0.0000,-5.0088,0.0000,-0.0000,0.0432,0.7071,0.7071,0.0000,0.0000,0.0000,0.0000,-0.0000,0.5024,0.5024,0.5024,0.5024,0.0000,0.0000,-9.8556,0.0000,0.0000,0.0000
2104,8.4160,0.0000,-0.0000,-4.9532,0.0000,-0.0000,-5.0087,0.0000,-0.0000,0.0430,0.7071,0.7071,0.0000,0.0000,0.0000,0.0000,-0.0000,0.5024,0.5024,0.5024,0.5024,0.0000,0.0000,-9.8558,0.0000,0.0000,0.0000
2105,8.4200,0.0000,-0.0000,-4.9530,0.0000,-0.0000,-5.0086,0.0000,-0.0000,0.0428,0.7071,0.7071,0.0000,0.0000,0.0000,0.0000,-0.0000,0.5024,0.5024,0.5024,0.5024,0.0000,0.0000,-9.8559,0.0000,0.0000,0.0000
2106,8.4240,0.0000,-0.0000,-4.9528,0.0000,-0.0000,-5.0084,0.0000,-0.0000,0.0426,0.7071,0.7071,0.0000,0.0000,0.0000,0.0000,-0.0000,0.5025,0.5025,0.5025,0.5025,0.0000,0.0000,-9.8561,0.0000,0.0000,0.0000
2107,8.4280,0.0000,-0.0000,-4.9527,0.0000,-0.0000,-5.0083,0.0000,-0.0000,0.0424,0.7071,0.7071,0.0000,0.0000,0.0000,0.0000,-0.0000,0.5025,0.5025,0.5025,0.5025,0.0000,-0.0000,-9.8563,0.0000,0.0000,0.0000
2108,8.4320,0.0000,-0.0000,-4.9525,0.0000,-0.0000,-5.0081,0.0000,-0.0000,0.0423,0.7071,0.7071,0.0000,0.0000,0.0000,0.0000,-0.0000,0.5025,0.5025,0.5025,0.5025,0.0000,-0.0000,-9.8565,0.0000,0.0000,0.0000
2109,8.4360,0.0000,-0.0000,-4.9523,0.0000,-0.0000,-5.0080,0.0000,-0.0000,0.0421,0.7071,0.7071,0.0000,0.0000,0.0000,0.0000,-0.0000,0.5025,0.5025,0.5025,0.5025,0.0000,-0.0000,-9.8566,0.0000,0.0000,0.0000
2110,8.4400,0.0000,-0.0000,-4.9522,0.0000,-0.0000,-5.0079,0.0000,-0.0000,0.0419,0.7071,0.7071,0.0000,0.0000,0.0000,0.0000,-0.0000,0.5025,0.5025,0.5025,0.5025,0.0000,0.0000,-9.8568,0.0000,0.0000,0.0000
2111,8.4440,0.0000,-0.0000,-4.9520,0.0000,-0.0000,-5.0077,0.0000,-0.0000,0.0417,0.7071,0.7071,0.0000,0.0000,0.0000,0.0000,-0.0000,0.5025,0.5025,0.5025,0.5025,0.0000,0.0000,-9.8570,0.0000,0.0000,0.0000
2112,8.4480,0.0000,-0.0000,-4.9518,0.0000,-0.0000,-5.0076,0.0000,-0.0000,0.0415,0.7071,0.7071,0.0000,0.0000,0.0000,0.0000,-0.0000,0.5025,0.5025,0.5025,0.5025,0.0000,-0.0000,-9.8572,0.0000,0.0000,0.0000
2113,8.4520,0.0000,-0.0000,-4.9517,0.0000,-0.0000,-5.0075,0.0000,-0.0000,0.0413,0.7071,0.7071,0.0000,0.0000,0.0000,0.0000,-0.0000,0.5025,0.5025,0.5025,0.5025,0.0000,0.0000,-9.8573,0.0000,0.0000,0.0000
2114,8.4560,0.0000,-0.0000,-4.9515,0.0000,-0.0000,-5.0073,0.0000,-0.0000,0.0411,0.7071,0.7071,0.0000,0.0000,0.0000,0.0000,-0.0000,0.5025,0.5025,0.5025,0.5025,0.0000,0.0000,-9.8575,0.0000,0.0000,0.0000
2115,8.4600,0.0000,-0.0000,-4.9513,0.0000,-0.0000,-5.0072,0.0000,-0.0000,0.0409,0.7071,0.7071,0.0000,0.0000,0.0000,0.0000,-0.0000,0.5025,0.5025,0.5025,0.5025,0.0000,0.0000,-9.8577,0.0000,0.0000,0.0000
2116,8.4640,0.0000,-0.0000,-4.9512,0.0000,-0.0000,-5.0070,0.0000,-0.0000,0.0407,0.7071,0.7071,0.0000,0.0000,0.0000,0.0000,-0.0000,0.5025,0.5025,0.5025,0.5025,0.0000,0.0000,-9.8578,0.0000,0.0000,0.0000
2117,8.4680,0.0000,-0.0000,-4.9510,0.0000,-0.0000,-5.0069,0.0000,-0.0000,0.0405,0.7071,0.7071,0.0000,0.0000,0.0000,0.0000,-0.0000,0.5025,0.5025,0.5025,0.5025,0.0000,0.0000,-9.8580,0.0000,0.0000,0.0000
2118,8.4720,0.0000,-0.0000,-4.9509,0.0000,-0.0000,-5.0068,0.0000,-0.0000,0.0404,0.7071,0.7071,0.0000,0.0000,0.0000,0.0000,-0.0000,0.5026,0.5026,0.5026,0.5026,0.0000,-0.0000,-9.8582,0.0000,0.0000,0.0000
2119,8.4760,0.0000,-0.0000,-4.9507,0.0000,-0.0000,-5.0066,0.0000,-0.0000,0.0402,0.7071,0.7071,0.0000,0.0000,0.0000,0.0000,-0.0000,0.5026,0.5026,0.5026,0.5026,0.0000,0.0000,-9.8583,0.0000,0.0000,0.0000
2120,8.4800,0.0000,-0.0000,-4.9505,0.0000,-0.0000,-5.0065,0.0000,-0.0000,0.0400,0.7071,0.7071,0.0000,0.0000,0.0000,0.0000,-0.0000,0.5026,0.5026,0.5026,0.5026,0.0000,0.0000,-9.8585,0.0000,0.0000,0.0000
2121,8.4840,0.0000,-0.0000,-4.9504,0.0000,-0.0000,-5.0064,0.0000,-0.0000,0.0398,0.7071,0.7071,0.0000,0.0000,0.0000,0.0000,-0.0000,0.5026,0.5026,0.5026,0.5026,0.0000,0.0000,-9.8587,0.0000,0.0000,0.0000
2122,8.4880,0.0000,-0.0000,-4.9502,0.0000,-0.0000,-5.0062,0.0000,-0.0000,0.0396,0.7071,0.7071,0.0000,0.0000,0.0000,0.0000,-0.0000,0.5026,0.5026,0.5026,0.5026,0.0000,0.0000,-9.8588,0.0000,0.0000,0.0000
2123,8.4920,0.0000,-0.0000,-4.9501,0.0000,-0.0000,-5.0061,0.0000,-0.0000,0.0394,0.7071,0.7071,0.0000,0.0000,0.0000,0.0000,-0.0000,0.5026,0.5026,0.5026,0.5026,0.0000,-0.0000,-9.8590,0.0000,0.0000,0.0000
2124,8.4960,0.0000,-0.0000,-4.9499,0.0000,-0.0000,-5.0059,0.0000,-0.0000,0.0392,0.7071,0.7071,0.0000,0.0000,0.0000,0.0000,-0.0000,0.5026,0.5026,0.5026,0.5026,0.0000,0.0000,-9.8592,0.0000,0.0000,0.0000
2125,8.5000,0.0000,-0.0000,-4.9498,0.0000,-0.0000,-5.0058,0.0000,-0.0000,0.0390,0.7071,0.7071,0.0000,0.0000,0.0000,0.0000,-0.0000,0.5026,0.5026,0.5026,0.5026,0.0000,-0.0000,-9.8593,0.0000,0.0000,0.0000
2126,8.5040,0.0000,-0.0000,-4.9496,0.0000,-0.0000,-5.0057,0.0000,-0.0000,0.0388,0.7071,0.7071,0.0000,0.0000,0.0000,0.0000,-0.0000,0.5026,0.5026,0.5026,0.5026,0.0000,-0.0000,-9.8595,0.0000,0.0000,0.0000
2127,8.5080,0.0000,-0.0000,-4.9494,0.0000,-0.0000,-5.0055,0.0000,-0.0000,0.0386,0.7071,0.7071,0.0000,0.0000,0.0000,0.0000,-0.0000,0.5026,0.5026,0.5026,0.5026,0.0000,0.0000,-9.8596,0.0000,0.0000,0.0000
2128,8.5120,0.0000,-0.0000,-4.9493,0.0000,-0.0000,-5.0054,0.0000,-0.0000,0.0384,0.7071,0.7071,0.0000,0.0000,0.0000,0.0000,-0.0000,0.5026,0.5026,0.5026,0.5026,0.0000,0.0000,-9.8598,0.0000,0.0000,0.0000
2129,8.5160,0.0000,-0.0000,-4.9491,0.0000,-0.0000,-5.0052,0.0000,-0.0000,0.0382,0.7071,0.7071,0.0000,0.0000,0.0000,0.0000,-0.0000,0.5026,0.5026,0.5026,0.5026,0.0000,0.0000,-9.8600,0.0000,0.0000,0.0000
2130,8.5200,0.0000,-0.0000,-4.9490,0.0000,-0.0000,-5.0051,0.0000,-0.0000,0.0380,0.7071,0.7071,0.0000,0.0000,0.0000,0.0000,-0.0000,0.5027,0.5027,0.5027,0.5027,0.0000,-0.0000,-9.8601,0.0000,0.0000,0.0000
2131,8.5240,0.0000,-0.0000,-4.9488,0.0000,-0.0000,-5.0050,0.0000,-0.0000,0.0378,0.7071,0.7071,0.0000,0.0000,0.0000,0.0000,-0.0000,0.5027,0.5027,0.5027,0.5027,0.0000,-0.0000,-9.8603,0.0000,0.0000,0.0000
2132,8.5280,0.0000,-0.0000,-4.9487,0.0000,-0.0000,-5.0048,0.0000,-0.0000,0.0376,0.7071,0.7071,0.0000,0.0000,0.0000,0.0000,-0.0000,0.5027,0.5027,0.5027,0.5027,0.0000,-0.0000,-9.8604,0.0000,0.0000,0.0000
2133,8.5320,0.0000,-0.0000,-4.9485,0.0000,-0.0000,-5.0047,0.0000,-0.0000,0.0374,0.7071,0.7071,0.0000,0.0000,0.0000,0.0000,-0.0000,0.5027,0.5027,0.5027,0.5027,0.0000,0.0000,-9.8606,0.0000,0.0000,0.0000
2134,8.5360,0.0000,-0.0000,-4.9484,0.0000,-0.0000,-5.0045,0.0000,-0.0000,0.0372,0.7071,0.7071,0.0000,0.0000,0.0000,0.0000,-0.0000,0.5027,0.5027,0.5027,0.5027,0.0000,-0.0000,-9.8607,0.0000,0.0000,0.0000
2135,8.5400,0.0000,-0.0000,-4.9482,0.0000,-0.0000,-5.0044,0.0000,-0.0000,0.0370,0.7071,0.7071,0.0000,0.0000,0.0000,0.0000,-0.0000,0.5027,0.5027,0.5027,0.5027,0.0000,0.0000,-9.8609,0.0000,0.0000,0.0000
2136,8.5440,0.0000,-0.0000,-4.9481,0.0000,-0.0000,-5.0043,0.0000,-0.0000,0.0368,0.7071,0.7071,0.0000,0.0000,0.0000,0.0000,-0.0000,0.5027,0.5027,0.5027,0.5027,0.0000,0.0000,-9.8610,0.0000,0.0000,0.0000
2137,8.5480,0.0000,-0.0000,-4.9479,0.0000,-0.0000,-5.0041,0.0000,-0.0000,0.0366,0.7071,0.7071,0.0000,0.0000,0.0000,0.0000,-0.0000,0.5027,0.5027,0.5027,0.5027,0.0000,-0.0000,-9.8612,0.0000,0.0000,0.0000
2138,8.5520,0.0000,-0.0000,-4.9478,0.0000,-0.0000,-5.0040,0.0000,-0.0000,0.0364,0.7071,0.7071,0.0000,0.0000,0.0000,0.0000,-0.0000,0.5027,0.5027,0.5027,0.5027,0.0000,-0.0000,-9.8613,0.0000,0.0000,0.0000
2139,8.5560,0.0000,-0.0000,-4.9477,0.0000,-0.0000,-5.0038,0.0000,-0.0000,0.0361,0.7071,0.7071,0.0000,0.0000,0.0000,0.0000,-0.0000,0.5027,0.5027,0.5027,0.5027,0.0000,0.0000,-9.8615,0.0000,0.0000,0.0000
2140,8.5600,0.0000,-0.0000,-4.9475,0.0000,-0.0000,-5.0037,0.0000,-0.0000,0.0359,0.7071,0.7071,0.0000,0.0000,0.0000,0.0000,-0.0000,0.5027,0.5027,0.5027,0.5027,0.0000,0.0000,-9.8616,0.0000,0.0000,0.0000
2141,8.5640,0.0000,-0.0000,-4.9474,0.0000,-0.0000,-5.0036,0.0000,-0.0000,0.0357,0.7071,0.7071,0.0000,0.0000,0.0000,0.0000,-0.0000,0.5027,0.5027,0.5027,0.5027,0.0000,0.0000,-9.8618,0.0000,0.0000,0.0000
2142,8.5680,0.0000,-0.0000,-4.9472,0.0000,-0.0000,-5.0034,0.0000,-0.0000,0.0355,0.7071,0.7071,0.0000,0.0000,0.0000,0.0000,-0.0000,0.5027,0.5027,0.5027,0.5027,0.0000,0.0000,-9.8619,0.0000,0.0000,0.0000
2143,8.5720,0.0000,-0.0000,-4.9471,0.0000,-0.0000,-5.0033,0.0000,-0.0000,0.0353,0.7071,0.7071,0.0000,0.0000,0.0000,0.0000,-0.0000,0.5027,0.5027,0.5027,0.5027,0.0000,-0.0000,-9.8621,0.0000,0.0000,0.0000
2144,8.5760,0.0000,-0.0000,-4.9469,0.0000,-0.0000,-5.0031,0.0000,-0.0000,0.0351,0.7071,0.7071,0.0000,0.0000,0.0000,0.0000,-0.0000,0.5028,0.5028,0.5028,0.5028,0.0000,0.0000,-9.8622,0.0000,0.0000,0.0000
2145,8.5800,0.0000,-0.0000,-4.9468,0.0000,-0.0000,-5.0030,0.0000,-0.0000,0.0349,0.7071,0.7071,0.0000,0.0000,0.0000,0.0000,-0.0000,0.5028,0.5028,0.5028,0.5028,0.0000,-0.0000,-9.8624,0.0000,0.0000,0.0000
2146,8.5840,0.0000,-0.0000,-4.9467,0.0000,-0.0000,-5.0029,0.0000,-0.0000,0.0347,0.7071,0.7071,0.0000,0.0000,0.0000,0.0000,-0.0000,0.5028,0.5028,0.5028,0.5028,0.0000,-0.0000,-9.8625,0.0000,0.0000,0.0000
2147,8.5880,0.0000,-0.0000,-4.9465,0.0000,-0.0000,-5.0027,0.0000,-0.0000,0.0345,0.7071,0.7071,0.0000,0.0000,0.0000,0.0000,-0.0000,0.5028,0.5028,0.5028,0.5028,0.0000,-0.0000,-9.8627,0.0000,0.0000,0.0000
2148,8.5920,0.0000,-0.0000,-4.9464,0.0000,-0.0000,-5.0026,0.0000,-0.0000,0.0343,0.7071,0.7071,0.0000,0.0000,0.0000,0.0000,-0.0000,0.5028,0.5028,0.5028,0.5028,0.0000,0.0000,-9.8628,0.0000,0.0000,0.0000
2149,8.5960,0.0000,-0.0000,-4.9463,0.0000,-0.0000,-5.0024,0.0000,-0.0000,0.0340,0.7071,0.7071,0.0000,0.0000,0.0000,0.0000,-0.0000,0.5028,0.5028,0.5028,0.5028,0.0000,-0.0000,-9.8630,0.0000,0.0000,0.0000
2150,8.6000,0.0000,-0.0000,-4.9461,0.0000,-0.0000,-5.0023,0.0000,-0.0000,0.0338,0.7071,0.7071,0.0000,0.0000,0.0000,0.0000,-0.0000,0.5028,0.5028,0.5028,0.5028,0.0000,0.0000,-9.8631,0.0000,0.0000,0.0000
2151,8.6040,0.0000,-0.0000,-4.9460,0.0000,-0.0000,-5.0021,0.0000,-0.0000,0.0336,0.7071,0.7071,0.0000,0.0000,0.0000,0.0000,-0.0000,0.5028,0.5028,0.5028,0.5028,0.0000,0.0000,-9.8632,0.0000,0.0000,0.0000
2152,8.6080,0.0000,-0.0000,-4.9459,0.0000,-0.0000,-5.0020,0.0000,-0.0000,0.0334,0.7071,0.7071,0.0000,0.0000,0.0000,0.0000,-0.0000,0.5028,0.5028,0.5028,0.5028,0.0000,0.0000,-9.8634,0.0000,0.0000,0.0000
2153,8.6120,0.0000,-0.0000,-4.9457,0.0000,-0.0000,-5.0019,0.0000,-0.0000,0.0332,0.7071,0.7071,0.0000,0.0000,0.0000,0.0000,-0.0000,0.5028,0.5028,0.5028,0.5028,0.0000,0.0000,-9.8635,0.0000,0.0000,0.0000
2154,8.6160,0.0000,-0.0000,-4.9456,0.0000,-0.0000,-5.0017,0.0000,-0.0000,0.0330,0.7071,0.7071,0.0000,0.0000,0.0000,0.0000,-0.0000,0.5028,0.5028,0.5028,0.5028,0.0000,0.0000,-9.8636,0.0000,0.0000,0.0000
2155,8.6200,0.0000,-0.0000,-4.9455,0.0000,-0.0000,-5.0016,0.0000,-0.0000,0.0328,0.7071,0.7071,0.0000,0.0000,0.0000,0.0000,-0.0000,0.5028,0.5028,0.5028,0.5028,0.0000,-0.0000,-9.8638,0.0000,0.0000,0.0000
2156,8.6240,0.0000,-0.0000,-4.9453,0.0000,-0.0000,-5.0014,0.0000,-0.0000,0.0325,0.7071,0.7071,0.0000,0.0000,0.0000,0.0000,-0.0000,0.5028,0.5028,0.5028,0.5028,0.0000,-0.0000,-9.8639,0.0000,0.0000,0.0000
2157,8.6280,0.0000,-0.0000,-4.9452,0.0000,-0.0000,-5.0013,0.0000,-0.0000,0.0323,0.7071,0.7071,0.0000,0.0000,0.0000,0.0000,-0.0000,0.5028,0.5028,0.5028,0.5028,0.0000,-0.0000,-9.8641,0.0000,0.0000,0.0000
2158,8.6320,0.0000,-0.0000,-4.9451,0.0000,-0.0000,-5.0012,0.0000,-0.0000,0.0321,0.7071,0.7071,0.0000,0.0000,0.0000,0.0000,-0.0000,0.5028,0.5028,0.5028,0.5028,0.0000,0.0000,-9.8642,0.0000,0.0000,0.0000
2159,8.6360,0.0000,-0.0000,-4.9449,0.0000,-0.0000,-5.0010,0.0000,-0.0000,0.0319,0.7071,0.7071,0.0000,0.0000,0.0000,0.0000,-0.0000,0.5029,0.5029,0.5029,0.5029,0.0000,-0.0000,-9.8643,0.0000,0.0000,0.0000
2160,8.6400,0.0000,-0.0000,-4.9448,0.0000,-0.0000,-5.0009,0.0000,-0.0000,0.0317,0.7071,0.7071,0.0000,0.0000,0.0000,0.0000,-0.0000,0.5029,0.5029,0.5029,0.5029,0.0000,-0.0000,-9.8645,0.0000,0.0000,0.0000
2161,8.6440,0.0000,-0.0000,-4.9447,0.0000,-0.0000,-5.0007,0.0000,-0.0000,0.0315,0.7071,0.7071,0.0000,0.0000,0.0000,0.0000,-0.0000,0.5029,0.5029,0.5029,0.5029,0.0000,0.0000,-9.8646,0.0000,0.0000,0.0000
2162,8.6480,0.0000,-0.0000,-4.9446,0.0000,-0.0000,-5.0006,0.0000,-0.0000,0.0312,0.7071,0.7071,0.0000,0.0000,0.0000,0.0000,-0.0000,0.5029,0.5029,0.5029,0.5029,0.0000,-0.0000,-9.8647,0.0000,0.0000,0.0000
2163,8.6520,0.0000,-0.0000,-4.9444,0.0000,-0.0000,-5.0005,0.0000,-0.0000,0.0310,0.7071,0.7071,0.0000,0.0000,0.0000,0.0000,-0.0000,0.5029,0.5029,0.5029,0.5029,0.0000,0.0000,-9.8648,0.0000,0.0000,0.0000
2164,8.6560,0.0000,-0.0000,-4.9443,0.0000,-0.0000,-5.0003,0.0000,-0.0000,0.0308,0.7071,0.7071,0.0000,0.0000,0.0000,0.0000,-0.0000,0.5029,0.5029,0.5029,0.5029,0.0000,-0.0000,-9.8650,0.0000,0.0000,0.0000
2165,8.6600,0.0000,-0.0000,-4.9442,0.0000,-0.0000,-5.0002,0.0000,-0.0000,0.0306,0.7071,0.7071,0.0000,0.0000,0.0000,0.0000,-0.0000,0.5029,0.5029,0.5029,0.5029,0.0000,-0.0000,-9.8651,0.0000,0.0000,0.0000
2166,8.6640,0.0000,-0.0000,-4.9441,0.0000,-0.0000,-5.0000,0.0000,-0.0000,0.0304,0.7071,0.7071,0.0000,0.0000,0.0000,0.0000,-0.0000,0.5029,0.5029,0.5029,0.5029,0.0000,0.0000,-9.8652,0.0000,0.0000,0.0000
2167,8.6680,0.0000,-0.0000,-4.9440,0.0000,-0.0000,-4.9999,0.0000,-0.0000,0.0301,0.7071,0.7071,0.0000,0.0000,0.0000,0.0000,-0.0000,0.5029,0.5029,0.5029,0.5029,0.0000,0.0000,-9.8654,0.0000,0.0000,0.0000
2168,8.6720,0.0000,-0.0000,-4.9438,0.0000,-0.0000,-4.9997,0.0000,-0.0000,0.0299,0.7071,0.7071,0.0000,0.0000,0.0000,0.0000,-0.0000,0.5029,0.5029,0.5029,0.5029,0.0000,-0.0000,-9.8655,0.0000,0.0000,0.0000
2169,8.6760,0.0000,-0.0000,-4.9437,0.0000,-0.0000,-4.9996,0.0000,-0.0000,0.0297,0.7071,0.7071,0.0000,0.0000,0.0000,0.0000,-0.0000,0.5029,0.5029,0.5029,0.5029,0.0000,-0.0000,-9.8656,0.0000,0.0000,0.0000
2170,8.6800,0.0000,-0.0000,-4.9436,0.0000,-0.0000,-4.9995,0.0000,-0.0000,0.0295,0.7071,0.7071,0.0000,0.0000,0.0000,0.0000,-0.0000,0.5029,0.5029,0.5029,0.5029,0.0000,0.0000,-9.8657,0.0000,0.0000,0.0000
2171,8.6840,0.0000,-0.0000,-4.9435,0.0000,-0.0000,-4.9993,0.0000,-0.0000,0.0292,0.7071,0.7071,0.0000,0.0000,0.0000,0.0000,-0.0000,0.5029,0.5029,0.5029,0.5029,0.0000,-0.0000,-9.8658,0.0000,0.0000,0.0000
2172,8.6880,0.0000,-0.0000,-4.9434,0.0000,-0.0000,-4.9992,0.0000,-0.0000,0.0290,0.7071,0.7071,0.0000,0.0000,0.0000,0.0000,-0.0000,0.5029,0.5029,0.5029,0.5029,0.0000,0.0000,-9.8660,0.0000,0.0000,0.0000
2173,8.6920,0.0000,-0.0000,-4.9432,0.0000,-0.0000,-4.9990,0.0000,-0.0000,0.0288,0.7071,0.7071,0.0000,0.0000,0.0000,0.0000,-0.0000,0.5029,0.5029,0.5029,0.5029,0.0000,-0.0000,-9.8661,0.0000,0.0000,0.0000
2174,8.6960,0.0000,-0.0000,-4.9431,0.0000,-0.0000,-4.9989,0.0000,-0.0000,0.0286,0.7071,0.7071,0.0000,0.0000,0.0000,0.0000,-0.0000,0.5029,0.5029,0.5029,0.5029,0.0000,-0.0000,-9.8662,0.0000,0.0000,0.0000
2175,8.7000,0.0000,-0.0000,-4.9430,0.0000,-0.0000,-4.9988,0.0000,-0.0000,0.0283,0.7071,0.7071,0.0000,0.0000,0.0000,0.0000,-0.0000,0.5029,0.5029,0.5029,0.5029,0.0000,0.0000,-9.8663,0.0000,0.0000,0.0000
2176,8.7040,0.0000,-0.0000,-4.9429,0.0000,-0.0000,-4.9986,0.0000,-0.0000,0.0281,0.7071,0.7071,0.0000,0.0000,0.0000,0.0000,-0.0000,0.5029,0.5029,0.5029,0.5029,0.0000,0.0000,-9.8664,0.0000,0.0000,0.0000
2177,8.7080,0.0000,-0.0000,-4.9428,0.0000,-0.0000,-4.9985,0.0000,-0.0000,0.0279,0.7071,0.7071,0.0000,0.0000,0.0000,0.0000,-0.0000,0.5030,0.5030,0.5030,0.5030,0.0000,0.0000,-9.8666,0.0000,0.0000,0.0000
2178,8.7120,0.0000,-0.0000,-4.9427,0.0000,-0.0000,-4.9983,0.0000,-0.0000,0.0277,0.7071,0.7071,0.0000,0.0000,0.0000,0.0000,-0.0000,0.5030,0.5030,0.5030,0.5030,0.0000,0.0000,-9.8667,0.0000,0.0000,0.0000
2179,8.7160,0.0000,-0.0000,-4.9426,0.0000,-0.0000,-4.9982,0.0000,-0.0000,0.0274,0.7071,0.7071,0.0000,0.0000,0.0000,0.0000,-0.0000,0.5030,0.5030,0.5030,0.5030,0.0000,0.0000,-9.8668,0.0000,0.0000,0.0000
2180,8.7200,0.0000,-0.0000,-4.9425,0.0000,-0.0000,-4.9980,0.0000,-0.0000,0.0272,0.7071,0.7071,0.0000,0.0000,0.0000,0.0000,-0.0000,0.5030,0.5030,0.5030,0.5030,0.0000,-0.0000,-9.8669,0.0000,0.0000,0.0000
2181,8.7240,0.0000,-0.0000,-4.9424,0.0000,-0.0000,-4.9979,0.0000,-0.0000,0.0270,0.7071,0.7071,0.0000,0.0000,0.0000,0.0000,-0.0000,0.5030,0.5030,0.5030,0.5030,0.0000,0.0000,-9.8670,0.0000,0.0000,0.0000
2182,8.7280,0.0000,-0.0000,-4.9423,0.0000,-0.0000,-4.9978,0.0000,-0.0000,0.0267,0.7071,0.7071,0.0000,0.0000,0.0000,0.0000,-0.0000,0.5030,0.5030,0.5030,0.5030,0.0000,-0.0000,-9.8671,0.0000,0.0000,0.0000
2183,8.7320,0.0000,-0.0000,-4.9421,0.0000,-0.0000,-4.9976,0.0000,-0.0000,0.0265,0.7071,0.7071,0.0000,0.0000,0.0000,0.0000,-0.0000,0.5030,0.5030,0.5030,0.5030,0.0000,0.0000,-9.8672,0.0000,0.0000,0.0000
2184,8.7360,0.0000,-0.0000,-4.9420,0.0000,-0.0000,-4.9975,0.0000,-0.0000,0.0263,0.7071,0.7071,0.0000,0.0000,0.0000,0.0000,-0.0000,0.5030,0.5030,0.5030,0.5030,0.0000,0.0000,-9.8674,0.0000,0.0000,0.0000
2185,8.7400,0.0000,-0.0000,-4.9419,0.0000,-0.0000,-4.9973,0.0000,-0.0000,0.0261,0.7071,0.7071,0.0000,0.0000,0.0000,0.0000,-0.0000,0.5030,0.5030,0.5030,0.5030,0.0000,-0.0000,-9.8675,0.0000,0.0000,0.0000
2186,8.7440,0.0000,-0.0000,-4.9418,0.0000,-0.0000,-4.9972,0.0000,-0.0000,0.0258,0.7071,0.7071,0.0000,0.0000,0.0000,0.0000,-0.0000,0.5030,0.5030,0.5030,0.5030,0.0000,0.0000,-9.8676,0.0000,0.0000,0.0000
2187,8.7480,0.0000,-0.0000,-4.9417,0.0000,-0.0000,-4.9971,0.0000,-0.0000,0.0256,0.7071,0.7071,0.0000,0.0000,0.0000,0.0000,-0.0000,0.5030,0.5030,0.5030,0.5030,0.0000,0.0000,-9.8677,0.0000,0.0000,0.0000
2188,8.7520,0.0000,-0.0000,-4.9416,0.0000,-0.0000,-4.9969,0.0000,-0.0000,0.0254,0.7071,0.7071,0.0000,0.0000,0.0000,0.0000,-0.0000,0.5030,0.5030,0.5030,0.5030,0.0000,0.0000,-9.8678,0.0000,0.0000,0.0000
2189,8.7560,0.0000,-0.0000,-4.9415,0.0000,-0.0000,-4.9968,0.0000,-0.0000,0.0251,0.7071,0.7071,0.0000,0.0000,0.0000,0.0000,-0.0000,0.5030,0.5030,0.5030,0.5030,0.0000,-0.0000,-9.8679,0.0000,0.0000,0.0000
2190,8.7600,0.0000,-0.0000,-4.9414,0.0000,-0.0000,-4.9966,0.0000,-0.0000,0.0249,0.7071,0.7071,0.0000,0.0000,0.0000,0.0000,-0.0000,0.5030,0.5030,0.5030,0.5030,0.0000,0.0000,-9.8680,0.0000,0.0000,0.0000
2191,8.7640,0.0000,-0.0000,-4.9413,0.0000,-0.0000,-4.9965,0.0000,-0.0000,0.0247,0.7071,0.7071,0.0000,0.0000,0.0000,0.0000,-0.0000,0.5030,0.5030,0.5030,0.5030,0.0000,0.0000,-9.8681,0.0000,0.0000,0.0000
2192,8.7680,0.0000,-0.0000,-4.9412,0.0000,-0.0000,-4.9964,0.0000,-0.0000,0.0244,0.7071,0.7071,0.0000,0.0000,0.0000,0.0000,-0.0000,0.5030,0.5030,0.5030,0.5030,0.0000,0.0000,-9.8682,0.0000,0.0000,0.0000
2193,8.7720,0.0000,-0.0000,-4.9411,0.0000,-0.0000,-4.9962,0.0000,-0.0000,0.0242,0.7071,0.7071,0.0000,0.0000,0.0000,0.0000,-0.0000,0.5030,0.5030,0.5030,0.5030,0.0000,-0.0000,-9.8683,0.0000,0.0000,0.0000
2194,8.7760,0.0000,-0.0000,-4.9410,0.0000,-0.0000,-4.9961,0.0000,-0.0000,0.0240,0.7071,0.7071,0.0000,0.0000,0.0000,0.0000,-0.0000,0.5030,0.5030,0.5030,0.5030,0.0000,0.0000,-9.8684,0.0000,0.0000,0.0000
2195,8.7800,0.0000,-0.0000,-4.9409,0.0000,-0.0000,-4.9959,0.0000,-0.0000,0.0237,0.7071,0.7071,0.0000,0.0000,0.0000,0.0000,-0.0000,0.5030,0.5030,0.5030,0.5030,0.0000,0.0000,-9.8685,0.0000,0.0000,0.0000
2196,8.7840,0.0000,-0.0000,-4.9409,0.0000,-0.0000,-4.9958,0.0000,-0.0000,0.0235,0.7071,0.7071,0.0000,0.0000,0.0000,0.0000,-0.0000,0.5030,0.5030,0.5030,0.5030,0.0000,-0.0000,-9.8686,0.0000,0.0000,0.0000
2197,8.7880,0.0000,-0.0000,-4.9408,0.0000,-0.0000,-4.9956,0.0000,-0.0000,0.0233,0.7071,0.7071,0.0000,0.0000,0.0000,0.0000,-0.0000,0.5031,0.5031,0.5031,0.5031,0.0000,-0.0000,-9.8687,0.0000,0.0000,0.0000
2198,8.7920,0.0000,-0.0000,-4.9407,0.0000,-0.0000,-4.9955,0.0000,-0.0000,0.0230,0.7071,0.7071,0.0000,0.0000,0.0000,0.0000,-0.0000,0.5031,0.5031,0.5031,0.5031,0.0000,0.0000,-9.8688,0.0000,0.0000,0.0000
2199,8.7960,0.0000,-0.0000,-4.9406,0.0000,-0.0000,-4.9954,0.0000,-0.0000,0.0228,0.7071,0.7071,0.0000,0.0000,0.0000,0.0000,-0.0000,0.5031,0.5031,0.5031,0.5031,0.0000,-0.0000,-9.8689,0.0000,0.0000,0.0000
2200,8.8000,0.0000,-0.0000,-4.9405,0.0000,-0.0000,-4.9952,0.0000,-0.0000,0.0226,0.7071,0.7071,0.0000,0.0000,0.0000,0.0000,-0.0000,0.5031,0.5031,0.5031,0.5031,0.0000,0.0000,-9.8690,0.0000,0.0000,0.0000
2201,8.8040,0.0000,-0.0000,-4.9404,0.0000,-0.0000,-4.9951,0.0000,-0.0000,0.0223,0.7071,0.7071,0.0000,0.0000,0.0000,0.0000,-0.0000,0.5031,0.5031,0.5031,0.5031,0.0000,-0.0000,-9.8691,0.0000,0.0000,0.0000
2202,8.8080,0.0000,-0.0000,-4.9403,0.0000,-0.0000,-4.9949,0.0000,-0.0000,0.0221,0.7071,0.7071,0.0000,0.0000,0.0000,0.0000,-0.0000,0.5031,0.5031,0.5031,0.5031,0.0000,-0.0000,-9.8692,0.0000,0.0000,0.0000
2203,8.8120,0.0000,-0.0000,-4.9402,0.0000,-0.0000,-4.9948,0.0000,-0.0000,0.0218,0.7071,0.7071,0.0000,0.0000,0.0000,0.0000,-0.0000,0.5031,0.5031,0.5031,0.5031,0.0000,-0.0000,-9.8693,0.0000,0.0000,0.0000
2204,8.8160,0.0000,-0.0000,-4.9401,0.0000,-0.0000,-4.9947,0.0000,-0.0000,0.0216,0.7071,0.7071,0.0000,0.0000,0.0000,0.0000,-0.0000,0.5031,0.5031,0.5031,0.5031,0.0000,-0.0000,-9.8694,0.0000,0.0000,0.0000
2205,8.8200,0.0000,-0.0000,-4.9400,0.0000,-0.0000,-4.9945,0.0000,-0.0000,0.0214,0.7071,0.7071,0.0000,0.0000,0.0000,0.0000,-0.0000,0.5031,0.5031,0.5031,0.5031,0.0000,-0.0000,-9.8695,0.0000,0.0000,0.0000
2206,8.8240,0.0000,-0.0000,-4.9400,0.0000,-0.0000,-4.9944,0.0000,-0.0000,0.0211,0.7071,0.7071,0.0000,0.0000,0.0000,0.0000,-0.0000,0.5031,0.5031,0.5031,0.5031,0.0000,0.0000,-9.8695,0.0000,0.0000,0.0000
2207,8.8280,0.0000,-0.0000,-4.9399,0.0000,-0.0000,-4.9942,0.0000,-0.0000,0.0209,0.7071,0.7071,0.0000,0.0000,0.0000,0.0000,-0.0000,0.5031,0.5031,0.5031,0.5031,0.0000,0.0000,-9.8696,0.0000,0.0000,0.0000
2208,8.8320,0.0000,-0.0000,-4.9398,0.0000,-0.0000,-4.9941,0.0000,-0.0000,0.0206,0.7071,0.7071,0.0000,0.0000,0.0000,0.0000,-0.0000,0.5031,0.5031,0.5031,0.5031,0.0000,0.0000,-9.8697,0.0000,0.0000,0.0000
2209,8.8360,0.0000,-0.0000,-4.9397,0.0000,-0.0000,-4.9940,0.0000,-0.0000,0.0204,0.7071,0.7071,0.0000,0.0000,0.0000,0.0000,-0.0000,0.5031,0.5031,0.5031,0.5031,0.0000,-0.0000,-9.8698,0.0000,0.0000,0.0000
2210,8.8400,0.0000,-0.0000,-4.9396,0.0000,-0.0000,-4.9938,0.0000,-0.0000,0.0202,0.7071,0.7071,0.0000,0.0000,0.0000,0.0000,-0.0000,0.5031,0.5031,0.5031,0.5031,0.0000,0.0000,-9.8699,0.0000,0.0000,0.0000
2211,8.8440,0.0000,-0.0000,-4.9396,0.0000,-0.0000,-4.9937,0.0000,-0.0000,0.0199,0.7071,0.7071,0.0000,0.0000,0.0000,0.0000,-0.0000,0.5031,0.5031,0.5031,0.5031,0.0000,-0.0000,-9.8700,0.0000,0.0000,0.0000
2212,8.8480,0.0000,-0.0000,-4.9395,0.0000,-0.0000,-4.9935,0.0000,-0.0000,0.0197,0.7071,0.7071,0.0000,0.0000,0.0000,0.0000,-0.0000,0.5031,0.5031,0.5031,0.5031,0.0000,-0.0000,-9.8701,0.0000,0.0000,0.0000
2213,8.8520,0.0000,-0.0000,-4.9394,0.0000,-0.0000,-4.9934,0.0000,-0.0000,0.0194,0.7071,0.7071,0.0000,0.0000,0.0000,0.0000,-0.0000,0.5031,0.5031,0.5031,0.5031,0.0000,-0.0000,-9.8701,0.0000,0.0000,0.0000
2214,8.8560,0.0000,-0.0000,-4.9393,0.0000,-0.0000,-4.9933,0.0000,-0.0000,0.0192,0.7071,0.7071,0.0000,0.0000,0.0000,0.0000,-0.0000,0.5031,0.5031,0.5031,0.5031,0.0000,-0.0000,-9.8702,0.0000,0.0000,0.0000
2215,8.8600,0.0000,-0.0000,-4.9392,0.0000,-0.0000,-4.9931,0.0000,-0.0000,0.0190,0.7071,0.7071,0.0000,0.0000,0.0000,0.0000,-0.0000,0.5031,0.5031,0.5031,0.5031,0.0000,-0.0000,-9.8703,0.0000,0.0000,0.0000
2216,8.8640,0.0000,-0.0000,-4.9392,0.0000,-0.0000,-4.9930,0.0000,-0.0000,0.0187,0.7071,0.7071,0.0000,0.0000,0.0000,0.0000,-0.0000,0.5031,0.5031,0.5031,0.5031,0.0000,0.0000,-9.8704,0.0000,0.0000,0.0000
2217,8.8680,0.0000,-0.0000,-4.9391,0.0000,-0.0000,-4.9929,0.0000,-0.0000,0.0185,0.7071,0.7071,0.0000,0.0000,0.0000,0.0000,-0.0000,0.5031,0.5031,0.5031,0.5031,0.0000,-0.0000,-9.8705,0.0000,0.0000,0.0000
2218,8.8720,0.0000,-0.0000,-4.9390,0.0000,-0.0000,-4.9927,0.0000,-0.0000,0.0182,0.7071,0.7071,0.0000,0.0000,0.0000,0.0000,-0.0000,0.5031,0.5031,0.5031,0.5031,0.0000,0.0000,-9.8705,0.0000,0.0000,0.0000
2219,8.8760,0.0000,-0.0000,-4.9390,0.0000,-0.0000,-4.9926,0.0000,-0.0000,0.0180,0.7071,0.7071,0.0000,0.0000,0.0000,0.0000,-0.0000,0.5031,0.5031,0.5031,0.5031,0.0000,-0.0000,-9.8706,0.0000,0.0000,0.0000
2220,8.8800,0.0000,-0.0000,-4.9389,0.0000,-0.0000,-4.9924,0.0000,-0.0000,0.0178,0.7071,0.7071,0.0000,0.0000,0.0000,0.0000,-0.0000,0.5031,0.5031,0.5031,0.5031,0.0000,0.0000,-9.8707,0.0000,0.0000,0.0000
2221,8.8840,0.0000,-0.0000,-4.9388,0.0000,-0.0000,-4.9923,0.0000,-0.0000,0.0175,0.7071,0.7071,0.0000,0.0000,0.0000,0.0000,-0.0000,0.5031,0.5031,0.5031,0.5031,0.0000,-0.0000,-9.8708,0.0000,0.0000,0.0000
2222,8.8880,0.0000,-0.0000,-4.9387,0.0000,-0.0000,-4.9922,0.0000,-0.0000,0.0173,0.7071,0.7071,0.0000,0.0000,0.0000,0.0000,-0.0000,0.5031,0.5031,0.5031,0.5031,0.0000,0.0000,-9.8709,0.0000,0.0000,0.0000
2223,8.8920,0.0000,-0.0000,-4.9387,0.0000,-0.0000,-4.9920,0.0000,-0.0000,0.0170,0.7071,0.7071,0.0000,0.0000,0.0000,0.0000,-0.0000,0.5032,0.5032,0.5032,0.5032,0.0000,0.0000,-9.8709,0.0000,0.0000,0.0000
2224,8.8960,0.0000,-0.0000,-4.9386,0.0000,-0.0000,-4.9919,0.0000,-0.0000,0.0168,0.7071,0.7071,0.0000,0.0000,0.0000,0.0000,-0.0000,0.5032,0.5032,0.5032,0.5032,0.0000,-0.0000,-9.8710,0.0000,0.0000,0.0000
2225,8.9000,0.0000,-0.0000,-4.9385,0.0000,-0.0000,-4.9917,0.0000,-0.0000,0.0165,0.7071,0.7071,0.0000,0.0000,0.0000,0.0000,-0.0000,0.5032,0.5032,0.5032,0.5032,0.0000,-0.0000,-9.8711,0.0000,0.0000,0.0000
2226,8.9040,0.0000,-0.0000,-4.9385,0.0000,-0.0000,-4.9916,0.0000,-0.0000,0.0163,0.7071,0.7071,0.0000,0.0000,0.0000,0.0000,-0.0000,0.5032,0.5032,0.5032,0.5032,0.0000,-0.0000,-9.8711,0.0000,0.0000,0.0000
2227,8.9080,0.0000,-0.0000,-4.9384,0.0000,-0.0000,-4.9915,0.0000,-0.0000,0.0160,0.7071,0.7071,0.0000,0.0000,0.0000,0.0000,-0.0000,0.5032,0.5032,0.5032,0.5032,0.0000,0.0000,-9.8712,0.0000,0.0000,0.0000
2228,8.9120,0.0000,-0.0000,-4.9383,0.0000,-0.0000,-4.9913,0.0000,-0.0000,0.0158,0.7071,0.7071,0.0000,0.0000,0.0000,0.0000,-0.0000,0.5032,0.5032,0.5032,0.5032,0.0000,0.0000,-9.8713,0.0000,0.0000,0.0000
2229,8.9160,0.0000,-0.0000,-4.9383,0.0000,-0.0000,-4.9912,0.0000,-0.0000,0.0155,0.7071,0.7071,0.0000,0.0000,0.0000,0.0000,-0.0000,0.5032,0.5032,0.5032,0.5032,0.0000,-0.0000,-9.8713,0.0000,0.0000,0.0000
2230,8.9200,0.0000,-0.0000,-4.9382,0.0000,-0.0000,-4.9911,0.0000,-0.0000,0.0153,0.7071,0.7071,0.0000,0.0000,0.0000,0.0000,-0.0000,0.5032,0.5032,0.5032,0.5032,0.0000,-0.0000,-9.8714,0.0000,0.0000,0.0000
2231,8.9240,0.0000,-0.0000,-4.9382,0.0000,-0.0000,-4.9909,0.0000,-0.0000,0.0151,0.7071,0.7071,0.0000,0.0000,0.0000,0.0000,-0.0000,0.5032,0.5032,0.5032,0.5032,0.0000,0.0000,-9.8715,0.0000,0.0000,0.0000
2232,8.9280,0.0000,-0.0000,-4.9381,0.0000,-0.0000,-4.9908,0.0000,-0.0000,0.0148,0.7071,0.7071,0.0000,0.0000,0.0000,0.0000,-0.0000,0.5032,0.5032,0.5032,0.5032,0.0000,0.0000,-9.8715,0.0000,0.0000,0.0000
2233,8.9320,0.0000,-0.0000,-4.9380,0.0000,-0.0000,-4.9906,0.0000,-0.0000,0.0146,0.7071,0.7071,0.0000,0.0000,0.0000,0.0000,-0.0000,0.5032,0.5032,0.5032,0.5032,0.0000,0.0000,-9.8716,0.0000,0.0000,0.0000
2234,8.9360,0.0000,-0.0000,-4.9380,0.0000,-0.0000,-4.9905,0.0000,-0.0000,0.0143,0.7071,0.7071,0.0000,0.0000,0.0000,0.0000,-0.0000,0.5032,0.5032,0.5032,0.5032,0.0000,0.0000,-9.8717,0.0000,0.0000,0.0000
2235,8.9400,0.0000,-0.0000,-4.9379,0.0000,-0.0000,-4.9904,0.0000,-0.0000,0.0141,0.7071,0.7071,0.0000,0.0000,0.0000,0.0000,-0.0000,0.5032,0.5032,0.5032,0.5032,0.0000,0.0000,-9.8717,0.0000,0.0000,0.0000
2236,8.9440,0.0000,-0.0000,-4.9379,0.0000,-0.0000,-4.9902,0.0000,-0.0000,0.0138,0.7071,0.7071,0.0000,0.0000,0.0000,0.0000,-0.0000,0.5032,0.5032,0.5032,0.5032,0.0000,0.0000,-9.8718,0.0000,0.0000,0.0000
2237,8.9480,0.0000,-0.0000,-4.9378,0.0000,-0.0000,-4.9901,0.0000,-0.0000,0.0136,0.7071,0.7071,0.0000,0.0000,0.0000,0.0000,-0.0000,0.5032,0.5032,0.5032,0.5032,0.0000,0.0000,-9.8718,0.0000,0.0000,0.0000
2238,8.9520,0.0000,-0.0000,-4.9378,0.0000,-0.0000,-4.9900,0.0000,-0.0000,0.0133,0.7071,0.7071,0.0000,0.0000,0.0000,0.0000,-0.0000,0.5032,0.5032,0.5032,0.5032,0.0000,-0.0000,-9.8719,0.0000,0.0000,0.0000
2239,8.9560,0.0000,-0.0000,-4.9377,0.0000,-0.0000,-4.9898,0.0000,-0.0000,0.0131,0.7071,0.7071,0.0000,0.0000,0.0000,0.0000,-0.0000,0.5032,0.5032,0.5032,0.5032,0.0000,0.0000,-9.8720,0.0000,0.0000,0.0000
2240,8.9600,0.0000,-0.0000,-4.9377,0.0000,-0.0000,-4.9897,0.0000,-0.0000,0.0128,0.7071,0.7071,0.0000,0.0000,0.0000,0.0000,-0.0000,0.5032,0.5032,0.5032,0.5032,0.0000,-0.0000,-9.8720,0.0000,0.0000,0.0000
2241,8.9640,0.0000,-0.0000,-4.9376,0.0000,-0.0000,-4.9896,0.0000,-0.0000,0.0126,0.7071,0.7071,0.0000,0.0000,0.0000,0.0000,-0.0000,0.5032,0.5032,0.5032,0.5032,0.0000,-0.0000,-9.8721,0.0000,0.0000,0.0000
2242,8.9680,0.0000,-0.0000,-4.9376,0.0000,-0.0000,-4.9894,0.0000,-0.0000,0.0123,0.7071,0.7071,0.0000,0.0000,0.0000,0.0000,-0.0000,0.5032,0.5032,0.5032,0.5032,0.0000,-0.0000,-9.8721,0.0000,0.0000,0.0000
2243,8.9720,0.0000,-0.0000,-4.9375,0.0000,-0.0000,-4.9893,0.0000,-0.0000,0.0121,0.7071,0.7071,0.0000,0.0000,0.0000,0.0000,-0.0000,0.5032,0.5032,0.5032,0.5032,0.0000,0.0000,-9.8722,0.0000,0.0000,0.0000
2244,8.9760,0.0000,-0.0000,-4.9375,0.0000,-0.0000,-4.9892,0.0000,-0.0000,0.0118,0.7071,0.7071,0.0000,0.0000,0.0000,0.0000,-0.0000,0.5032,0.5032,0.5032,0.5032,0.0000,-0.0000,-9.8722,0.0000,0.0000,0.0000
2245,8.9800,0.0000,-0.0000,-4.9374,0.0000,-0.0000,-4.9890,0.0000,-0.0000,0.0116,0.7071,0.7071,0.0000,0.0000,0.0000,0.0000,-0.0000,0.5032,0.5032,0.5032,0.5032,0.0000,-0.0000,-9.8723,0.0000,0.0000,0.0000
2246,8.9840,0.0000,-0.0000,-4.9374,0.0000,-0.0000,-4.9889,0.0000,-0.0000,0.0113,0.7071,0.7071,0.0000,0.0000,0.0000,0.0000,-0.0000,0.5032,0.5032,0.5032,0.5032,0.0000,-0.0000,-9.8723,0.0000,0.0000,0.0000
2247,8.9880,0.0000,-0.0000,-4.9373,0.0000,-0.0000,-4.9887,0.0000,-0.0000,0.0111,0.7071,0.7071,0.0000,0.0000,0.0000,0.0000,-0.0000,0.5032,0.5032,0.5032,0.5032,0.0000,0.0000,-9.8724,0.0000,0.0000,0.0000
2248,8.9920,0.0000,-0.0000,-4.9373,0.0000,-0.0000,-4.9886,0.0000,-0.0000,0.0108,0.7071,0.7071,0.0000,0.0000,0.0000,0.0000,-0.0000,0.5032,0.5032,0.5032,0.5032,0.0000,0.0000,-9.8724,0.0000,0.0000,0.0000
2249,8.9960,0.0000,-0.0000,-4.9373,0.0000,-0.0000,-4.9885,0.0000,-0.0000,0.0106,0.7071,0.7071,0.0000,0.0000,0.0000,0.0000,-0.0000,0.5032,0.5032,0.5032,0.5032,0.0000,0.0000,-9.8725,0.0000,0.0000,0.0000
2250,9.0000,0.0000,-0.0000,-4.9372,0.0000,-0.0000,-4.9883,0.0000,-0.0000,0.0103,0.7071,0.7071,0.0000,0.0000,0.0000,0.0000,-0.0000,0.5032,0.5032,0.5032,0.5032,0.0000,-0.0000,-9.8725,0.0000,0.0000,0.0000
2251,9.0040,0.0000,-0.0000,-4.9372,0.0000,-0.0000,-4.9882,0.0000,-0.0000,0.0101,0.7071,0.7071,0.0000,0.0000,0.0000,0.0000,-0.0000,0.5032,0.5032,0.5032,0.5032,0.0000,0.0000,-9.8726,0.0000,0.0000,0.0000
2252,9.0080,0.0000,-0.0000,-4.9371,0.0000,-0.0000,-4.9881,0.0000,-0.0000,0.0098,0.7071,0.7071,0.0000,0.0000,0.0000,0.0000,-0.0000,0.5032,0.5032,0.5032,0.5032,0.0000,-0.0000,-9.8726,0.0000,0.0000,0.0000
2253,9.0120,0.0000,-0.0000,-4.9371,0.0000,-0.0000,-4.9879,0.0000,-0.0000,0.0096,0.7071,0.7071,0.0000,0.0000,0.0000,0.0000,-0.0000,0.5032,0.5032,0.5032,0.5032,0.0000,0.0000,-9.8727,0.0000,0.0000,0.0000
2254,9.0160,0.0000,-0.0000,-4.9371,0.0000,-0.0000,-4.9878,0.0000,-0.0000,0.0093,0.7071,0.7071,0.0000,0.0000,0.0000,0.0000,-0.0000,0.5032,0.5032,0.5032,0.5032,0.0000,0.0000,-9.8727,0.0000,0.0000,0.0000
2255,9.0200,0.0000,-0.0000,-4.9370,0.0000,-0.0000,-4.9877,0.0000,-0.0000,0.0091,0.7071,0.7071,0.0000,0.0000,0.0000,0.0000,-0.0000,0.5032,0.5032,0.5032,0.5032,0.0000,0.0000,-9.8727,0.0000,0.0000,0.0000
2256,9.0240,0.0000,-0.0000,-4.9370,0.0000,-0.0000,-4.9875,0.0000,-0.0000,0.0088,0.7071,0.7071,0.0000,0.0000,0.0000,0.0000,-0.0000,0.5032,0.5032,0.5032,0.5032,0.0000,0.0000,-9.8728,0.0000,0.0000,0.0000
2257,9.0280,0.0000,-0.0000,-4.9369,0.0000,-0.0000,-4.9874,0.0000,-0.0000,0.0086,0.7071,0.7071,0.0000,0.0000,0.0000,0.0000,-0.0000,0.5032,0.5032,0.5032,0.5032,0.0000,-0.0000,-9.8728,0.0000,0.0000,0.0000
2258,9.0320,0.0000,-0.0000,-4.9369,0.0000,-0.0000,-4.9873,0.0000,-0.0000,0.0083,0.7071,0.7071,0.0000,0.0000,0.0000,0.0000,-0.0000,0.5032,0.5032,0.5032,0.5032,0.0000,-0.0000,-9.8729,0.0000,0.0000,0.0000
2259,9.0360,0.0000,-0.0000,-4.9369,0.0000,-0.0000,-4.9871,0.0000,-0.0000,0.0081,0.7071,0.7071,0.0000,0.0000,0.0000,0.0000,-0.0000,0.5032,0.5032,0.5032,0.5032,0.0000,-0.0000,-9.8729,0.0000,0.0000,0.0000
2260,9.0400,0.0000,-0.0000,-4.9369,0.0000,-0.0000,-4.9870,0.0000,-0.0000,0.0078,0.7071,0.7071,0.0000,0.0000,0.0000,0.0000,-0.0000,0.5032,0.5032,0.5032,0.5032,0.0000,0.0000,-9.8729,0.0000,0.0000,0.0000
2261,9.0440,0.0000,-0.0000,-4.9368,0.0000,-0.0000,-4.9869,0.0000,-0.0000,0.0076,0.7071,0.7071,0.0000,0.0000,0.0000,0.0000,-0.0000,0.5032,0.5032,0.5032,0.5032,0.0000,0.0000,-9.8730,0.0000,0.0000,0.0000
2262,9.0480,0.0000,-0.0000,-4.9368,0.0000,-0.0000,-4.9867,0.0000,-0.0000,0.0073,0.7071,0.7071,0.0000,0.0000,0.0000,0.0000,-0.0000,0.5032,0.5032,0.5032,0.5032,0.0000,-0.0000,-9.8730,0.0000,0.0000,0.0000
2263,9.0520,0.0000,-0.0000,-4.9368,0.0000,-0.0000,-4.9866,0.0000,-0.0000,0.0071,0.7071,0.7071,0.0000,0.0000,0.0000,0.0000,-0.0000,0.5032,0.5032,0.5032,0.5032,0.0000,-0.0000,-9.8730,0.0000,0.0000,0.0000
2264,9.0560,0.0000,-0.0000,-4.9367,0.0000,-0.0000,-4.9865,0.0000,-0.0000,0.0068,0.7071,0.7071,0.0000,0.0000,0.0000,0.0000,-0.0000,0.5032,0.5032,0.5032,0.5032,0.0000,0.0000,-9.8731,0.0000,0.0000,0.0000
2265,9.0600,0.0000,-0.0000,-4.9367,0.0000,-0.0000,-4.9864,0.0000,-0.0000,0.0066,0.7071,0.7071,0.0000,0.0000,0.0000,0.0000,-0.0000,0.5032,0.5032,0.5032,0.5032,0.0000,0.0000,-9.8731,0.0000,0.0000,0.0000
2266,9.0640,0.0000,-0.0000,-4.9367,0.0000,-0.0000,-4.9862,0.0000,-0.0000,0.0063,0.7071,0.7071,0.0000,0.0000,0.0000,0.0000,-0.0000,0.5032,0.5032,0.5032,0.5032,0.0000,-0.0000,-9.8731,0.0000,0.0000,0.0000
2267,9.0680,0.0000,-0.0000,-4.9367,0.0000,-0.0000,-4.9861,0.0000,-0.0000,0.0061,0.7071,0.7071,0.0000,0.0000,0.0000,0.0000,-0.0000,0.5032,0.5032,0.5032,0.5032,0.0000,0.0000,-9.8732,0.0000,0.0000,0.0000
2268,9.0720,0.0000,-0.0000,-4.9366,0.0000,-0.0000,-4.9860,0.0000,-0.0000,0.0058,0.7071,0.7071,0.0000,0.0000,0.0000,0.0000,-0.0000,0.5032,0.5032,0.5032,0.5032,0.0000,0.0000,-9.8732,0.0000,0.0000,0.0000
2269,9.0760,0.0000,-0.0000,-4.9366,0.0000,-0.0000,-4.9858,0.0000,-0.0000,0.0056,0.7071,0.7071,0.0000,0.0000,0.0000,0.0000,-0.0000,0.5032,0.5032,0.5032,0.5032,0.0000,-0.0000,-9.8732,0.0000,0.0000,0.0000
2270,9.0800,0.0000,-0.0000,-4.9366,0.0000,-0.0000,-4.9857,0.0000,-0.0000,0.0053,0.7071,0.7071,0.0000,0.0000,0.0000,0.0000,-0.0000,0.5032,0.5032,0.5032,0.5032,0.0000,-0.0000,-9.8732,0.0000,0.0000,0.0000
2271,9.0840,0.0000,-0.0000,-4.9366,0.0000,-0.0000,-4.9856,0.0000,-0.0000,0.0050,0.7071,0.7071,0.0000,0.0000,0.0000,0.0000,-0.0000,0.5032,0.5032,0.5032,0.5032,0.0000,0.0000,-9.8733,0.0000,0.0000,0.0000
2272,9.0880,0.0000,-0.0000,-4.9366,0.0000,-0.0000,-4.9854,0.0000,-0.0000,0.0048,0.7071,0.7071,0.0000,0.0000,0.0000,0.0000,-0.0000,0.5032,0.5032,0.5032,0.5032,0.0000,0.0000,-9.8733,0.0000,0.0000,0.0000
2273,9.0920,0.0000,-0.0000,-4.9365,0.0000,-0.0000,-4.9853,0.0000,-0.0000,0.0045,0.7071,0.7071,0.0000,0.0000,0.0000,0.0000,-0.0000,0.5032,0.5032,0.5032,0.5032,0.0000,0.0000,-9.8733,0.0000,0.0000,0.0000
2274,9.0960,0.0000,-0.0000,-4.9365,0.0000,-0.0000,-4.9852,0.0000,-0.0000,0.0043,0.7071,0.7071,0.0000,0.0000,0.0000,0.0000,-0.0000,0.5032,0.5032,0.5032,0.5032,0.0000,0.0000,-9.8733,0.0000,0.0000,0.0000
2275,9.1000,0.0000,-0.0000,-4.9365,0.0000,-0.0000,-4.9851,0.0000,-0.0000,0.0040,0.7071,0.7071,0.0000,0.0000,0.0000,0.0000,-0.0000,0.5032,0.5032,0.5032,0.5032,0.0000,0.0000,-9.8734,0.0000,0.0000,0.0000
2276,9.1040,0.0000,-0.0000,-4.9365,0.0000,-0.0000,-4.9849,0.0000,-0.0000,0.0038,0.7071,0.7071,0.0000,0.0000,0.0000,0.0000,-0.0000,0.5032,0.5032,0.5032,0.5032,0.0000,-0.0000,-9.8734,0.0000,0.0000,0.0000
2277,9.1080,0.0000,-0.0000,-4.9365,0.0000,-0.0000,-4.9848,0.0000,-0.0000,0.0035,0.7071,0.7071,0.0000,0.0000,0.0000,0.0000,-0.0000,0.5032,0.5032,0.5032,0.5032,0.0000,-0.0000,-9.8734,0.0000,0.0000,0.0000
2278,9.1120,0.0000,-0.0000,-4.9365,0.0000,-0.0000,-4.9847,0.0000,-0.0000,0.0033,0.7071,0.7071,0.0000,0.0000,0.0000,0.0000,-0.0000,0.5032,0.5032,0.5032,0.5032,0.0000,-0.0000,-9.8734,0.0000,0.0000,0.0000
2279,9.1160,0.0000,-0.0000,-4.9364,0.0000,-0.0000,-4.9845,0.0000,-0.0000,0.0030,0.7071,0.7071,0.0000,0.0000,0.0000,0.0000,-0.0000,0.5032,0.5032,0.5032,0.5032,0.0000,0.0000,-9.8734,0.0000,0.0000,0.0000
2280,9.1200,0.0000,-0.0000,-4.9364,0.0000,-0.0000,-4.9844,0.0000,-0.0000,0.0028,0.7071,0.7071,0.0000,0.0000,0.0000,0.0000,-0.0000,0.5032,0.5032,0.5032,0.5032,0.0000,-0.0000,-9.8734,0.0000,0.0000,0.0000
2281,9.1240,0.0000,-0.0000,-4.9364,0.0000,-0.0000,-4.9843,0.0000,-0.0000,0.0025,0.7071,0.7071,0.0000,0.0000,0.0000,0.0000,-0.0000,0.5032,0.5032,0.5032,0.5032,0.0000,0.0000,-9.8735,0.0000,0.0000,0.0000
2282,9.1280,0.0000,-0.0000,-4.9364,0.0000,-0.0000,-4.9842,0.0000,-0.0000,0.0023,0.7071,0.7071,0.0000,0.0000,0.0000,0.0000,-0.0000,0.5032,0.5032,0.5032,0.5032,0.0000,-0.0000,-9.8735,0.0000,0.0000,0.0000
2283,9.1320,0.0000,-0.0000,-4.9364,0.0000,-0.0000,-4.9840,0.0000,-0.0000,0.0020,0.7071,0.7071,0.0000,0.0000,0.0000,0.0000,-0.0000,0.5032,0.5032,0.5032,0.5032,0.0000,-0.0000,-9.8735,0.0000,0.0000,0.0000
2284,9.1360,0.0000,-0.0000,-4.9364,0.0000,-0.0000,-4.9839,0.0000,-0.0000,0.0017,0.7071,0.7071,0.0000,0.0000,0.0000,0.0000,-0.0000,0.5032,0.5032,0.5032,0.5032,0.0000,-0.0000,-9.8735,0.0000,0.0000,0.0000
2285,9.1400,0.0000,-0.0000,-4.9364,0.0000,-0.0000,-4.9838,0.0000,-0.0000,0.0015,0.7071,0.7071,0.0000,0.0000,0.0000,0.0000,-0.0000,0.5032,0.5032,0.5032,0.5032,0.0000,0.0000,-9.8735,0.0000,0.0000,0.0000
2286,9.1440,0.0000,-0.0000,-4.9364,0.0000,-0.0000,-4.9837,0.0000,-0.0000,0.0012,0.7071,0.7071,0.0000,0.0000,0.0000,0.0000,-0.0000,0.5032,0.5032,0.5032,0.5032,0.0000,-0.0000,-9.8735,0.0000,0.0000,0.0000
2287,9.1480,0.0000,-0.0000,-4.9364,0.0000,-0.0000,-4.9835,0.0000,-0.0000,0.0010,0.7071,0.7071,0.0000,0.0000,0.0000,0.0000,-0.0000,0.5032,0.5032,0.5032,0.5032,0.0000,0.0000,-9.8735,0.0000,0.0000,0.0000
2288,9.1520,0.0000,-0.0000,-4.9364,0.0000,-0.0000,-4.9834,0.0000,-0.0000,0.0007,0.7071,0.7071,0.0000,0.0000,0.0000,0.0000,-0.0000,0.5032,0.5032,0.5032,0.5032,0.0000,0.0000,-9.8735,0.0000,0.0000,0.0000
2289,9.1560,0.0000,-0.0000,-4.9364,0.0000,-0.0000,-4.9833,0.0000,-0.0000,0.0005,0.7071,0.7071,0.0000,0.0000,0.0000,0.0000,-0.0000,0.5032,0.5032,0.5032,0.5032,0.0000,0.0000,-9.8735,0.0000,0.0000,0.0000
2290,9.1600,0.0000,-0.0000,-4.9364,0.0000,-0.0000,-4.9832,0.0000,-0.0000,0.0002,0.7071,0.7071,0.0000,0.0000,0.0000,0.0000,-0.0000,0.5032,0.5032,0.5032,0.5032,0.0000,-0.0000,-9.8735,0.0000,0.0000,0.0000
2291,9.1640,0.0000,-0.0000,-4.9364,0.0000,-0.0000,-4.9830,0.0000,-0.0000,-0.0000,0.7071,0.7071,0.0000,0.0000,0.0000,0.0000,-0.0000,0.5032,0.5032,0.5032,0.5032,0.0000,-0.0000,-9.8735,0.0000,0.0000,0.0000
2292,9.1680,0.0000,-0.0000,-4.9364,0.0000,-0.0000,-4.9829,0.0000,-0.0000,-0.0003,0.7071,0.7071,0.0000,0.0000,0.0000,0.0000,-0.0000,0.5032,0.5032,0.5032,0.5032,0.0000,0.0000,-9.8736,0.0000,0.0000,0.0000
2293,9.1720,0.0000,-0.0000,-4.9364,0.0000,-0.0000,-4.9828,0.0000,-0.0000,-0.0005,0.7071,0.7071,0.0000,0.0000,0.0000,0.0000,-0.0000,0.5032,0.5032,0.5032,0.5032,0.0000,-0.0000,-9.8736,0.0000,0.0000,0.0000
2294,9.1760,0.0000,-0.0000,-4.9364,0.0000,-0.0000,-4.9827,0.0000,-0.0000,-0.0008,0.7071,0.7071,0.0000,0.0000,0.0000,0.0000,-0.0000,0.5032,0.5032,0.5032,0.5032,0.0000,0.0000,-9.8736,0.0000,0.0000,0.0000
2295,9.1800,0.0000,-0.0000,-4.9364,0.0000,-0.0000,-4.9825,0.0000,-0.0000,-0.0010,0.7071,0.7071,0.0000,0.0000,0.0000,0.0000,-0.0000,0.5032,0.5032,0.5032,0.5032,0.0000,0.0000,-9.8736,0.0000,0.0000,0.0000
2296,9.1840,0.0000,-0.0000,-4.9364,0.0000,-0.0000,-4.9824,0.0000,-0.0000,-0.0013,0.7071,0.7071,0.0000,0.0000,0.0000,0.0000,-0.0000,0.5032,0.5032,0.5032,0.5032,0.0000,0.0000,-9.8736,0.0000,0.0000,0.0000
2297,9.1880,0.0000,-0.0000,-4.9364,0.0000,-0.0000,-4.9823,0.0000,-0.0000,-0.0016,0.7071,0.7071,0.0000,0.0000,0.0000,0.0000,-0.0000,0.5032,0.5032,0.5032,0.5032,0.0000,0.0000,-9.8736,0.0000,0.0000,0.0000
2298,9.1920,0.0000,-0.0000,-4.9364,0.0000,-0.0000,-4.9822,0.0000,-0.0000,-0.0018,0.7071,0.7071,0.0000,0.0000,0.0000,0.0000,-0.0000,0.5032,0.5032,0.5032,0.5032,0.0000,0.0000,-9.8735,0.0000,0.0000,0.0000
2299,9.1960,0.0000,-0.0000,-4.9364,0.0000,-0.0000,-4.9820,0.0000,-0.0000,-0.0021,0.7071,0.7071,0.0000,0.0000,0.0000,0.0000,-0.0000,0.5032,0.5032,0.5032,0.5032,0.0000,-0.0000,-9.8735,0.0000,0.0000,0.0000
2300,9.2000,0.0000,-0.0000,-4.9364,0.0000,-0.0000,-4.9819,0.0000,-0.0000,-0.0023,0.7071,0.7071,0.0000,0.0000,0.0000,0.0000,-0.0000,0.5032,0.5032,0.5032,0.5032,0.0000,0.0000,-9.8735,0.0000,0.0000,0.0000
2301,9.2040,0.0000,-0.0000,-4.9364,0.0000,-0.0000,-4.9818,0.0000,-0.0000,-0.0026,0.7071,0.7071,0.0000,0.0000,0.0000,0.0000,-0.0000,0.5032,0.5032,0.5032,0.5032,0.0000,0.0000,-9.8735,0.0000,0.0000,0.0000
2302,9.2080,0.0000,-0.0000,-4.9365,0.0000,-0.0000,-4.9817,0.0000,-0.0000,-0.0028,0.7071,0.7071,0.0000,0.0000,0.0000,0.0000,-0.0000,0.5032,0.5032,0.5032,0.5032,0.0000,0.0000,-9.8735,0.0000,0.0000,0.0000
2303,9.2120,0.0000,-0.0000,-4.9365,0.0000,-0.0000,-4.9816,0.0000,-0.0000,-0.0031,0.7071,0.7071,0.0000,0.0000,0.0000,0.0000,-0.0000,0.5032,0.5032,0.5032,0.5032,0.0000,0.0000,-9.8735,0.0000,0.0000,0.0000
2304,9.2160,0.0000,-0.0000,-4.9365,0.0000,-0.0000,-4.9814,0.0000,-0.0000,-0.0033,0.7071,0.7071,0.0000,0.0000,0.0000,0.0000,-0.0000,0.5032,0.5032,0.5032,0.5032,0.0000,0.0000,-9.8735,0.0000,0.0000,0.0000
2305,9.2200,0.0000,-0.0000,-4.9365,0.0000,-0.0000,-4.9813,0.0000,-0.0000,-0.0036,0.7071,0.7071,0.0000,0.0000,0.0000,0.0000,-0.0000,0.5032,0.5032,0.5032,0.5032,0.0000,0.0000,-9.8735,0.0000,0.0000,0.0000
2306,9.2240,0.0000,-0.0000,-4.9365,0.0000,-0.0000,-4.9812,0.0000,-0.0000,-0.0038,0.7071,0.7071,0.0000,0.0000,0.0000,0.0000,-0.0000,0.5032,0.5032,0.5032,0.5032,0.0000,-0.0000,-9.8735,0.0000,0.0000,0.0000
2307,9.2280,0.0000,-0.0000,-4.9365,0.0000,-0.0000,-4.9811,0.0000,-0.0000,-0.0041,0.7071,0.7071,0.0000,0.0000,0.0000,0.0000,-0.0000,0.5032,0.5032,0.5032,0.5032,0.0000,-0.0000,-9.8735,0.0000,0.0000,0.0000
2308,9.2320,0.0000,-0.0000,-4.9365,0.0000,-0.0000,-4.9809,0.0000,-0.0000,-0.0043,0.7071,0.7071,0.0000,0.0000,0.0000,0.0000,-0.0000,0.5032,0.5032,0.5032,0.5032,0.0000,-0.0000,-9.8735,0.0000,0.0000,0.0000
2309,9.2360,0.0000,-0.0000,-4.9366,0.0000,-0.0000,-4.9808,0.0000,-0.0000,-0.0046,0.7071,0.7071,0.0000,0.0000,0.0000,0.0000,-0.0000,0.5032,0.5032,0.5032,0.5032,0.0000,0.0000,-9.8735,0.0000,0.0000,0.0000
2310,9.2400,0.0000,-0.0000,-4.9366,0.0000,-0.0000,-4.9807,0.0000,-0.0000,-0.0049,0.7071,0.7071,0.0000,0.0000,0.0000,0.0000,-0.0000,0.5032,0.5032,0.5032,0.5032,0.0000,-0.0000,-9.8734,0.0000,0.0000,0.0000
2311,9.2440,0.0000,-0.0000,-4.9366,0.0000,-0.0000,-4.9806,0.0000,-0.0000,-0.0051,0.7071,0.7071,0.0000,0.0000,0.0000,0.0000,-0.0000,0.5032,0.5032,0.5032,0.5032,0.0000,-0.0000,-9.8734,0.0000,0.0000,0.0000
2312,9.2480,0.0000,-0.0000,-4.9366,0.0000,-0.0000,-4.9805,0.0000,-0.0000,-0.0054,0.7071,0.7071,0.0000,0.0000,0.0000,0.0000,-0.0000,0.5032,0.5032,0.5032,0.5032,0.0000,-0.0000,-9.8734,0.0000,0.0000,0.0000
2313,9.2520,0.0000,-0.0000,-4.9366,0.0000,-0.0000,-4.9804,0.0000,-0.0000,-0.0056,0.7071,0.7071,0.0000,0.0000,0.0000,0.0000,-0.0000,0.5032,0.5032,0.5032,0.5032,0.0000,0.0000,-9.8734,0.0000,0.0000,0.0000
2314,9.2560,0.0000,-0.0000,-4.9367,0.0000,-0.0000,-4.9802,0.0000,-0.0000,-0.0059,0.7071,0.7071,0.0000,0.0000,0.0000,0.0000,-0.0000,0.5032,0.5032,0.5032,0.5032,0.0000,0.0000,-9.8734,0.0000,0.0000,0.0000
2315,9.2600,0.0000,-0.0000,-4.9367,0.0000,-0.0000,-4.9801,0.0000,-0.0000,-0.0061,0.7071,0.7071,0.0000,0.0000,0.0000,0.0000,-0.0000,0.5032,0.5032,0.5032,0.5032,0.0000,-0.0000,-9.8733,0.0000,0.0000,0.0000
2316,9.2640,0.0000,-0.0000,-4.9367,0.0000,-0.0000,-4.9800,0.0000,-0.0000,-0.0064,0.7071,0.7071,0.0000,0.0000,0.0000,0.0000,-0.0000,0.5032,0.5032,0.5032,0.5032,0.0000,0.0000,-9.8733,0.0000,0.0000,0.0000
2317,9.2680,0.0000,-0.0000,-4.9367,0.0000,-0.0000,-4.9799,0.0000,-0.0000,-0.0066,0.7071,0.7071,0.0000,0.0000,0.0000,0.0000,-0.0000,0.5032,0.5032,0.5032,0.5032,0.0000,-0.0000,-9.8733,0.0000,0.0000,0.0000
2318,9.2720,0.0000,-0.0000,-4.9368,0.0000,-0.0000,-4.9798,0.0000,-0.0000,-0.0069,0.7071,0.7071,0.0000,0.0000,0.0000,0.0000,-0.0000,0.5032,0.5032,0.5032,0.5032,0.0000,-0.0000,-9.8733,0.0000,0.0000,0.0000
2319,9.2760,0.0000,-0.0000,-4.9368,0.0000,-0.0000,-4.9797,0.0000,-0.0000,-0.0071,0.7071,0.7071,0.0000,0.0000,0.0000,0.0000,-0.0000,0.5032,0.5032,0.5032,0.5032,0.0000,-0.0000,-9.8733,0.0000,0.0000,0.0000
2320,9.2800,0.0000,-0.0000,-4.9368,0.0000,-0.0000,-4.9795,0.0000,-0.0000,-0.0074,0.7071,0.7071,0.0000,0.0000,0.0000,0.0000,-0.0000,0.5032,0.5032,0.5032,0.5032,0.0000,0.0000,-9.8732,0.0000,0.0000,0.0000
2321,9.2840,0.0000,-0.0000,-4.9369,0.0000,-0.0000,-4.9794,0.0000,-0.0000,-0.0076,0.7071,0.7071,0.0000,0.0000,0.0000,0.0000,-0.0000,0.5032,0.5032,0.5032,0.5032,0.0000,-0.0000,-9.8732,0.0000,0.0000,0.0000
2322,9.2880,0.0000,-0.0000,-4.9369,0.0000,-0.0000,-4.9793,0.0000,-0.0000,-0.0079,0.7071,0.7071,0.0000,0.0000,0.0000,0.0000,-0.0000,0.5032,0.5032,0.5032,0.5032,0.0000,0.0000,-9.8732,0.0000,0.0000,0.0000
2323,9.2920,0.0000,-0.0000,-4.9369,0.0000,-0.0000,-4.9792,0.0000,-0.0000,-0.0081,0.7071,0.7071,0.0000,0.0000,0.0000,0.0000,-0.0000,0.5032,0.5032,0.5032,0.5032,0.0000,0.0000,-9.8731,0.0000,0.0000,0.0000
2324,9.2960,0.0000,-0.0000,-4.9370,0.0000,-0.0000,-4.9791,0.0000,-0.0000,-0.0084,0.7071,0.7071,0.0000,0.0000,0.0000,0.0000,-0.0000,0.5032,0.5032,0.5032,0.5032,0.0000,-0.0000,-9.8731,0.0000,0.0000,0.0000
2325,9.3000,0.0000,-0.0000,-4.9370,0.0000,-0.0000,-4.9790,0.0000,-0.0000,-0.0087,0.7071,0.7071,0.0000,0.0000,0.0000,0.0000,-0.0000,0.5032,0.5032,0.5032,0.5032,0.0000,-0.0000,-9.8731,0.0000,0.0000,0.0000
2326,9.3040,0.0000,-0.0000,-4.9370,0.0000,-0.0000,-4.9788,0.0000,-0.0000,-0.0089,0.7071,0.7071,0.0000,0.0000,0.0000,0.0000,-0.0000,0.5032,0.5032,0.5032,0.5032,0.0000,-0.0000,-9.8731,0.0000,0.0000,0.0000
2327,9.3080,0.0000,-0.0000,-4.9371,0.0000,-0.0000,-4.9787,0.0000,-0.0000,-0.0092,0.7071,0.7071,0.0000,0.0000,0.0000,0.0000,-0.0000,0.5032,0.5032,0.5032,0.5032,0.0000,-0.0000,-9.8730,0.0000,0.0000,0.0000
2328,9.3120,0.0000,-0.0000,-4.9371,0.0000,-0.0000,-4.9786,0.0000,-0.0000,-0.0094,0.7071,0.7071,0.0000,0.0000,0.0000,0.0000,-0.0000,0.5032,0.5032,0.5032,0.5032,0.0000,-0.0000,-9.8730,0.0000,0.0000,0.0000
2329,9.3160,0.0000,-0.0000,-4.9371,0.0000,-0.0000,-4.9785,0.0000,-0.0000,-0.0097,0.7071,0.7071,0.0000,0.0000,0.0000,0.0000,-0.0000,0.5032,0.5032,0.5032,0.5032,0.0000,0.0000,-9.8730,0.0000,0.0000,0.0000
2330,9.3200,0.0000,-0.0000,-4.9372,0.0000,-0.0000,-4.9784,0.0000,-0.0000,-0.0099,0.7071,0.7071,0.0000,0.0000,0.0000,0.0000,-0.0000,0.5032,0.5032,0.5032,0.5032,0.0000,0.0000,-9.8729,0.0000,0.0000,0.0000
2331,9.3240,0.0000,-0.0000,-4.9372,0.0000,-0.0000,-4.9783,0.0000,-0.0000,-0.0102,0.7071,0.7071,0.0000,0.0000,0.0000,0.0000,-0.0000,0.5032,0.5032,0.5032,0.5032,0.0000,0.0000,-9.8729,0.0000,0.0000,0.0000
2332,9.3280,0.0000,-0.0000,-4.9373,0.0000,-0.0000,-4.9782,0.0000,-0.0000,-0.0104,0.7071,0.7071,0.0000,0.0000,0.0000,0.0000,-0.0000,0.5032,0.5032,0.5032,0.5032,0.0000,-0.0000,-9.8728,0.0000,0.0000,0.0000
2333,9.3320,0.0000,-0.0000,-4.9373,0.0000,-0.0000,-4.9781,0.0000,-0.0000,-0.0107,0.7071,0.7071,0.0000,0.0000,0.0000,0.0000,-0.0000,0.5032,0.5032,0.5032,0.5032,0.0000,-0.0000,-9.8728,0.0000,0.0000,0.0000
2334,9.3360,0.0000,-0.0000,-4.9373,0.0000,-0.0000,-4.9779,0.0000,-0.0000,-0.0109,0.7071,0.7071,0.0000,0.0000,0.0000,0.0000,-0.0000,0.5032,0.5032,0.5032,0.5032,0.0000,-0.0000,-9.8728,0.0000,0.0000,0.0000
2335,9.3400,0.0000,-0.0000,-4.9374,0.0000,-0.0000,-4.9778,0.0000,-0.0000,-0.0112,0.7071,0.7071,0.0000,0.0000,0.0000,0.0000,-0.0000,0.5032,0.5032,0.5032,0.5032,0.0000,-0.0000,-9.8727,0.0000,0.0000,0.0000
2336,9.3440,0.0000,-0.0000,-4.9374,0.0000,-0.0000,-4.9777,0.0000,-0.0000,-0.0114,0.7071,0.7071,0.0000,0.0000,0.0000,0.0000,-0.0000,0.5032,0.5032,0.5032,0.5032,0.0000,-0.0000,-9.8727,0.0000,0.0000,0.0000
2337,9.3480,0.0000,-0.0000,-4.9375,0.0000,-0.0000,-4.9776,0.0000,-0.0000,-0.0117,0.7071,0.7071,0.0000,0.0000,0.0000,0.0000,-0.0000,0.5032,0.5032,0.5032,0.5032,0.0000,0.0000,-9.8726,0.0000,0.0000,0.0000
2338,9.3520,0.0000,-0.0000,-4.9375,0.0000,-0.0000,-4.9775,0.0000,-0.0000,-0.0119,0.7071,0.7071,0.0000,0.0000,0.0000,0.0000,-0.0000,0.5032,0.5032,0.5032,0.5032,0.0000,-0.0000,-9.8726,0.0000,0.0000,0.0000
2339,9.3560,0.0000,-0.0000,-4.9376,0.0000,-0.0000,-4.9774,0.0000,-0.0000,-0.0122,0.7071,0.7071,0.0000,0.0000,0.0000,0.0000,-0.0000,0.5032,0.5032,0.5032,0.5032,0.0000,-0.0000,-9.8726,0.0000,0.0000,0.0000
2340,9.3600,0.0000,-0.0000,-4.9376,0.0000,-0.0000,-4.9773,0.0000,-0.0000,-0.0124,0.7071,0.7071,0.0000,0.0000,0.0000,0.0000,-0.0000,0.5032,0.5032,0.5032,0.5032,0.0000,-0.0000,-9.8725,0.0000,0.0000,0.0000
2341,9.3640,0.0000,-0.0000,-4.9377,0.0000,-0.0000,-4.9772,0.0000,-0.0000,-0.0127,0.7071,0.7071,0.0000,0.0000,0.0000,0.0000,-0.0000,0.5032,0.5032,0.5032,0.5032,0.0000,0.0000,-9.8725,0.0000,0.0000,0.0000
2342,9.3680,0.0000,-0.0000,-4.9377,0.0000,-0.0000,-4.9771,0.0000,-0.0000,-0.0129,0.7071,0.7071,0.0000,0.0000,0.0000,0.0000,-0.0000,0.5032,0.5032,0.5032,0.5032,0.0000,0.0000,-9.8724,0.0000,0.0000,0.0000
2343,9.3720,0.0000,-0.0000,-4.9378,0.0000,-0.0000,-4.9770,0.0000,-0.0000,-0.0132,0.7071,0.7071,0.0000,0.0000,0.0000,0.0000,-0.0000,0.5031,0.5031,0.5031,0.5031,0.0000,-0.0000,-9.8724,0.0000,0.0000,0.0000
2344,9.3760,0.0000,-0.0000,-4.9378,0.0000,-0.0000,-4.9768,0.0000,-0.0000,-0.0134,0.7071,0.7071,0.0000,0.0000,0.0000,0.0000,-0.0000,0.5031,0.5031,0.5031,0.5031,0.0000,-0.0000,-9.8723,0.0000,0.0000,0.0000
2345,9.3800,0.0000,-0.0000,-4.9379,0.0000,-0.0000,-4.9767,0.0000,-0.0000,-0.0137,0.7071,0.7071,0.0000,0.0000,0.0000,0.0000,-0.0000,0.5031,0.5031,0.5031,0.5031,0.0000,0.0000,-9.8723,0.0000,0.0000,0.0000
2346,9.3840,0.0000,-0.0000,-4.9380,0.0000,-0.0000,-4.9766,0.0000,-0.0000,-0.0139,0.7071,0.7071,0.0000,0.0000,0.0000,0.0000,-0.0000,0.5031,0.5031,0.5031,0.5031,0.0000,-0.0000,-9.8722,0.0000,0.0000,0.0000
2347,9.3880,0.0000,-0.0000,-4.9380,0.0000,-0.0000,-4.9765,0.0000,-0.0000,-0.0142,0.7071,0.7071,0.0000,0.0000,0.0000,0.0000,-0.0000,0.5031,0.5031,0.5031,0.5031,0.0000,0.0000,-9.8722,0.0000,0.0000,0.0000
2348,9.3920,0.0000,-0.0000,-4.9381,0.0000,-0.0000,-4.9764,0.0000,-0.0000,-0.0144,0.7071,0.7071,0.0000,0.0000,0.0000,0.0000,-0.0000,0.5031,0.5031,0.5031,0.5031,0.0000,0.0000,-9.8721,0.0000,0.0000,0.0000
2349,9.3960,0.0000,-0.0000,-4.9381,0.0000,-0.0000,-4.9763,0.0000,-0.0000,-0.0147,0.7071,0.7071,0.0000,0.0000,0.0000,0.0000,-0.0000,0.5031,0.5031,0.5031,0.5031,0.0000,0.0000,-9.8720,0.0000,0.0000,0.0000
2350,9.4000,0.0000,-0.0000,-4.9382,0.0000,-0.0000,-4.9762,0.0000,-0.0000,-0.0149,0.7071,0.7071,0.0000,0.0000,0.0000,0.0000,-0.0000,0.5031,0.5031,0.5031,0.5031,0.0000,-0.0000,-9.8720,0.0000,0.0000,0.0000
2351,9.4040,0.0000,-0.0000,-4.9382,0.0000,-0.0000,-4.9761,0.0000,-0.0000,-0.0152,0.7071,0.7071,0.0000,0.0000,0.0000,0.0000,-0.0000,0.5031,0.5031,0.5031,0.5031,0.0000,-0.0000,-9.8719,0.0000,0.0000,0.0000
2352,9.4080,0.0000,-0.0000,-4.9383,0.0000,-0.0000,-4.9760,0.0000,-0.0000,-0.0154,0.7071,0.7071,0.0000,0.0000,0.0000,0.0000,-0.0000,0.5031,0.5031,0.5031,0.5031,0.0000,-0.0000,-9.8719,0.0000,0.0000,0.0000
2353,9.4120,0.0000,-0.0000,-4.9384,0.0000,-0.0000,-4.9759,0.0000,-0.0000,-0.0156,0.7071,0.7071,0.0000,0.0000,0.0000,0.0000,-0.0000,0.5031,0.5031,0.5031,0.5031,0.0000,0.0000,-9.8718,0.0000,0.0000,0.0000
2354,9.4160,0.0000,-0.0000,-4.9384,0.0000,-0.0000,-4.9758,0.0000,-0.0000,-0.0159,0.7071,0.7071,0.0000,0.0000,0.0000,0.0000,-0.0000,0.5031,0.5031,0.5031,0.5031,0.0000,-0.0000,-9.8718,0.0000,0.0000,0.0000
2355,9.4200,0.0000,-0.0000,-4.9385,0.0000,-0.0000,-4.9757,0.0000,-0.0000,-0.0161,0.7071,0.7071,0.0000,0.0000,0.0000,0.0000,-0.0000,0.5031,0.5031,0.5031,0.5031,0.0000,-0.0000,-9.8717,0.0000,0.0000,0.0000
2356,9.4240,0.0000,-0.0000,-4.9386,0.0000,-0.0000,-4.9756,0.0000,-0.0000,-0.0164,0.7071,0.7071,0.0000,0.0000,0.0000,0.0000,-0.0000,0.5031,0.5031,0.5031,0.5031,0.0000,-0.0000,-9.8716,0.0000,0.0000,0.0000
2357,9.4280,0.0000,-0.0000,-4.9386,0.0000,-0.0000,-4.9755,0.0000,-0.0000,-0.0166,0.7071,0.7071,0.0000,0.0000,0.0000,0.0000,-0.0000,0.5031,0.5031,0.5031,0.5031,0.0000,-0.0000,-9.8716,0.0000,0.0000,0.0000
2358,9.4320,0.0000,-0.0000,-4.9387,0.0000,-0.0000,-4.9754,0.0000,-0.0000,-0.0169,0.7071,0.7071,0.0000,0.0000,0.0000,0.0000,-0.0000,0.5031,0.5031,0.5031,0.5031,0.0000,0.0000,-9.8715,0.0000,0.0000,0.0000
2359,9.4360,0.0000,-0.0000,-4.9388,0.0000,-0.0000,-4.9753,0.0000,-0.0000,-0.0171,0.7071,0.7071,0.0000,0.0000,0.0000,0.0000,-0.0000,0.5031,0.5031,0.5031,0.5031,0.0000,0.0000,-9.8714,0.0000,0.0000,0.0000
2360,9.4400,0.0000,-0.0000,-4.9388,0.0000,-0.0000,-4.9752,0.0000,-0.0000,-0.0174,0.7071,0.7071,0.0000,0.0000,0.0000,0.0000,-0.0000,0.5031,0.5031,0.5031,0.5031,0.0000,0.0000,-9.8714,0.0000,0.0000,0.0000
2361,9.4440,0.0000,-0.0000,-4.9389,0.0000,-0.0000,-4.9751,0.0000,-0.0000,-0.0176,0.7071,0.7071,0.0000,0.0000,0.0000,0.0000,-0.0000,0.5031,0.5031,0.5031,0.5031,0.0000,0.0000,-9.8713,0.0000,0.0000,0.0000
2362,9.4480,0.0000,-0.0000,-4.9390,0.0000,-0.0000,-4.9750,0.0000,-0.0000,-0.0179,0.7071,0.7071,0.0000,0.0000,0.0000,0.0000,-0.0000,0.5031,0.5031,0.5031,0.5031,0.0000,0.0000,-9.8712,0.0000,0.0000,0.0000
2363,9.4520,0.0000,-0.0000,-4.9390,0.0000,-0.0000,-4.9749,0.0000,-0.0000,-0.0181,0.7071,0.7071,0.0000,0.0000,0.0000,0.0000,-0.0000,0.5031,0.5031,0.5031,0.5031,0.0000,0.0000,-9.8712,0.0000,0.0000,0.0000
2364,9.4560,0.0000,-0.0000,-4.9391,0.0000,-0.0000,-4.9748,0.0000,-0.0000,-0.0183,0.7071,0.7071,0.0000,0.0000,0.0000,0.0000,-0.0000,0.5031,0.5031,0.5031,0.5031,0.0000,-0.0000,-9.8711,0.0000,0.0000,0.0000
2365,9.4600,0.0000,-0.0000,-4.9392,0.0000,-0.0000,-4.9747,0.0000,-0.0000,-0.0186,0.7071,0.7071,0.0000,0.0000,0.0000,0.0000,-0.0000,0.5031,0.5031,0.5031,0.5031,0.0000,-0.0000,-9.8710,0.0000,0.0000,0.0000
2366,9.4640,0.0000,-0.0000,-4.9393,0.0000,-0.0000,-4.9746,0.0000,-0.0000,-0.0188,0.7071,0.7071,0.0000,0.0000,0.0000,0.0000,-0.0000,0.5031,0.5031,0.5031,0.5031,0.0000,-0.0000,-9.8710,0.0000,0.0000,0.0000
2367,9.4680,0.0000,-0.0000,-4.9393,0.0000,-0.0000,-4.9745,0.0000,-0.0000,-0.0191,0.7071,0.7071,0.0000,0.0000,0.0000,0.0000,-0.0000,0.5031,0.5031,0.5031,0.5031,0.0000,-0.0000,-9.8709,0.0000,0.0000,0.0000
2368,9.4720,0.0000,-0.0000,-4.9394,0.0000,-0.0000,-4.9744,0.0000,-0.0000,-0.0193,0.7071,0.7071,0.0000,0.0000,0.0000,0.0000,-0.0000,0.5031,0.5031,0.5031,0.5031,0.0000,-0.0000,-9.8708,0.0000,0.0000,0.0000
2369,9.4760,0.0000,-0.0000,-4.9395,0.0000,-0.0000,-4.9743,0.0000,-0.0000,-0.0196,0.7071,0.7071,0.0000,0.0000,0.0000,0.0000,-0.0000,0.5030,0.5030,0.5030,0.5030,0.0000,-0.0000,-9.8707,0.0000,0.0000,0.0000
2370,9.4800,0.0000,-0.0000,-4.9396,0.0000,-0.0000,-4.9742,0.0000,-0.0000,-0.0198,0.7071,0.7071,0.0000,0.0000,0.0000,0.0000,-0.0000,0.5030,0.5030,0.5030,0.5030,0.0000,-0.0000,-9.8707,0.0000,0.0000,0.0000
2371,9.4840,0.0000,-0.0000,-4.9397,0.0000,-0.0000,-4.9741,0.0000,-0.0000,-0.0200,0.7071,0.7071,0.0000,0.0000,0.0000,0.0000,-0.0000,0.5030,0.5030,0.5030,0.5030,0.0000,0.0000,-9.8706,0.0000,0.0000,0.0000
2372,9.4880,0.0000,-0.0000,-4.9397,0.0000,-0.0000,-4.9740,0.0000,-0.0000,-0.0203,0.7071,0.7071,0.0000,0.0000,0.0000,0.0000,-0.0000,0.5030,0.5030,0.5030,0.5030,0.0000,-0.0000,-9.8705,0.0000,0.0000,0.0000
2373,9.4920,0.0000,-0.0000,-4.9398,0.0000,-0.0000,-4.9739,0.0000,-0.0000,-0.0205,0.7071,0.7071,0.0000,0.0000,0.0000,0.0000,-0.0000,0.5030,0.5030,0.5030,0.5030,0.0000,-0.0000,-9.8704,0.0000,0.0000,0.0000
2374,9.4960,0.0000,-0.0000,-4.9399,0.0000,-0.0000,-4.9738,0.0000,-0.0000,-0.0208,0.7071,0.7071,0.0000,0.0000,0.0000,0.0000,-0.0000,0.5030,0.5030,0.5030,0.5030,0.0000,0.0000,-9.8703,0.0000,0.0000,0.0000
2375,9.5000,0.0000,-0.0000,-4.9400,0.0000,-0.0000,-4.9737,0.0000,-0.0000,-0.0210,0.7071,0.7071,0.0000,0.0000,0.0000,0.0000,-0.0000,0.5030,0.5030,0.5030,0.5030,0.0000,-0.0000,-9.8703,0.0000,0.0000,0.0000
2376,9.5040,0.0000,-0.0000,-4.9401,0.0000,-0.0000,-4.9736,0.0000,-0.0000,-0.0213,0.7071,0.7071,0.0000,0.0000,0.0000,0.0000,-0.0000,0.5030,0.5030,0.5030,0.5030,0.0000,-0.0000,-9.8702,0.0000,0.0000,0.0000
2377,9.5080,0.0000,-0.0000,-4.9402,0.0000,-0.0000,-4.9735,0.0000,-0.0000,-0.0215,0.7071,0.7071,0.0000,0.0000,0.0000,0.0000,-0.0000,0.5030,0.5030,0.5030,0.5030,0.0000,-0.0000,-9.8701,0.0000,0.0000,0.0000
2378,9.5120,0.0000,-0.0000,-4.9402,0.0000,-0.0000,-4.9734,0.0000,-0.0000,-0.0217,0.7071,0.7071,0.0000,0.0000,0.0000,0.0000,-0.0000,0.5030,0.5030,0.5030,0.5030,0.0000,0.0000,-9.8700,0.0000,0.0000,0.0000
2379,9.5160,0.0000,-0.0000,-4.9403,0.0000,-0.0000,-4.9733,0.0000,-0.0000,-0.0220,0.7071,0.7071,0.0000,0.0000,0.0000,0.0000,-0.0000,0.5030,0.5030,0.5030,0.5030,0.0000,0.0000,-9.8699,0.0000,0.0000,0.0000
2380,9.5200,0.0000,-0.0000,-4.9404,0.0000,-0.0000,-4.9732,0.0000,-0.0000,-0.0222,0.7071,0.7071,0.0000,0.0000,0.0000,0.0000,-0.0000,0.5030,0.5030,0.5030,0.5030,0.0000,0.0000,-9.8698,0.0000,0.0000,0.0000
2381,9.5240,0.0000,-0.0000,-4.9405,0.0000,-0.0000,-4.9731,0.0000,-0.0000,-0.0224,0.7071,0.7071,0.0000,0.0000,0.0000,0.0000,-0.0000,0.5030,0.5030,0.5030,0.5030,0.0000,-0.0000,-9.8698,0.0000,0.0000,0.0000
2382,9.5280,0.0000,-0.0000,-4.9406,0.0000,-0.0000,-4.9730,0.0000,-0.0000,-0.0227,0.7071,0.7071,0.0000,0.0000,0.0000,0.0000,-0.0000,0.5030,0.5030,0.5030,0.5030,0.0000,-0.0000,-9.8697,0.0000,0.0000,0.0000
2383,9.5320,0.0000,-0.0000,-4.9407,0.0000,-0.0000,-4.9729,0.0000,-0.0000,-0.0229,0.7071,0.7071,0.0000,0.0000,0.0000,0.0000,-0.0000,0.5030,0.5030,0.5030,0.5030,0.0000,-0.0000,-9.8696,0.0000,0.0000,0.0000
2384,9.5360,0.0000,-0.0000,-4.9408,0.0000,-0.0000,-4.9729,0.0000,-0.0000,-0.0232,0.7071,0.7071,0.0000,0.0000,0.0000,0.0000,-0.0000,0.5030,0.5030,0.5030,0.5030,0.0000,-0.0000,-9.8695,0.0000,0.0000,0.0000
2385,9.5400,0.0000,-0.0000,-4.9409,0.0000,-0.0000,-4.9728,0.0000,-0.0000,-0.0234,0.7071,0.7071,0.0000,0.0000,0.0000,0.0000,-0.0000,0.5030,0.5030,0.5030,0.5030,0.0000,0.0000,-9.8694,0.0000,0.0000,0.0000
2386,9.5440,0.0000,-0.0000,-4.9410,0.0000,-0.0000,-4.9727,0.0000,-0.0000,-0.0236,0.7071,0.7071,0.0000,0.0000,0.0000,0.0000,-0.0000,0.5030,0.5030,0.5030,0.5030,0.0000,0.0000,-9.8693,0.0000,0.0000,0.0000
2387,9.5480,0.0000,-0.0000,-4.9411,0.0000,-0.0000,-4.9726,0.0000,-0.0000,-0.0239,0.7071,0.7071,0.0000,0.0000,0.0000,0.0000,-0.0000,0.5030,0.5030,0.5030,0.5030,0.0000,-0.0000,-9.8692,0.0000,0.0000,0.0000
2388,9.5520,0.0000,-0.0000,-4.9412,0.0000,-0.0000,-4.9725,0.0000,-0.0000,-0.0241,0.7071,0.7071,0.0000,0.0000,0.0000,0.0000,-0.0000,0.5030,0.5030,0.5030,0.5030,0.0000,-0.0000,-9.8691,0.0000,0.0000,0.0000
2389,9.5560,0.0000,-0.0000,-4.9413,0.0000,-0.0000,-4.9724,0.0000,-0.0000,-0.0243,0.7071,0.7071,0.0000,0.0000,0.0000,0.0000,-0.0000,0.5029,0.5029,0.5029,0.5029,0.0000,-0.0000,-9.8690,0.0000,0.0000,0.0000
2390,9.5600,0.0000,-0.0000,-4.9414,0.0000,-0.0000,-4.9723,0.0000,-0.0000,-0.0246,0.7071,0.7071,0.0000,0.0000,0.0000,0.0000,-0.0000,0.5029,0.5029,0.5029,0.5029,0.0000,-0.0000,-9.8689,0.0000,0.0000,0.0000
2391,9.5640,0.0000,-0.0000,-4.9415,0.0000,-0.0000,-4.9722,0.0000,-0.0000,-0.0248,0.7071,0.7071,0.0000,0.0000,0.0000,0.0000,-0.0000,0.5029,0.5029,0.5029,0.5029,0.0000,0.0000,-9.8688,0.0000,0.0000,0.0000
2392,9.5680,0.0000,-0.0000,-4.9416,0.0000,-0.0000,-4.9721,0.0000,-0.0000,-0.0251,0.7071,0.7071,0.0000,0.0000,0.0000,0.0000,-0.0000,0.5029,0.5029,0.5029,0.5029,0.0000,0.0000,-9.8687,0.0000,0.0000,0.0000
2393,9.5720,0.0000,-0.0000,-4.9417,0.0000,-0.0000,-4.9721,0.0000,-0.0000,-0.0253,0.7071,0.7071,0.0000,0.0000,0.0000,0.0000,-0.0000,0.5029,0.5029,0.5029,0.5029,0.0000,-0.0000,-9.8686,0.0000,0.0000,0.0000
2394,9.5760,0.0000,-0.0000,-4.9418,0.0000,-0.0000,-4.9720,0.0000,-0.0000,-0.0255,0.7071,0.7071,0.0000,0.0000,0.0000,0.0000,-0.0000,0.5029,0.5029,0.5029,0.5029,0.0000,-0.0000,-9.8685,0.0000,0.0000,0.0000
2395,9.5800,0.0000,-0.0000,-4.9419,0.0000,-0.0000,-4.9719,0.0000,-0.0000,-0.0258,0.7071,0.7071,0.0000,0.0000,0.0000,0.0000,-0.0000,0.5029,0.5029,0.5029,0.5029,0.0000,0.0000,-9.8684,0.0000,0.0000,0.0000
2396,9.5840,0.0000,-0.0000,-4.9420,0.0000,-0.0000,-4.9718,0.0000,-0.0000,-0.0260,0.7071,0.7071,0.0000,0.0000,0.0000,0.0000,-0.0000,0.5029,0.5029,0.5029,0.5029,0.0000,0.0000,-9.8683,0.0000,0.0000,0.0000
2397,9.5880,0.0000,-0.0000,-4.9421,0.0000,-0.0000,-4.9717,0.0000,-0.0000,-0.0262,0.7071,0.7071,0.0000,0.0000,0.0000,0.0000,-0.0000,0.5029,0.5029,0.5029,0.5029,0.0000,0.0000,-9.8682,0.0000,0.0000,0.0000
2398,9.5920,0.0000,-0.0000,-4.9422,0.0000,-0.0000,-4.9716,0.0000,-0.0000,-0.0264,0.7071,0.7071,0.0000,0.0000,0.0000,0.0000,-0.0000,0.5029,0.5029,0.5029,0.5029,0.0000,0.0000,-9.8681,0.0000,0.0000,0.0000
2399,9.5960,0.0000,-0.0000,-4.9423,0.0000,-0.0000,-4.9715,0.0000,-0.0000,-0.0267,0.7071,0.7071,0.0000,0.0000,0.0000,0.0000,-0.0000,0.5029,0.5029,0.5029,0.5029,0.0000,-0.0000,-9.8680,0.0000,0.0000,0.0000
2400,9.6000,0.0000,-0.0000,-4.9424,0.0000,-0.0000,-4.9715,0.0000,-0.0000,-0.0269,0.7071,0.7071,0.0000,0.0000,0.0000,0.0000,-0.0000,0.5029,0.5029,0.5029,0.5029,0.0000,0.0000,-9.8679,0.0000,0.0000,0.0000
2401,9.6040,0.0000,-0.0000,-4.9425,0.0000,-0.0000,-4.9714,0.0000,-0.0000,-0.0271,0.7071,0.7071,0.0000,0.0000,0.0000,0.0000,-0.0000,0.5029,0.5029,0.5029,0.5029,0.0000,-0.0000,-9.8678,0.0000,0.0000,0.0000
2402,9.6080,0.0000,-0.0000,-4.9426,0.0000,-0.0000,-4.9713,0.0000,-0.0000,-0.0274,0.7071,0.7071,0.0000,0.0000,0.0000,0.0000,-0.0000,0.5029,0.5029,0.5029,0.5029,0.0000,0.0000,-9.8677,0.0000,0.0000,0.0000
2403,9.6120,0.0000,-0.0000,-4.9427,0.0000,-0.0000,-4.9712,0.0000,-0.0000,-0.0276,0.7071,0.7071,0.0000,0.0000,0.0000,0.0000,-0.0000,0.5029,0.5029,0.5029,0.5029,0.0000,0.0000,-9.8676,0.0000,0.0000,0.0000
2404,9.6160,0.0000,-0.0000,-4.9428,0.0000,-0.0000,-4.9711,0.0000,-0.0000,-0.0278,0.7071,0.7071,0.0000,0.0000,0.0000,0.0000,-0.0000,0.5029,0.5029,0.5029,0.5029,0.0000,0.0000,-9.8675,0.0000,0.0000,0.0000
2405,9.6200,0.0000,-0.0000,-4.9430,0.0000,-0.0000,-4.9710,0.0000,-0.0000,-0.0281,0.7071,0.7071,0.0000,0.0000,0.0000,0.0000,-0.0000,0.5029,0.5029,0.5029,0.5029,0.0000,0.0000,-9.8674,0.0000,0.0000,0.0000
2406,9.6240,0.0000,-0.0000,-4.9431,0.0000,-0.0000,-4.9710,0.0000,-0.0000,-0.0283,0.7071,0.7071,0.0000,0.0000,0.0000,0.0000,-0.0000,0.5029,0.5029,0.5029,0.5029,0.0000,0.0000,-9.8673,0.0000,0.0000,0.0000
2407,9.6280,0.0000,-0.0000,-4.9432,0.0000,-0.0000,-4.9709,0.0000,-0.0000,-0.0285,0.7071,0.7071,0.0000,0.0000,0.0000,0.0000,-0.0000,0.5028,0.5028,0.5028,0.5028,0.0000,0.0000,-9.8672,0.0000,0.0000,0.0000
2408,9.6320,0.0000,-0.0000,-4.9433,0.0000,-0.0000,-4.9708,0.0000,-0.0000,-0.0287,0.7071,0.7071,0.0000,0.0000,0.0000,0.0000,-0.0000,0.5028,0.5028,0.5028,0.5028,0.0000,-0.0000,-9.8671,0.0000,0.0000,0.0000
2409,9.6360,0.0000,-0.0000,-4.9434,0.0000,-0.0000,-4.9707,0.0000,-0.0000,-0.0290,0.7071,0.7071,0.0000,0.0000,0.0000,0.0000,-0.0000,0.5028,0.5028,0.5028,0.5028,0.0000,-0.0000,-9.8669,0.0000,0.0000,0.0000
2410,9.6400,0.0000,-0.0000,-4.9435,0.0000,-0.0000,-4.9706,0.0000,-0.0000,-0.0292,0.7071,0.7071,0.0000,0.0000,0.0000,0.0000,-0.0000,0.5028,0.5028,0.5028,0.5028,0.0000,-0.0000,-9.8668,0.0000,0.0000,0.0000
2411,9.6440,0.0000,-0.0000,-4.9436,0.0000,-0.0000,-4.9706,0.0000,-0.0000,-0.0294,0.7071,0.7071,0.0000,0.0000,0.0000,0.0000,-0.0000,0.5028,0.5028,0.5028,0.5028,0.0000,-0.0000,-9.8667,0.0000,0.0000,0.0000
2412,9.6480,0.0000,-0.0000,-4.9438,0.0000,-0.0000,-4.9705,0.0000,-0.0000,-0.0297,0.7071,0.7071,0.0000,0.0000,0.0000,0.0000,-0.0000,0.5028,0.5028,0.5028,0.5028,0.0000,0.0000,-9.8666,0.0000,0.0000,0.0000
2413,9.6520,0.0000,-0.0000,-4.9439,0.0000,-0.0000,-4.9704,0.0000,-0.0000,-0.0299,0.7071,0.7071,0.0000,0.0000,0.0000,0.0000,-0.0000,0.5028,0.5028,0.5028,0.5028,0.0000,0.0000,-9.8665,0.0000,0.0000,0.0000
2414,9.6560,0.0000,-0.0000,-4.9440,0.0000,-0.0000,-4.9703,0.0000,-0.0000,-0.0301,0.7071,0.7071,0.0000,0.0000,0.0000,0.0000,-0.0000,0.5028,0.5028,0.5028,0.5028,0.0000,-0.0000,-9.8664,0.0000,0.0000,0.0000
2415,9.6600,0.0000,-0.0000,-4.9441,0.0000,-0.0000,-4.9702,0.0000,-0.0000,-0.0303,0.7071,0.7071,0.0000,0.0000,0.0000,0.0000,-0.0000,0.5028,0.5028,0.5028,0.5028,0.0000,-0.0000,-9.8662,0.0000,0.0000,0.0000
2416,9.6640,0.0000,-0.0000,-4.9442,0.0000,-0.0000,-4.9702,0.0000,-0.0000,-0.0306,0.7071,0.7071,0.0000,0.0000,0.0000,0.0000,-0.0000,0.5028,0.5028,0.5028,0.5028,0.0000,-0.0000,-9.8661,0.0000,0.0000,0.0000
2417,9.6680,0.0000,-0.0000,-4.9444,0.0000,-0.0000,-4.9701,0.0000,-0.0000,-0.0308,0.7071,0.7071,0.0000,0.0000,0.0000,0.0000,-0.0000,0.5028,0.5028,0.5028,0.5028,0.0000,0.0000,-9.8660,0.0000,0.0000,0.0000
2418,9.6720,0.0000,-0.0000,-4.9445,0.0000,-0.0000,-4.9700,0.0000,-0.0000,-0.0310,0.7071,0.7071,0.0000,0.0000,0.0000,0.0000,-0.0000,0.5028,0.5028,0.5028,0.5028,0.0000,-0.0000,-9.8659,0.0000,0.0000,0.0000
2419,9.6760,0.0000,-0.0000,-4.9446,0.0000,-0.0000,-4.9699,0.0000,-0.0000,-0.0312,0.7071,0.7071,0.0000,0.0000,0.0000,0.0000,-0.0000,0.5028,0.5028,0.5028,0.5028,0.0000,0.0000,-9.8658,0.0000,0.0000,0.0000
2420,9.6800,0.0000,-0.0000,-4.9447,0.0000,-0.0000,-4.9699,0.0000,-0.0000,-0.0314,0.7071,0.7071,0.0000,0.0000,0.0000,0.0000,-0.0000,0.5028,0.5028,0.5028,0.5028,0.0000,0.0000,-9.8656,0.0000,0.0000,0.0000
2421,9.6840,0.0000,-0.0000,-4.9449,0.0000,-0.0000,-4.9698,0.0000,-0.0000,-0.0317,0.7071,0.7071,0.0000,0.0000,0.0000,0.0000,-0.0000,0.5028,0.5028,0.5028,0.5028,0.0000,0.0000,-9.8655,0.0000,0.0000,0.0000
2422,9.6880,0.0000,-0.0000,-4.9450,0.0000,-0.0000,-4.9697,0.0000,-0.0000,-0.0319,0.7071,0.7071,0.0000,0.0000,0.0000,0.0000,-0.0000,0.5027,0.5027,0.5027,0.5027,0.0000,-0.0000,-9.8654,0.0000,0.0000,0.0000
2423,9.6920,0.0000,-0.0000,-4.9451,0.0000,-0.0000,-4.9696,0.0000,-0.0000,-0.0321,0.7071,0.7071,0.0000,0.0000,0.0000,0.0000,-0.0000,0.5027,0.5027,0.5027,0.5027,0.0000,-0.0000,-9.8653,0.0000,0.0000,0.0000
2424,9.6960,0.0000,-0.0000,-4.9453,0.0000,-0.0000,-4.9696,0.0000,-0.0000,-0.0323,0.7071,0.7071,0.0000,0.0000,0.0000,0.0000,-0.0000,0.5027,0.5027,0.5027,0.5027,0.0000,0.0000,-9.8651,0.0000,0.0000,0.0000
2425,9.7000,0.0000,-0.0000,-4.9454,0.0000,-0.0000,-4.9695,0.0000,-0.0000,-0.0325,0.7071,0.7071,0.0000,0.0000,0.0000,0.0000,-0.0000,0.5027,0.5027,0.5027,0.5027,0.0000,0.0000,-9.8650,0.0000,0.0000,0.0000
2426,9.7040,0.0000,-0.0000,-4.9455,0.0000,-0.0000,-4.9694,0.0000,-0.0000,-0.0328,0.7071,0.7071,0.0000,0.0000,0.0000,0.0000,-0.0000,0.5027,0.5027,0.5027,0.5027,0.0000,-0.0000,-9.8649,0.0000,0.0000,0.0000
2427,9.7080,0.0000,-0.0000,-4.9457,0.0000,-0.0000,-4.9693,0.0000,-0.0000,-0.0330,0.7071,0.7071,0.0000,0.0000,0.0000,0.0000,-0.0000,0.5027,0.5027,0.5027,0.5027,0.0000,-0.0000,-9.8648,0.0000,0.0000,0.0000
2428,9.7120,0.0000,-0.0000,-4.9458,0.0000,-0.0000,-4.9693,0.0000,-0.0000,-0.0332,0.7071,0.7071,0.0000,0.0000,0.0000,0.0000,-0.0000,0.5027,0.5027,0.5027,0.5027,0.0000,0.0000,-9.8646,0.0000,0.0000,0.0000
2429,9.7160,0.0000,-0.0000,-4.9459,0.0000,-0.0000,-4.9692,0.0000,-0.0000,-0.0334,0.7071,0.7071,0.0000,0.0000,0.0000,0.0000,-0.0000,0.5027,0.5027,0.5027,0.5027,0.0000,0.0000,-9.8645,0.0000,0.0000,0.0000
2430,9.7200,0.0000,-0.0000,-4.9461,0.0000,-0.0000,-4.9691,0.0000,-0.0000,-0.0336,0.7071,0.7071,0.0000,0.0000,0.0000,0.0000,-0.0000,0.5027,0.5027,0.5027,0.5027,0.0000,0.0000,-9.8644,0.0000,0.0000,0.0000
2431,9.7240,0.0000,-0.0000,-4.9462,0.0000,-0.0000,-4.9691,0.0000,-0.0000,-0.0339,0.7071,0.7071,0.0000,0.0000,0.0000,0.0000,-0.0000,0.5027,0.5027,0.5027,0.5027,0.0000,0.0000,-9.8642,0.0000,0.0000,0.0000
2432,9.7280,0.0000,-0.0000,-4.9463,0.0000,-0.0000,-4.9690,0.0000,-0.0000,-0.0341,0.7071,0.7071,0.0000,0.0000,0.0000,0.0000,-0.0000,0.5027,0.5027,0.5027,0.5027,0.0000,-0.0000,-9.8641,0.0000,0.0000,0.0000
2433,9.7320,0.0000,-0.0000,-4.9465,0.0000,-0.0000,-4.9689,0.0000,-0.0000,-0.0343,0.7071,0.7071,0.0000,0.0000,0.0000,0.0000,-0.0000,0.5027,0.5027,0.5027,0.5027,0.0000,0.0000,-9.8640,0.0000,0.0000,0.0000
2434,9.7360,0.0000,-0.0000,-4.9466,0.0000,-0.0000,-4.9689,0.0000,-0.0000,-0.0345,0.7071,0.7071,0.0000,0.0000,0.0000,0.0000,-0.0000,0.5027,0.5027,0.5027,0.5027,0.0000,-0.0000,-9.8638,0.0000,0.0000,0.0000
2435,9.7400,0.0000,-0.0000,-4.9467,0.0000,-0.0000,-4.9688,0.0000,-0.0000,-0.0347,0.7071,0.7071,0.0000,0.0000,0.0000,0.0000,-0.0000,0.5027,0.5027,0.5027,0.5027,0.0000,0.0000,-9.8637,0.0000,0.0000,0.0000
2436,9.7440,0.0000,-0.0000,-4.9469,0.0000,-0.0000,-4.9687,0.0000,-0.0000,-0.0349,0.7071,0.7071,0.0000,0.0000,0.0000,0.0000,-0.0000,0.5026,0.5026,0.5026,0.5026,0.0000,0.0000,-9.8635,0.0000,0.0000,0.0000
2437,9.7480,0.0000,-0.0000,-4.9470,0.0000,-0.0000,-4.9687,0.0000,-0.0000,-0.0351,0.7071,0.7071,0.0000,0.0000,0.0000,0.0000,-0.0000,0.5026,0.5026,0.5026,0.5026,0.0000,-0.0000,-9.8634,0.0000,0.0000,0.0000
2438,9.7520,0.0000,-0.0000,-4.9472,0.0000,-0.0000,-4.9686,0.0000,-0.0000,-0.0354,0.7071,0.7071,0.0000,0.0000,0.0000,0.0000,-0.0000,0.5026,0.5026,0.5026,0.5026,0.0000,0.0000,-9.8633,0.0000,0.0000,0.0000
2439,9.7560,0.0000,-0.0000,-4.9473,0.0000,-0.0000,-4.9685,0.0000,-0.0000,-0.0356,0.7071,0.7071,0.0000,0.0000,0.0000,0.0000,-0.0000,0.5026,0.5026,0.5026,0.5026,0.0000,0.0000,-9.8631,0.0000,0.0000,0.0000
2440,9.7600,0.0000,-0.0000,-4.9474,0.0000,-0.0000,-4.9685,0.0000,-0.0000,-0.0358,0.7071,0.7071,0.0000,0.0000,0.0000,0.0000,-0.0000,0.5026,0.5026,0.5026,0.5026,0.0000,-0.0000,-9.8630,0.0000,0.0000,0.0000
2441,9.7640,0.0000,-0.0000,-4.9476,0.0000,-0.0000,-4.9684,0.0000,-0.0000,-0.0360,0.7071,0.7071,0.0000,0.0000,0.0000,0.0000,-0.0000,0.5026,0.5026,0.5026,0.5026,0.0000,0.0000,-9.8628,0.0000,0.0000,0.0000
2442,9.7680,0.0000,-0.0000,-4.9477,0.0000,-0.0000,-4.9683,0.0000,-0.0000,-0.0362,0.7071,0.7071,0.0000,0.0000,0.0000,0.0000,-0.0000,0.5026,0.5026,0.5026,0.5026,0.0000,0.0000,-9.8627,0.0000,0.0000,0.0000
2443,9.7720,0.0000,-0.0000,-4.9479,0.0000,-0.0000,-4.9683,0.0000,-0.0000,-0.0364,0.7071,0.7071,0.0000,0.0000,0.0000,0.0000,-0.0000,0.5026,0.5026,0.5026,0.5026,0.0000,-0.0000,-9.8626,0.0000,0.0000,0.0000
2444,9.7760,0.0000,-0.0000,-4.9480,0.0000,-0.0000,-4.9682,0.0000,-0.0000,-0.0366,0.7071,0.7071,0.0000,0.0000,0.0000,0.0000,-0.0000,0.5026,0.5026,0.5026,0.5026,0.0000,-0.0000,-9.8624,0.0000,0.0000,0.0000
2445,9.7800,0.0000,-0.0000,-4.9482,0.0000,-0.0000,-4.9681,0.0000,-0.0000,-0.0368,0.7071,0.7071,0.0000,0.0000,0.0000,0.0000,-0.0000,0.5026,0.5026,0.5026,0.5026,0.0000,0.0000,-9.8623,0.0000,0.0000,0.0000
2446,9.7840,0.0000,-0.0000,-4.9483,0.0000,-0.0000,-4.9681,0.0000,-0.0000,-0.0370,0.7071,0.7071,0.0000,0.0000,0.0000,0.0000,-0.0000,0.5026,0.5026,0.5026,0.5026,0.0000,-0.0000,-9.8621,0.0000,0.0000,0.0000
2447,9.7880,0.0000,-0.0000,-4.9485,0.0000,-0.0000,-4.9680,0.0000,-0.0000,-0.0372,0.7071,0.7071,0.0000,0.0000,0.0000,0.0000,-0.0000,0.5026,0.5026,0.5026,0.5026,0.0000,0.0000,-9.8620,0.0000,0.0000,0.0000
2448,9.7920,0.0000,-0.0000,-4.9486,0.0000,-0.0000,-4.9680,0.0000,-0.0000,-0.0374,0.7071,0.7071,0.0000,0.0000,0.0000,0.0000,-0.0000,0.5026,0.5026,0.5026,0.5026,0.0000,-0.0000,-9.8618,0.0000,0.0000,0.0000
2449,9.7960,0.0000,-0.0000,-4.9488,0.0000,-0.0000,-4.9679,0.0000,-0.0000,-0.0377,0.7071,0.7071,0.0000,0.0000,0.0000,0.0000,-0.0000,0.5025,0.5025,0.5025,0.5025,0.0000,-0.0000,-9.8617,0.0000,0.0000,0.0000
2450,9.8000,0.0000,-0.0000,-4.9489,0.0000,-0.0000,-4.9678,0.0000,-0.0000,-0.0379,0.7071,0.7071,0.0000,0.0000,0.0000,0.0000,-0.0000,0.5025,0.5025,0.5025,0.5025,0.0000,0.0000,-9.8615,0.0000,0.0000,0.0000
2451,9.8040,0.0000,-0.0000,-4.9491,0.0000,-0.0000,-4.9678,0.0000,-0.0000,-0.0381,0.7071,0.7071,0.0000,0.0000,0.0000,0.0000,-0.0000,0.5025,0.5025,0.5025,0.5025,0.0000,-0.0000,-9.8614,0.0000,0.0000,0.0000
2452,9.8080,0.0000,-0.0000,-4.9492,0.0000,-0.0000,-4.9677,0.0000,-0.0000,-0.0383,0.7071,0.7071,0.0000,0.0000,0.0000,0.0000,-0.0000,0.5025,0.5025,0.5025,0.5025,0.0000,-0.0000,-9.8612,0.0000,0.0000,0.0000
2453,9.8120,0.0000,-0.0000,-4.9494,0.0000,-0.0000,-4.9677,0.0000,-0.0000,-0.0385,0.7071,0.7071,0.0000,0.0000,0.0000,0.0000,-0.0000,0.5025,0.5025,0.5025,0.5025,0.0000,0.0000,-9.8611,0.0000,0.0000,0.0000
2454,9.8160,0.0000,-0.0000,-4.9495,0.0000,-0.0000,-4.9676,0.0000,-0.0000,-0.0387,0.7071,0.7071,0.0000,0.0000,0.0000,0.0000,-0.0000,0.5025,0.5025,0.5025,0.5025,0.0000,0.0000,-9.8609,0.0000,0.0000,0.0000
2455,9.8200,0.0000,-0.0000,-4.9497,0.0000,-0.0000,-4.9675,0.0000,-0.0000,-0.0389,0.7071,0.7071,0.0000,0.0000,0.0000,0.0000,-0.0000,0.5025,0.5025,0.5025,0.5025,0.0000,0.0000,-9.8608,0.0000,0.0000,0.0000
2456,9.8240,0.0000,-0.0000,-4.9498,0.0000,-0.0000,-4.9675,0.0000,-0.0000,-0.0391,0.7071,0.7071,0.0000,0.0000,0.0000,0.0000,-0.0000,0.5025,0.5025,0.5025,0.5025,0.0000,-0.0000,-9.8606,0.0000,0.0000,0.0000
2457,9.8280,0.0000,-0.0000,-4.9500,0.0000,-0.0000,-4.9674,0.0000,-0.0000,-0.0393,0.7071,0.7071,0.0000,0.0000,0.0000,0.0000,-0.0000,0.5025,0.5025,0.5025,0.5025,0.0000,0.0000,-9.8605,0.0000,0.0000,0.0000
2458,9.8320,0.0000,-0.0000,-4.9502,0.0000,-0.0000,-4.9674,0.0000,-0.0000,-0.0395,0.7071,0.7071,0.0000,0.0000,0.0000,0.0000,-0.0000,0.5025,0.5025,0.5025,0.5025,0.0000,-0.0000,-9.8603,0.0000,0.0000,0.0000
2459,9.8360,0.0000,-0.0000,-4.9503,0.0000,-0.0000,-4.9673,0.0000,-0.0000,-0.0397,0.7071,0.7071,0.0000,0.0000,0.0000,0.0000,-0.0000,0.5025,0.5025,0.5025,0.5025,0.0000,-0.0000,-9.8602,0.0000,0.0000,0.0000
2460,9.8400,0.0000,-0.0000,-4.9505,0.0000,-0.0000,-4.9673,0.0000,-0.0000,-0.0399,0.7071,0.7071,0.0000,0.0000,0.0000,0.0000,-0.0000,0.5025,0.5025,0.5025,0.5025,0.0000,0.0000,-9.8600,0.0000,0.0000,0.0000
2461,9.8440,0.0000,-0.0000,-4.9506,0.0000,-0.0000,-4.9672,0.0000,-0.0000,-0.0401,0.7071,0.7071,0.0000,0.0000,0.0000,0.0000,-0.0000,0.5024,0.5024,0.5024,0.5024,0.0000,0.0000,-9.8598,0.0000,0.0000,0.0000
2462,9.8480,0.0000,-0.0000,-4.9508,0.0000,-0.0000,-4.9672,0.0000,-0.0000,-0.0403,0.7071,0.7071,0.0000,0.0000,0.0000,0.0000,-0.0000,0.5024,0.5024,0.5024,0.5024,0.0000,0.0000,-9.8597,0.0000,0.0000,0.0000
2463,9.8520,0.0000,-0.0000,-4.9510,0.0000,-0.0000,-4.9671,0.0000,-0.0000,-0.0405,0.7071,0.7071,0.0000,0.0000,0.0000,0.0000,-0.0000,0.5024,0.5024,0.5024,0.5024,0.0000,-0.0000,-9.8595,0.0000,0.0000,0.0000
2464,9.8560,0.0000,-0.0000,-4.9511,0.0000,-0.0000,-4.9671,0.0000,-0.0000,-0.0407,0.7071,0.7071,0.0000,0.0000,0.0000,0.0000,-0.0000,0.5024,0.5024,0.5024,0.5024,0.0000,0.0000,-9.8594,0.0000,0.0000,0.0000
2465,9.8600,0.0000,-0.0000,-4.9513,0.0000,-0.0000,-4.9670,0.0000,-0.0000,-0.0409,0.7071,0.7071,0.0000,0.0000,0.0000,0.0000,-0.0000,0.5024,0.5024,0.5024,0.5024,0.0000,0.0000,-9.8592,0.0000,0.0000,0.0000
2466,9.8640,0.0000,-0.0000,-4.9515,0.0000,-0.0000,-4.9669,0.0000,-0.0000,-0.0411,0.7071,0.7071,0.0000,0.0000,0.0000,0.0000,-0.0000,0.5024,0.5024,0.5024,0.5024,0.0000,-0.0000,-9.8590,0.0000,0.0000,0.0000
2467,9.8680,0.0000,-0.0000,-4.9516,0.0000,-0.0000,-4.9669,0.0000,-0.0000,-0.0413,0.7071,0.7071,0.0000,0.0000,0.0000,0.0000,-0.0000,0.5024,0.5024,0.5024,0.5024,0.0000,-0.0000,-9.8589,0.0000,0.0000,0.0000
2468,9.8720,0.0000,-0.0000,-4.9518,0.0000,-0.0000,-4.9668,0.0000,-0.0000,-0.0415,0.7071,0.7071,0.0000,0.0000,0.0000,0.0000,-0.0000,0.5024,0.5024,0.5024,0.5024,0.0000,0.0000,-9.8587,0.0000,0.0000,0.0000
2469,9.8760,0.0000,-0.0000,-4.9520,0.0000,-0.0000,-4.9668,0.0000,-0.0000,-0.0416,0.7071,0.7071,0.0000,0.0000,0.0000,0.0000,-0.0000,0.5024,0.5024,0.5024,0.5024,0.0000,0.0000,-9.8585,0.0000,0.0000,0.0000
2470,9.8800,0.0000,-0.0000,-4.9521,0.0000,-0.0000,-4.9667,0.0000,-0.0000,-0.0418,0.7071,0.7071,0.0000,0.0000,0.0000,0.0000,-0.0000,0.5024,0.5024,0.5024,0.5024,0.0000,-0.0000,-9.8584,0.0000,0.0000,0.0000
2471,9.8840,0.0000,-0.0000,-4.9523,0.0000,-0.0000,-4.9667,0.0000,-0.0000,-0.0420,0.7071,0.7071,0.0000,0.0000,0.0000,0.0000,-0.0000,0.5024,0.5024,0.5024,0.5024,0.0000,0.0000,-9.8582,0.0000,0.0000,0.0000
2472,9.8880,0.0000,-0.0000,-4.9525,0.0000,-0.0000,-4.9666,0.0000,-0.0000,-0.0422,0.7071,0.7071,0.0000,0.0000,0.0000,0.0000,-0.0000,0.5023,0.5023,0.5023,0.5023,0.0000,-0.0000,-9.8580,0.0000,0.0000,0.0000
2473,9.8920,0.0000,-0.0000,-4.9526,0.0000,-0.0000,-4.9666,0.0000,-0.0000,-0.0424,0.7071,0.7071,0.0000,0.0000,0.0000,0.0000,-0.0000,0.5023,0.5023,0.5023,0.5023,0.0000,-0.0000,-9.8579,0.0000,0.0000,0.0000
2474,9.8960,0.0000,-0.0000,-4.9528,0.0000,-0.0000,-4.9666,0.0000,-0.0000,-0.0426,0.7071,0.7071,0.0000,0.0000,0.0000,0.0000,-0.0000,0.5023,0.5023,0.5023,0.5023,0.0000,-0.0000,-9.8577,0.0000,0.0000,0.0000
2475,9.9000,0.0000,-0.0000,-4.9530,0.0000,-0.0000,-4.9665,0.0000,-0.0000,-0.0428,0.7071,0.7071,0.0000,0.0000,0.0000,0.0000,-0.0000,0.5023,0.5023,0.5023,0.5023,0.0000,0.0000,-9.8575,0.0000,0.0000,0.0000
2476,9.9040,0.0000,-0.0000,-4.9531,0.0000,-0.0000,-4.9665,0.0000,-0.0000,-0.0430,0.7071,0.7071,0.0000,0.0000,0.0000,0.0000,-0.0000,0.5023,0.5023,0.5023,0.5023,0.0000,-0.0000,-9.8574,0.0000,0.0000,0.0000
2477,9.9080,0.0000,-0.0000,-4.9533,0.0000,-0.0000,-4.9664,0.0000,-0.0000,-0.0432,0.7071,0.7071,0.0000,0.0000,0.0000,0.0000,-0.0000,0.5023,0.5023,0.5023,0.5023,0.0000,-0.0000,-9.8572,0.0000,0.0000,0.0000
2478,9.9120,0.0000,-0.0000,-4.9535,0.0000,-0.0000,-4.9664,0.0000,-0.0000,-0.0434,0.7071,0.7071,0.0000,0.0000,0.0000,0.0000,-0.0000,0.5023,0.5023,0.5023,0.5023,0.0000,0.0000,-9.8570,0.0000,0.0000,0.0000
2479,9.9160,0.0000,-0.0000,-4.9537,0.0000,-0.0000,-4.9663,0.0000,-0.0000,-0.0435,0.7071,0.7071,0.0000,0.0000,0.0000,0.0000,-0.0000,0.5023,0.5023,0.5023,0.5023,0.0000,0.0000,-9.8569,0.0000,0.0000,0.0000
2480,9.9200,0.0000,-0.0000,-4.9538,0.0000,-0.0000,-4.9663,0.0000,-0.0000,-0.0437,0.7071,0.7071,0.0000,0.0000,0.0000,0.0000,-0.0000,0.5023,0.5023,0.5023,0.5023,0.0000,-0.0000,-9.8567,0.0000,0.0000,0.0000
2481,9.9240,0.0000,-0.0000,-4.9540,0.0000,-0.0000,-4.9662,0.0000,-0.0000,-0.0439,0.7071,0.7071,0.0000,0.0000,0.0000,0.0000,-0.0000,0.5023,0.5023,0.5023,0.5023,0.0000,-0.0000,-9.8565,0.0000,0.0000,0.0000
2482,9.9280,0.0000,-0.0000,-4.9542,0.0000,-0.0000,-4.9662,0.0000,-0.0000,-0.0441,0.7071,0.7071,0.0000,0.0000,0.0000,0.0000,-0.0000,0.5023,0.5023,0.5023,0.5023,0.0000,0.0000,-9.8563,0.0000,0.0000,0.0000
2483,9.9320,0.0000,-0.0000,-4.9544,0.0000,-0.0000,-4.9662,0.0000,-0.0000,-0.0443,0.7071,0.7071,0.0000,0.0000,0.0000,0.0000,-0.0000,0.5022,0.5022,0.5022,0.5022,0.0000,0.0000,-9.8562,0.0000,0.0000,0.0000
2484,9.9360,0.0000,-0.0000,-4.9545,0.0000,-0.0000,-4.9661,0.0000,-0.0000,-0.0445,0.7071,0.7071,0.0000,0.0000,0.0000,0.0000,-0.0000,0.5022,0.5022,0.5022,0.5022,0.0000,-0.0000,-9.8560,0.0000,0.0000,0.0000
2485,9.9400,0.0000,-0.0000,-4.9547,0.0000,-0.0000,-4.9661,0.0000,-0.0000,-0.0446,0.7071,0.7071,0.0000,0.0000,0.0000,0.0000,-0.0000,0.5022,0.5022,0.5022,0.5022,0.0000,0.0000,-9.8558,0.0000,0.0000,0.0000
2486,9.9440,0.0000,-0.0000,-4.9549,0.0000,-0.0000,-4.9660,0.0000,-0.0000,-0.0448,0.7071,0.7071,0.0000,0.0000,0.0000,0.0000,-0.0000,0.5022,0.5022,0.5022,0.5022,0.0000,-0.0000,-9.8556,0.0000,0.0000,0.0000
2487,9.9480,0.0000,-0.0000,-4.9551,0.0000,-0.0000,-4.9660,0.0000,-0.0000,-0.0450,0.7071,0.7071,0.0000,0.0000,0.0000,0.0000,-0.0000,0.5022,0.5022,0.5022,0.5022,0.0000,0.0000,-9.8555,0.0000,0.0000,0.0000
2488,9.9520,0.0000,-0.0000,-4.9553,0.0000,-0.0000,-4.9659,0.0000,-0.0000,-0.0452,0.7071,0.7071,0.0000,0.0000,0.0000,0.0000,-0.0000,0.5022,0.5022,0.5022,0.5022,0.0000,-0.0000,-9.8553,0.0000,0.0000,0.0000
2489,9.9560,0.0000,-0.0000,-4.9554,0.0000,-0.0000,-4.9659,0.0000,-0.0000,-0.0454,0.7071,0.7071,0.0000,0.0000,0.0000,0.0000,-0.0000,0.5022,0.5022,0.5022,0.5022,0.0000,-0.0000,-9.8551,0.0000,0.0000,0.0000
2490,9.9600,0.0000,-0.0000,-4.9556,0.0000,-0.0000,-4.9659,0.0000,-0.0000,-0.0456,0.7071,0.7071,0.0000,0.0000,0.0000,0.0000,-0.0000,0.5022,0.5022,0.5022,0.5022,0.0000,-0.0000,-9.8549,0.0000,0.0000,0.0000
2491,9.9640,0.0000,-0.0000,-4.9558,0.0000,-0.0000,-4.9658,0.0000,-0.0000,-0.0457,0.7071,0.7071,0.0000,0.0000,0.0000,0.0000,-0.0000,0.5022,0.5022,0.5022,0.5022,0.0000,0.0000,-9.8547,0.0000,0.0000,0.0000
2492,9.9680,0.0000,-0.0000,-4.9560,0.0000,-0.0000,-4.9658,0.0000,-0.0000,-0.0459,0.7071,0.7071,0.0000,0.0000,0.0000,0.0000,-0.0000,0.5022,0.5022,0.5022,0.5022,0.0000,-0.0000,-9.8546,0.0000,0.0000,0.0000
2493,9.9720,0.0000,-0.0000,-4.9562,0.0000,-0.0000,-4.9658,0.0000,-0.0000,-0.0461,0.7071,0.7071,0.0000,0.0000,0.0000,0.0000,-0.0000,0.5022,0.5022,0.5022,0.5022,0.0000,0.0000,-9.8544,0.0000,0.0000,0.0000
2494,9.9760,0.0000,-0.0000,-4.9564,0.0000,-0.0000,-4.9657,0.0000,-0.0000,-0.0463,0.7071,0.7071,0.0000,0.0000,0.0000,0.0000,-0.0000,0.5021,0.5021,0.5021,0.5021,0.0000,0.0000,-9.8542,0.0000,0.0000,0.0000
2495,9.9800,0.0000,-0.0000,-4.9565,0.0000,-0.0000,-4.9657,0.0000,-0.0000,-0.0464,0.7071,0.7071,0.0000,0.0000,0.0000,0.0000,-0.0000,0.5021,0.5021,0.5021,0.5021,0.0000,0.0000,-9.8540,0.0000,0.0000,0.0000
2496,9.9840,0.0000,-0.0000,-4.9567,0.0000,-0.0000,-4.9656,0.0000,-0.0000,-0.0466,0.7071,0.7071,0.0000,0.0000,0.0000,0.0000,-0.0000,0.5021,0.5021,0.5021,0.5021,0.0000,0.0000,-9.8538,0.0000,0.0000,0.0000
2497,9.9880,0.0000,-0.0000,-4.9569,0.0000,-0.0000,-4.9656,0.0000,-0.0000,-0.0468,0.7071,0.7071,0.0000,0.0000,0.0000,0.0000,-0.0000,0.5021,0.5021,0.5021,0.5021,0.0000,0.0000,-9.8536,0.0000,0.0000,0.0000
2498,9.9920,0.0000,-0.0000,-4.9571,0.0000,-0.0000,-4.9656,0.0000,-0.0000,-0.0470,0.7071,0.7071,0.0000,0.0000,0.0000,0.0000,-0.0000,0.5021,0.5021,0.5021,0.5021,0.0000,0.0000,-9.8534,0.0000,0.0000,0.0000
2499,9.9960,0.0000,-0.0000,-4.9573,0.0000,-0.0000,-4.9655,0.0000,-0.0000,-0.0471,0.7071,0.7071,0.0000,0.0000,0.0000,0.0000,-0.0000,0.5021,0.5021,0.5021,0.5021,0.0000,0.0000,-9.8533,0.0000,0.0000,0.0000
2500,10.0000,0.0000,-0.0000,-4.9575,0.0000,-0.0000,-4.9655,0.0000,-0.0000,-0.0473,0.7071,0.7071,0.0000,0.0000,0.0000,0.0000,-0.0000,0.5021,0.5021,0.5021,0.5021,0.0000,0.0000,-9.8531,0.0000,0.0000,0.0000
